timestamp,hour,direction,period,speed_kmh
2026-09-03 16:20:25,16,W,Peak,17.965323704893134
2026-09-15 01:08:19,1,W,Non-Peak,23.93491355024183
2025-09-21 16:11:41,16,N,Peak,0.0
2026-09-26 20:07:00,20,S,Non-Peak,24.04511594249546
2026-09-10 09:56:41,9,S,Non-Peak,27.8956898734294
2026-09-20 22:04:43,22,N,Non-Peak,29.605838411115496
2026-09-12 19:47:16,19,S,Non-Peak,26.25007918170349
2025-09-02 18:12:06,18,N,Non-Peak,0.0
2026-09-28 22:01:51,22,W,Non-Peak,21.103720272089863
2026-09-26 01:46:11,1,E,Non-Peak,29.1011484633957
2026-09-29 10:16:40,10,E,Non-Peak,26.7515553503588
2026-09-07 15:48:32,15,E,Non-Peak,22.08986475980276
2026-09-04 15:19:51,15,S,Non-Peak,21.033681964791857
2026-09-17 05:23:00,5,N,Non-Peak,28.80705993878683
2026-09-11 03:34:17,3,E,Non-Peak,24.514120495492
2026-09-21 17:59:35,17,N,Peak,18.407673899544044
2026-09-13 07:27:17,7,S,Non-Peak,22.050247307315527
2026-09-22 06:15:23,6,S,Non-Peak,23.677621653843783
2026-09-18 12:58:19,12,S,Non-Peak,29.020232394619327
2026-09-08 08:31:00,8,E,Non-Peak,28.0158939949767
2026-09-08 07:33:21,7,E,Non-Peak,22.12252881684369
2026-09-05 09:39:11,9,W,Non-Peak,20.95422683390029
2026-09-06 05:34:02,5,N,Non-Peak,20.805396343840297
2026-09-01 17:59:12,17,W,Peak,19.5274039904261
2026-09-24 06:13:50,6,E,Non-Peak,28.15922232391489
2026-09-20 02:24:15,2,W,Non-Peak,22.69846587071124
2026-09-09 16:09:12,16,S,Peak,16.533695587956778
2026-09-14 19:37:52,19,E,Non-Peak,27.778292102645867
2026-09-02 08:56:45,8,N,Non-Peak,23.40594267971897
2026-09-15 04:24:02,4,W,Non-Peak,20.46529004031836
2025-09-23 18:20:11,18,N,Non-Peak,0.0
2025-09-13 17:41:18,17,N,Peak,0.0
2025-09-15 18:08:33,18,N,Non-Peak,0.0
2026-09-19 21:36:10,21,W,Non-Peak,28.35734287212563
2026-09-26 18:26:49,18,N,Non-Peak,22.78765352836565
2026-09-07 19:38:28,19,N,Non-Peak,23.49778956666883
2026-09-25 20:32:17,20,E,Non-Peak,20.367303823271826
2025-09-12 18:26:14,18,N,Non-Peak,0.0
2025-09-15 17:59:39,17,N,Peak,0.0
2026-09-07 21:58:09,21,E,Non-Peak,28.716792229067675
2026-09-22 06:02:05,6,W,Non-Peak,24.25290698673045
2026-09-19 12:38:28,12,E,Non-Peak,28.749389119304457
2025-09-04 16:43:05,16,N,Peak,0.0
2026-09-26 01:27:15,1,S,Non-Peak,26.96378326023708
2026-09-17 14:53:24,14,S,Non-Peak,22.3593713004106
2026-09-20 06:36:56,6,E,Non-Peak,20.510775391316827
2026-09-14 17:46:18,17,N,Peak,11.794786203105897
2026-09-18 01:33:20,1,E,Non-Peak,25.865717571253565
2026-09-05 12:26:24,12,S,Non-Peak,29.69618608103015
2026-09-12 03:58:41,3,W,Non-Peak,29.455308498306263
2025-09-30 16:56:01,16,N,Peak,0.0
2026-09-26 03:55:41,3,E,Non-Peak,21.397207478688824
2026-09-17 14:59:53,14,S,Non-Peak,22.04201980619436
2026-09-08 17:25:51,17,E,Peak,12.12678294413178
2026-09-14 23:58:58,23,S,Non-Peak,22.938567836992963
2026-09-26 09:00:02,9,W,Non-Peak,29.908323609148876
2026-09-02 09:35:28,9,S,Non-Peak,22.939283514728903
2025-09-21 17:41:44,17,N,Peak,0.0
2026-09-05 07:43:59,7,E,Non-Peak,22.29368668182025
2026-09-06 17:34:02,17,W,Peak,14.158364883888238
2025-09-19 17:22:33,17,N,Peak,0.0
2026-09-02 20:29:02,20,E,Non-Peak,20.655917812290436
2026-09-27 12:56:56,12,S,Non-Peak,23.20964187191964
2026-09-21 05:06:17,5,E,Non-Peak,22.15123115715973
2026-09-24 00:42:57,0,N,Non-Peak,25.04813872017836
2026-09-05 19:03:56,19,S,Non-Peak,26.788370598919595
2025-09-05 18:28:31,18,N,Non-Peak,0.0
2026-09-13 02:50:21,2,E,Non-Peak,27.02847213374272
2026-09-09 06:45:56,6,S,Non-Peak,29.702987874296145
2026-09-20 08:30:49,8,W,Non-Peak,26.66324749664232
2025-09-28 18:46:20,18,N,Non-Peak,0.0
2026-09-16 09:00:22,9,E,Non-Peak,27.64050571396844
2026-09-21 05:56:51,5,E,Non-Peak,21.512537839201705
2026-09-12 23:29:02,23,E,Non-Peak,29.214678474413773
2026-09-15 11:58:39,11,E,Non-Peak,28.987612968286264
2026-09-10 03:48:44,3,E,Non-Peak,24.024056038556868
2026-09-17 15:10:48,15,W,Non-Peak,26.19880892270833
2025-09-15 16:32:49,16,N,Peak,0.0
2026-09-12 06:33:25,6,E,Non-Peak,29.16998389332713
2025-09-30 17:22:50,17,N,Peak,0.0
2026-09-19 22:10:10,22,W,Non-Peak,23.604099833423348
2026-09-05 18:23:51,18,N,Non-Peak,26.22249029976498
2026-09-13 07:52:16,7,W,Non-Peak,23.955151471520757
2025-09-24 18:01:11,18,N,Non-Peak,0.0
2026-09-11 07:51:37,7,E,Non-Peak,23.291307281584007
2026-09-09 21:35:03,21,N,Non-Peak,25.004722318227344
2025-09-20 18:26:57,18,N,Non-Peak,0.0
2026-09-23 12:41:51,12,S,Non-Peak,22.07777114801137
2026-09-28 16:09:46,16,N,Peak,17.700306500272262
2026-09-15 12:01:09,12,S,Non-Peak,21.740762172345736
2026-09-25 05:02:17,5,N,Non-Peak,22.073226990120048
2025-09-01 18:45:22,18,N,Non-Peak,0.0
2025-09-02 16:35:48,16,N,Peak,0.0
2026-09-26 21:42:13,21,E,Non-Peak,23.01038495797792
2025-09-27 18:31:25,18,N,Non-Peak,0.0
2026-09-16 22:44:07,22,S,Non-Peak,21.622026051939685
2025-09-05 18:30:41,18,N,Non-Peak,0.0
2025-09-27 17:12:00,17,N,Peak,0.0
2026-09-29 13:25:13,13,N,Non-Peak,21.38616504277364
2026-09-08 02:08:47,2,W,Non-Peak,21.00933753648357
2026-09-27 21:11:24,21,W,Non-Peak,25.183265551013392
2026-09-18 03:40:54,3,W,Non-Peak,22.846359415712733
2026-09-27 04:55:48,4,W,Non-Peak,28.5859297183666
2025-09-20 16:09:26,16,N,Peak,0.0
2026-09-05 00:29:14,0,S,Non-Peak,26.770291987346745
2026-09-27 12:57:21,12,N,Non-Peak,25.043633414499283
2026-09-03 09:17:28,9,W,Non-Peak,23.3138544113126
2025-09-09 16:25:54,16,N,Peak,0.0
2025-09-30 18:31:24,18,N,Non-Peak,0.0
2025-09-04 17:48:30,17,N,Peak,0.0
2026-09-11 22:55:31,22,N,Non-Peak,21.281421794566462
2026-09-08 03:12:39,3,E,Non-Peak,23.27471292604813
2025-09-08 18:01:00,18,N,Non-Peak,0.0
2026-09-09 13:23:05,13,S,Non-Peak,24.72082804683463
2026-09-20 03:51:36,3,E,Non-Peak,22.088945736237104
2026-09-06 05:13:05,5,S,Non-Peak,29.103410715650558
2026-09-20 12:52:48,12,N,Non-Peak,28.406460140987136
2026-09-01 15:18:38,15,W,Non-Peak,21.48016441580865
2026-09-23 01:42:13,1,E,Non-Peak,28.62862707926424
2025-09-08 17:51:45,17,N,Peak,0.0
2026-09-05 10:32:34,10,S,Non-Peak,28.46388168289381
2026-09-02 18:05:40,18,S,Non-Peak,27.423636510247444
2026-09-12 12:58:37,12,E,Non-Peak,21.2601008805792
2026-09-05 16:58:37,16,W,Peak,17.06693312698329
2026-09-24 18:50:02,18,N,Non-Peak,29.06064098026745
2026-09-02 03:50:19,3,N,Non-Peak,25.99901377579913
2026-09-29 06:09:36,6,W,Non-Peak,26.270560228824305
2026-09-30 03:17:40,3,W,Non-Peak,21.451444725984437
2026-09-17 18:59:43,18,E,Non-Peak,21.66477868368166
2025-09-30 16:34:52,16,N,Peak,0.0
2026-09-24 22:39:19,22,W,Non-Peak,22.491076511953235
2026-09-16 02:29:00,2,N,Non-Peak,20.79064229341443
2026-09-30 10:45:10,10,W,Non-Peak,29.50452085165586
2026-09-16 11:21:51,11,N,Non-Peak,22.840134157103403
2026-09-25 20:18:17,20,N,Non-Peak,28.169395570939923
2026-09-24 13:08:57,13,E,Non-Peak,26.571690993726232
2025-09-15 17:42:00,17,N,Peak,0.0
2026-09-22 10:36:41,10,S,Non-Peak,27.77152519688147
2025-09-26 18:56:00,18,N,Non-Peak,0.0
2025-09-26 18:06:01,18,N,Non-Peak,0.0
2025-09-12 17:45:18,17,N,Peak,0.0
2026-09-22 21:22:30,21,N,Non-Peak,21.424675861586223
2026-09-28 07:49:23,7,E,Non-Peak,26.699051316795668
2025-09-24 18:46:52,18,N,Non-Peak,0.0
2026-09-18 21:58:30,21,N,Non-Peak,21.43352585565207
2026-09-20 09:32:42,9,N,Non-Peak,21.20737320673926
2026-09-19 19:03:00,19,E,Non-Peak,25.648451888711783
2025-09-10 18:33:27,18,N,Non-Peak,0.0
2026-09-12 16:55:27,16,N,Peak,13.153215687831992
2025-09-21 17:23:44,17,N,Peak,0.0
2025-09-19 16:40:57,16,N,Peak,0.0
2026-09-02 12:37:36,12,S,Non-Peak,20.05440338075297
2025-09-28 17:46:26,17,N,Peak,0.0
2026-09-26 06:47:04,6,N,Non-Peak,28.422891541863923
2025-09-16 17:01:28,17,N,Peak,0.0
2026-09-03 20:01:46,20,E,Non-Peak,26.14810768546289
2026-09-02 22:17:57,22,S,Non-Peak,25.79905966033668
2026-09-15 09:49:44,9,S,Non-Peak,29.361264554838108
2025-09-09 18:34:57,18,N,Non-Peak,0.0
2025-09-02 18:38:42,18,N,Non-Peak,0.0
2026-09-12 19:12:29,19,W,Non-Peak,21.101101355943893
2025-09-13 18:53:23,18,N,Non-Peak,0.0
2026-09-05 17:30:31,17,N,Peak,17.3929073584653
2025-09-20 17:39:02,17,N,Peak,0.0
2025-09-03 17:50:03,17,N,Peak,0.0
2025-09-24 18:02:32,18,N,Non-Peak,0.0
2026-09-14 22:34:33,22,S,Non-Peak,25.289272283265262
2026-09-26 04:46:10,4,N,Non-Peak,28.757576459927314
2025-09-11 16:14:34,16,N,Peak,0.0
2026-09-13 04:22:14,4,E,Non-Peak,26.259574550282395
2026-09-22 00:36:51,0,N,Non-Peak,25.440850793643968
2026-09-16 00:57:48,0,W,Non-Peak,25.11022609024064
2026-09-15 04:26:16,4,S,Non-Peak,22.35597057445212
2026-09-12 13:36:51,13,S,Non-Peak,27.92680552786902
2026-09-15 09:09:50,9,E,Non-Peak,25.987407735066395
2026-09-30 03:16:49,3,W,Non-Peak,22.9295079106965
2025-09-28 16:46:32,16,N,Peak,0.0
2025-09-02 18:40:37,18,N,Non-Peak,0.0
2026-09-13 11:55:22,11,S,Non-Peak,28.483251554056903
2026-09-25 00:13:52,0,N,Non-Peak,28.289693662827357
2026-09-23 19:03:31,19,N,Non-Peak,21.475160291886542
2026-09-12 03:51:39,3,N,Non-Peak,27.23686627716776
2025-09-05 17:22:08,17,N,Peak,0.0
2026-09-13 15:41:51,15,N,Non-Peak,23.13692128833077
2026-09-20 01:06:27,1,N,Non-Peak,24.307851183195314
2026-09-13 10:35:01,10,N,Non-Peak,27.40106167300868
2026-09-03 22:32:49,22,S,Non-Peak,25.21962625012006
2025-09-23 16:25:19,16,N,Peak,0.0
2025-09-30 18:47:40,18,N,Non-Peak,0.0
2025-09-16 16:35:13,16,N,Peak,0.0
2026-09-18 19:51:17,19,S,Non-Peak,21.068874903403696
2026-09-05 07:06:48,7,S,Non-Peak,25.383221498965437
2026-09-03 19:39:39,19,E,Non-Peak,27.177604018028852
2026-09-11 17:26:49,17,N,Peak,14.119398709409598
2026-09-08 14:49:52,14,S,Non-Peak,29.857724091617047
2026-09-17 16:40:23,16,S,Peak,17.70395645185237
2025-09-29 18:29:00,18,N,Non-Peak,0.0
2025-09-11 17:47:05,17,N,Peak,0.0
2026-09-02 10:14:52,10,S,Non-Peak,22.35139332881081
2026-09-05 03:16:14,3,S,Non-Peak,21.45161778988217
2026-09-26 18:42:32,18,W,Non-Peak,20.987474201435603
2026-09-12 21:38:28,21,W,Non-Peak,21.451875394600066
2026-09-21 01:19:40,1,E,Non-Peak,27.97852768149212
2026-09-08 21:04:53,21,S,Non-Peak,26.268280830165157
2026-09-21 03:11:39,3,S,Non-Peak,29.465623247620712
2026-09-01 11:46:12,11,E,Non-Peak,27.30683608702461
2026-09-24 03:22:51,3,W,Non-Peak,24.1618291253026
2026-09-22 13:04:52,13,N,Non-Peak,29.25755445926049
2025-09-18 17:07:13,17,N,Peak,0.0
2026-09-02 21:11:05,21,N,Non-Peak,24.12216622831874
2026-09-30 21:48:07,21,E,Non-Peak,20.98152298782533
2026-09-12 03:50:58,3,E,Non-Peak,20.979224952573745
2026-09-13 10:15:04,10,W,Non-Peak,28.434974169930975
2025-09-24 18:41:06,18,N,Non-Peak,0.0
2026-09-17 23:24:01,23,N,Non-Peak,21.455056071800996
2026-09-15 08:34:19,8,N,Non-Peak,25.447286067725504
2026-09-03 20:41:57,20,N,Non-Peak,29.24833072256694
2025-09-01 18:07:23,18,N,Non-Peak,0.0
2025-09-15 16:32:58,16,N,Peak,0.0
2026-09-02 03:18:18,3,N,Non-Peak,29.53919293792893
2026-09-16 00:15:56,0,N,Non-Peak,24.10167296174668
2026-09-16 02:18:40,2,N,Non-Peak,25.89541420397193
2026-09-03 02:28:43,2,E,Non-Peak,29.03598818478205
2026-09-02 04:48:12,4,E,Non-Peak,25.24695192997851
2026-09-19 00:35:26,0,E,Non-Peak,29.23714158763765
2026-09-01 12:48:59,12,S,Non-Peak,23.94328903698282
2026-09-15 14:52:16,14,E,Non-Peak,25.195115483219386
2026-09-22 05:26:06,5,S,Non-Peak,24.47343027266521
2026-09-29 01:14:08,1,S,Non-Peak,24.73143720208393
2025-09-07 16:17:37,16,N,Peak,0.0
2026-09-25 20:20:10,20,E,Non-Peak,22.38118404397048
2025-09-15 16:14:34,16,N,Peak,0.0
2026-09-24 03:12:58,3,E,Non-Peak,27.152782221624364
2025-09-07 16:57:20,16,N,Peak,0.0
2025-09-06 18:33:18,18,N,Non-Peak,0.0
2026-09-06 14:12:03,14,W,Non-Peak,26.36630146395586
2026-09-26 04:52:16,4,E,Non-Peak,23.75611247076774
2025-09-07 18:45:08,18,N,Non-Peak,0.0
2026-09-06 10:18:17,10,S,Non-Peak,25.081241578707196
2026-09-13 18:30:12,18,S,Non-Peak,20.524872087624384
2026-09-17 03:21:19,3,S,Non-Peak,20.88619073000132
2026-09-21 21:16:11,21,W,Non-Peak,22.76096946884247
2026-09-17 04:27:25,4,W,Non-Peak,27.58844485770196
2026-09-22 17:02:36,17,N,Peak,10.409210728886318
2026-09-07 18:05:00,18,W,Non-Peak,24.15675929766323
2026-09-21 13:15:19,13,W,Non-Peak,28.04819036932266
2026-09-23 18:23:09,18,N,Non-Peak,28.72819089477523
2026-09-17 00:38:22,0,S,Non-Peak,25.29910768127881
2025-09-30 17:33:21,17,N,Peak,0.0
2026-09-29 08:02:19,8,S,Non-Peak,22.18010477365727
2026-09-16 07:25:12,7,N,Non-Peak,23.977666355762285
2026-09-21 16:10:20,16,E,Peak,14.412901749905863
2025-09-30 18:08:47,18,N,Non-Peak,0.0
2026-09-22 17:33:31,17,S,Peak,17.2290475928955
2025-09-13 18:51:50,18,N,Non-Peak,0.0
2026-09-26 23:18:04,23,E,Non-Peak,21.84998284085343
2026-09-12 11:26:04,11,S,Non-Peak,20.024876581565334
2026-09-17 11:51:08,11,E,Non-Peak,26.02799963299748
2026-09-12 16:29:23,16,W,Peak,14.079313653445302
2026-09-04 05:38:12,5,N,Non-Peak,27.59965184127477
2026-09-20 10:02:15,10,E,Non-Peak,29.922806409599552
2025-09-16 17:18:35,17,N,Peak,0.0
2026-09-24 07:55:13,7,E,Non-Peak,27.26441301315256
2025-09-24 17:33:36,17,N,Peak,0.0
2026-09-23 06:52:54,6,S,Non-Peak,29.946164486306824
2025-09-12 18:09:21,18,N,Non-Peak,0.0
2026-09-28 02:18:30,2,S,Non-Peak,20.258360041005
2026-09-20 15:10:14,15,W,Non-Peak,24.86765568966978
2025-09-22 18:43:58,18,N,Non-Peak,0.0
2026-09-18 16:17:51,16,N,Peak,17.130357125659327
2026-09-15 06:52:52,6,W,Non-Peak,29.958485589479125
2026-09-01 23:19:18,23,E,Non-Peak,25.77698551551201
2026-09-13 19:02:13,19,N,Non-Peak,21.092642056257564
2026-09-08 04:30:24,4,E,Non-Peak,28.223604116982205
2026-09-24 14:01:33,14,E,Non-Peak,25.27449700817355
2026-09-15 05:07:47,5,N,Non-Peak,27.962034954326924
2026-09-04 02:09:16,2,S,Non-Peak,28.160443989974908
2026-09-03 18:50:40,18,E,Non-Peak,29.68341001717053
2025-09-16 18:10:28,18,N,Non-Peak,0.0
2026-09-23 01:41:00,1,E,Non-Peak,24.77278659231017
2026-09-09 02:47:14,2,W,Non-Peak,28.828233336096904
2026-09-13 15:12:56,15,E,Non-Peak,28.470560381054295
2026-09-16 07:35:29,7,N,Non-Peak,29.896875338791297
2025-09-11 18:10:18,18,N,Non-Peak,0.0
2026-09-03 06:02:43,6,E,Non-Peak,28.415350877756808
2026-09-24 03:55:28,3,W,Non-Peak,24.17027246238252
2025-09-24 17:48:00,17,N,Peak,0.0
2026-09-09 10:42:44,10,W,Non-Peak,21.239686975170343
2025-09-16 16:58:49,16,N,Peak,0.0
2025-09-08 18:32:01,18,N,Non-Peak,0.0
2025-09-16 18:37:44,18,N,Non-Peak,0.0
2026-09-11 04:46:34,4,N,Non-Peak,21.360528362902016
2026-09-10 16:55:59,16,W,Peak,12.098202487673348
2026-09-02 22:59:36,22,W,Non-Peak,23.07960968673389
2025-09-22 18:47:33,18,N,Non-Peak,0.0
2025-09-28 18:01:46,18,N,Non-Peak,0.0
2026-09-26 14:46:28,14,E,Non-Peak,28.855609659801477
2026-09-06 10:40:29,10,N,Non-Peak,22.93894941105023
2026-09-22 11:55:14,11,E,Non-Peak,28.164550234667757
2026-09-29 19:07:22,19,E,Non-Peak,28.4129832231025
2026-09-19 16:55:51,16,E,Peak,12.301358159690905
2026-09-01 20:56:15,20,N,Non-Peak,24.202206304944458
2026-09-10 20:02:22,20,W,Non-Peak,21.19096879228684
2026-09-03 10:36:33,10,E,Non-Peak,21.668821160606097
2025-09-10 18:27:11,18,N,Non-Peak,0.0
2026-09-13 07:17:06,7,S,Non-Peak,27.373516776101432
2026-09-08 23:33:22,23,W,Non-Peak,28.58440013492932
2026-09-14 05:11:27,5,S,Non-Peak,27.53724640743698
2026-09-29 05:27:19,5,W,Non-Peak,26.68894472840779
2025-09-16 16:31:25,16,N,Peak,0.0
2026-09-08 14:47:45,14,S,Non-Peak,26.800414058892336
2026-09-03 19:21:10,19,N,Non-Peak,29.52533852619577
2026-09-26 00:31:32,0,E,Non-Peak,25.946614567034104
2026-09-15 06:46:09,6,S,Non-Peak,29.239622088633
2025-09-28 18:19:50,18,N,Non-Peak,0.0
2026-09-26 20:08:35,20,N,Non-Peak,23.327150913522345
2026-09-17 10:21:55,10,N,Non-Peak,20.534755673007933
2026-09-08 05:53:47,5,S,Non-Peak,25.74551999571241
2025-09-09 16:11:24,16,N,Peak,0.0
2025-09-29 18:24:23,18,N,Non-Peak,0.0
2025-09-03 18:04:49,18,N,Non-Peak,0.0
2026-09-19 07:24:39,7,N,Non-Peak,27.86716246633937
2026-09-26 02:49:29,2,S,Non-Peak,26.05589374981368
2025-09-19 18:22:01,18,N,Non-Peak,0.0
2026-09-04 05:26:37,5,W,Non-Peak,24.26443116644708
2025-09-02 18:36:53,18,N,Non-Peak,0.0
2026-09-25 18:31:12,18,W,Non-Peak,21.513084462826757
2026-09-20 20:24:23,20,W,Non-Peak,29.82623772457478
2025-09-01 17:24:07,17,N,Peak,0.0
2025-09-05 17:37:14,17,N,Peak,0.0
2026-09-27 03:37:11,3,W,Non-Peak,24.830887469683542
2026-09-15 21:17:15,21,S,Non-Peak,20.529329240587163
2026-09-09 18:00:23,18,S,Non-Peak,28.743826415161443
2025-09-19 18:10:11,18,N,Non-Peak,0.0
2025-09-08 18:36:34,18,N,Non-Peak,0.0
2025-09-13 17:42:57,17,N,Peak,0.0
2026-09-07 18:28:54,18,W,Non-Peak,27.777885202256584
2026-09-10 14:01:08,14,E,Non-Peak,29.72959113505925
2026-09-03 00:44:54,0,S,Non-Peak,24.25878478079982
2026-09-20 12:54:34,12,E,Non-Peak,26.31200994587811
2026-09-27 22:40:51,22,W,Non-Peak,21.736315364317807
2026-09-09 11:55:27,11,W,Non-Peak,23.821233077442777
2026-09-05 11:06:55,11,E,Non-Peak,29.94336455984442
2026-09-23 12:48:07,12,S,Non-Peak,27.498633264859293
2025-09-28 16:16:27,16,N,Peak,0.0
2026-09-28 03:57:09,3,W,Non-Peak,29.422577794931662
2025-09-16 17:39:02,17,N,Peak,0.0
2026-09-07 03:24:57,3,S,Non-Peak,22.23246854475888
2026-09-19 05:42:52,5,N,Non-Peak,26.86076134327165
2026-09-27 14:52:42,14,E,Non-Peak,24.9772030072076
2025-09-24 17:50:35,17,N,Peak,0.0
2026-09-21 01:53:18,1,E,Non-Peak,22.66465914929876
2026-09-13 09:56:22,9,S,Non-Peak,22.503923820843863
2026-09-15 01:04:55,1,W,Non-Peak,21.367048736046968
2026-09-21 15:37:33,15,E,Non-Peak,26.13971820053952
2026-09-08 10:52:22,10,E,Non-Peak,20.158693863039176
2026-09-27 03:57:12,3,S,Non-Peak,21.824814530150164
2025-09-03 16:33:11,16,N,Peak,0.0
2026-09-25 09:14:30,9,N,Non-Peak,20.920127249709207
2026-09-28 19:59:56,19,E,Non-Peak,23.684839057136656
2026-09-12 00:33:07,0,S,Non-Peak,27.876899969322974
2026-09-07 10:09:43,10,N,Non-Peak,20.576425563013217
2026-09-02 00:28:22,0,S,Non-Peak,28.152215676272995
2025-09-18 18:09:53,18,N,Non-Peak,0.0
2026-09-09 01:38:42,1,N,Non-Peak,20.429443221470034
2026-09-01 03:37:12,3,E,Non-Peak,20.360610561158
2025-09-15 17:03:32,17,N,Peak,0.0
2026-09-25 06:37:57,6,E,Non-Peak,26.071801530856497
2025-09-30 18:28:20,18,N,Non-Peak,0.0
2026-09-18 16:23:02,16,W,Peak,19.79361655930052
2026-09-11 04:43:43,4,W,Non-Peak,28.876797502129484
2026-09-16 18:51:21,18,S,Non-Peak,20.697518964263
2026-09-04 10:32:19,10,S,Non-Peak,26.63190115155162
2026-09-21 02:50:41,2,W,Non-Peak,27.08497412006341
2025-09-16 17:16:50,17,N,Peak,0.0
2026-09-15 11:20:34,11,E,Non-Peak,23.6416940482798
2025-09-12 17:15:11,17,N,Peak,0.0
2026-09-24 18:05:01,18,S,Non-Peak,27.45936430234569
2025-09-10 16:00:59,16,N,Peak,0.0
2026-09-28 12:41:06,12,W,Non-Peak,21.99249669477893
2026-09-28 05:26:44,5,S,Non-Peak,21.82967694034859
2026-09-10 07:40:00,7,W,Non-Peak,29.75742745089348
2026-09-07 03:03:42,3,N,Non-Peak,29.34142928483548
2025-09-03 18:23:59,18,N,Non-Peak,0.0
2026-09-15 03:59:30,3,W,Non-Peak,26.293289948348267
2025-09-22 18:52:17,18,N,Non-Peak,0.0
2026-09-03 11:56:49,11,E,Non-Peak,24.97166120406451
2025-09-04 16:28:47,16,N,Peak,0.0
2025-09-05 17:31:11,17,N,Peak,0.0
2026-09-29 06:01:37,6,E,Non-Peak,26.63466737790196
2025-09-22 16:05:39,16,N,Peak,0.0
2025-09-29 16:42:46,16,N,Peak,0.0
2025-09-10 17:38:40,17,N,Peak,0.0
2025-09-02 17:40:06,17,N,Peak,0.0
2026-09-13 08:28:42,8,E,Non-Peak,26.249940747466017
2026-09-12 21:15:53,21,W,Non-Peak,20.548661183822983
2026-09-20 04:43:45,4,N,Non-Peak,22.402979915679666
2026-09-14 19:55:26,19,N,Non-Peak,29.340110330801892
2026-09-14 11:54:13,11,E,Non-Peak,21.157864014592395
2026-09-07 22:36:27,22,N,Non-Peak,22.639040534726217
2025-09-01 16:50:59,16,N,Peak,0.0
2025-09-28 18:06:06,18,N,Non-Peak,0.0
2026-09-23 12:11:39,12,S,Non-Peak,24.320751016583127
2026-09-30 21:32:37,21,W,Non-Peak,21.059001677011
2025-09-01 18:59:30,18,N,Non-Peak,0.0
2026-09-29 11:49:33,11,S,Non-Peak,21.505933404084576
2025-09-16 17:09:21,17,N,Peak,0.0
2026-09-05 13:09:19,13,W,Non-Peak,29.544373952057374
2026-09-18 08:58:21,8,W,Non-Peak,27.09098328577749
2026-09-04 11:48:50,11,E,Non-Peak,25.002983637522927
2026-09-02 10:41:28,10,W,Non-Peak,29.38039431093042
2025-09-24 18:39:10,18,N,Non-Peak,0.0
2025-09-10 18:26:45,18,N,Non-Peak,0.0
2026-09-28 07:19:34,7,S,Non-Peak,20.88278456468828
2025-09-29 18:41:48,18,N,Non-Peak,0.0
2025-09-06 18:01:47,18,N,Non-Peak,0.0
2026-09-24 05:25:20,5,S,Non-Peak,29.258948984984016
2026-09-19 18:38:30,18,S,Non-Peak,26.34410023323996
2026-09-16 18:33:57,18,S,Non-Peak,24.29723213623704
2026-09-06 06:31:49,6,E,Non-Peak,22.939743537728667
2026-09-07 08:02:00,8,W,Non-Peak,26.670671058076067
2025-09-04 18:34:14,18,N,Non-Peak,0.0
2026-09-28 18:47:03,18,E,Non-Peak,20.34696736212765
2026-09-19 23:43:05,23,W,Non-Peak,22.97373843132613
2026-09-06 13:10:55,13,E,Non-Peak,20.94208873565452
2025-09-10 16:58:05,16,N,Peak,0.0
2026-09-01 01:57:45,1,W,Non-Peak,25.34090503448627
2026-09-01 01:45:31,1,E,Non-Peak,21.873916344377303
2025-09-12 17:55:42,17,N,Peak,0.0
2026-09-11 23:08:24,23,S,Non-Peak,22.363812008798657
2026-09-11 09:35:45,9,E,Non-Peak,29.89236281205467
2026-09-02 09:41:34,9,W,Non-Peak,25.517481675561783
2026-09-27 15:59:00,15,S,Non-Peak,20.15434376297805
2026-09-25 06:37:57,6,E,Non-Peak,26.071801530856497
2025-09-02 18:16:12,18,N,Non-Peak,0.0
2025-09-28 18:07:27,18,N,Non-Peak,0.0
2026-09-22 20:27:42,20,W,Non-Peak,20.91342281576776
2026-09-23 15:51:53,15,S,Non-Peak,29.75230773595854
2026-09-02 20:22:34,20,W,Non-Peak,27.41323762252001
2026-09-17 02:00:17,2,E,Non-Peak,27.91167659480091
2026-09-13 03:15:25,3,E,Non-Peak,24.29766996508832
2026-09-06 23:17:15,23,N,Non-Peak,22.53226788816113
2025-09-20 18:25:15,18,N,Non-Peak,0.0
2026-09-03 07:24:40,7,W,Non-Peak,23.145563008918156
2025-09-09 18:51:10,18,N,Non-Peak,0.0
2026-09-28 10:25:50,10,W,Non-Peak,27.65847752110285
2026-09-06 01:57:22,1,E,Non-Peak,23.75023278843975
2026-09-08 18:31:49,18,S,Non-Peak,22.099863754529267
2026-09-07 20:17:16,20,N,Non-Peak,25.309046329097807
2025-09-29 18:08:16,18,N,Non-Peak,0.0
2026-09-15 08:28:15,8,N,Non-Peak,27.8105376361712
2025-09-07 18:35:04,18,N,Non-Peak,0.0
2026-09-02 11:34:06,11,S,Non-Peak,28.330180785971702
2026-09-02 09:39:50,9,N,Non-Peak,25.30093935791319
2026-09-15 04:54:24,4,N,Non-Peak,25.22801192847846
2026-09-23 07:24:19,7,N,Non-Peak,25.56206115710026
2026-09-03 22:01:41,22,E,Non-Peak,20.24365092300901
2026-09-27 20:25:16,20,S,Non-Peak,28.844137021439444
2026-09-03 19:16:43,19,W,Non-Peak,25.47624653308725
2025-09-24 18:40:11,18,N,Non-Peak,0.0
2025-09-04 16:08:36,16,N,Peak,0.0
2026-09-21 02:34:29,2,S,Non-Peak,29.821731524753105
2025-09-02 17:02:06,17,N,Peak,0.0
2026-09-06 16:21:17,16,E,Peak,17.942309794843155
2025-09-21 16:38:04,16,N,Peak,0.0
2025-09-03 16:34:32,16,N,Peak,0.0
2026-09-01 21:00:48,21,W,Non-Peak,21.9653741450074
2026-09-17 09:14:42,9,W,Non-Peak,25.33588293981811
2026-09-03 16:20:25,16,W,Peak,17.965323704893134
2026-09-12 05:02:08,5,N,Non-Peak,21.45014988472693
2026-09-03 22:26:50,22,N,Non-Peak,20.73235463135913
2025-09-10 17:32:22,17,N,Peak,0.0
2026-09-02 16:11:00,16,S,Peak,15.541394601442136
2025-09-06 16:29:00,16,N,Peak,0.0
2026-09-07 01:30:38,1,N,Non-Peak,26.32931987789778
2026-09-02 14:26:12,14,N,Non-Peak,27.367908950575437
2026-09-03 22:31:30,22,S,Non-Peak,27.155857655018192
2026-09-16 02:28:15,2,N,Non-Peak,29.99892475653092
2026-09-12 10:19:55,10,N,Non-Peak,23.57610310876864
2026-09-23 16:30:32,16,S,Peak,13.58494749041614
2026-09-05 15:48:22,15,E,Non-Peak,29.754685412425363
2026-09-14 22:36:12,22,N,Non-Peak,29.030453060101028
2026-09-14 20:51:47,20,E,Non-Peak,29.77755347122848
2026-09-28 07:13:00,7,W,Non-Peak,23.811518824778982
2025-09-29 17:56:01,17,N,Peak,0.0
2026-09-08 14:17:38,14,N,Non-Peak,26.42852347145906
2026-09-17 22:13:52,22,E,Non-Peak,26.07834679128945
2026-09-23 08:21:45,8,S,Non-Peak,24.55910801697847
2026-09-03 01:40:16,1,S,Non-Peak,24.43622326183018
2026-09-21 23:57:07,23,W,Non-Peak,24.076062702684084
2026-09-27 03:40:18,3,N,Non-Peak,27.846844080607774
2025-09-02 17:50:05,17,N,Peak,0.0
2025-09-12 16:53:03,16,N,Peak,0.0
2025-09-19 18:24:17,18,N,Non-Peak,0.0
2026-09-02 21:55:08,21,N,Non-Peak,23.863259317056325
2026-09-17 04:21:39,4,W,Non-Peak,27.75442896253507
2026-09-01 07:24:12,7,E,Non-Peak,23.021722485162577
2026-09-21 10:54:45,10,W,Non-Peak,28.710912406499645
2025-09-20 16:57:47,16,N,Peak,0.0
2025-09-27 18:58:01,18,N,Non-Peak,0.0
2026-09-02 08:48:27,8,W,Non-Peak,28.287567078311582
2025-09-10 18:00:30,18,N,Non-Peak,0.0
2025-09-04 17:26:45,17,N,Peak,0.0
2026-09-01 09:14:22,9,W,Non-Peak,20.11821344738798
2026-09-27 19:46:56,19,S,Non-Peak,27.39467562344514
2026-09-18 09:51:58,9,W,Non-Peak,29.477110290983173
2025-09-09 18:36:35,18,N,Non-Peak,0.0
2026-09-25 17:17:12,17,S,Peak,19.214340215705583
2026-09-22 19:49:25,19,N,Non-Peak,27.090276179000853
2026-09-08 10:40:45,10,W,Non-Peak,22.83961282634564
2026-09-23 08:03:52,8,W,Non-Peak,27.673076867939788
2026-09-30 01:32:14,1,E,Non-Peak,23.232393893797035
2026-09-12 04:57:38,4,N,Non-Peak,21.255249980093037
2026-09-20 21:21:17,21,W,Non-Peak,21.46030470708027
2025-09-10 17:05:49,17,N,Peak,0.0
2026-09-05 15:15:28,15,W,Non-Peak,21.922954739763167
2026-09-09 02:05:05,2,N,Non-Peak,27.86289048470188
2026-09-28 08:56:20,8,W,Non-Peak,23.58548789546509
2026-09-19 18:21:53,18,W,Non-Peak,22.12994483115093
2026-09-16 01:35:17,1,N,Non-Peak,20.462527360134604
2025-09-06 16:24:58,16,N,Peak,0.0
2026-09-04 20:35:55,20,S,Non-Peak,24.944286786536445
2026-09-14 08:09:31,8,S,Non-Peak,21.6168655274068
2026-09-15 05:05:21,5,E,Non-Peak,27.82252809928151
2026-09-13 19:00:50,19,E,Non-Peak,29.488275819280936
2025-09-16 17:46:49,17,N,Peak,0.0
2026-09-10 07:08:48,7,S,Non-Peak,24.607400288161383
2026-09-15 07:49:10,7,W,Non-Peak,25.05869101596668
2026-09-07 09:06:28,9,N,Non-Peak,29.818239239912597
2026-09-30 15:24:13,15,S,Non-Peak,27.394980314766386
2026-09-28 22:37:27,22,N,Non-Peak,20.35236307271501
2026-09-03 14:09:49,14,N,Non-Peak,24.519299203632844
2025-09-30 17:55:32,17,N,Peak,0.0
2026-09-24 14:49:18,14,E,Non-Peak,22.38923894193013
2025-09-09 17:29:52,17,N,Peak,0.0
2026-09-24 12:00:59,12,N,Non-Peak,22.11280240793466
2026-09-13 22:23:39,22,S,Non-Peak,24.883185498749366
2026-09-18 19:10:38,19,S,Non-Peak,28.089773858698628
2026-09-19 20:00:47,20,W,Non-Peak,29.572328313058165
2025-09-11 17:31:30,17,N,Peak,0.0
2025-09-07 17:20:17,17,N,Peak,0.0
2026-09-29 20:56:28,20,E,Non-Peak,22.727129864859773
2025-09-01 16:19:28,16,N,Peak,0.0
2026-09-20 23:37:48,23,W,Non-Peak,28.655971692603167
2026-09-09 19:57:07,19,W,Non-Peak,27.480712854976197
2026-09-19 09:11:37,9,N,Non-Peak,20.88204977316794
2025-09-16 18:42:11,18,N,Non-Peak,0.0
2026-09-16 18:49:58,18,S,Non-Peak,27.431437141641663
2026-09-03 22:22:20,22,S,Non-Peak,25.551558517360316
2026-09-15 08:51:23,8,S,Non-Peak,23.587165600111103
2026-09-30 23:54:17,23,W,Non-Peak,28.979415899875764
2026-09-15 00:41:24,0,E,Non-Peak,23.535321456278776
2026-09-08 02:55:19,2,W,Non-Peak,27.396705613345997
2026-09-26 00:26:34,0,S,Non-Peak,25.4577861441351
2026-09-11 15:26:45,15,S,Non-Peak,29.982234271266407
2026-09-24 09:55:40,9,W,Non-Peak,24.0678652549282
2026-09-14 01:42:35,1,N,Non-Peak,22.4853216014813
2026-09-08 02:15:51,2,N,Non-Peak,24.175321405442677
2026-09-06 14:44:48,14,W,Non-Peak,23.041667662309145
2025-09-16 18:34:28,18,N,Non-Peak,0.0
2025-09-02 18:59:34,18,N,Non-Peak,0.0
2025-09-10 16:50:35,16,N,Peak,0.0
2025-09-27 17:33:01,17,N,Peak,0.0
2025-09-11 17:20:51,17,N,Peak,0.0
2025-09-22 16:04:34,16,N,Peak,0.0
2025-09-03 16:08:16,16,N,Peak,0.0
2026-09-25 19:40:25,19,S,Non-Peak,24.513843392494906
2026-09-03 07:54:15,7,N,Non-Peak,26.736394170589136
2025-09-12 16:15:19,16,N,Peak,0.0
2026-09-04 19:49:08,19,N,Non-Peak,29.26431165847381
2025-09-06 18:49:26,18,N,Non-Peak,0.0
2025-09-28 16:02:33,16,N,Peak,0.0
2026-09-05 15:43:49,15,N,Non-Peak,21.24801727490817
2026-09-13 16:31:08,16,E,Peak,17.8949255462952
2026-09-24 09:04:04,9,W,Non-Peak,26.112791996844194
2026-09-20 10:16:33,10,N,Non-Peak,27.757016777367607
2025-09-29 18:40:49,18,N,Non-Peak,0.0
2025-09-20 17:42:00,17,N,Peak,0.0
2026-09-05 01:05:02,1,S,Non-Peak,25.749118269872763
2025-09-24 18:28:02,18,N,Non-Peak,0.0
2026-09-30 21:21:22,21,W,Non-Peak,29.674792466182254
2026-09-04 00:14:26,0,E,Non-Peak,29.067588809972463
2026-09-11 12:10:11,12,E,Non-Peak,21.140647825834183
2026-09-10 12:12:35,12,W,Non-Peak,22.49225060562597
2026-09-22 22:16:20,22,W,Non-Peak,20.72752126490281
2026-09-17 10:19:31,10,N,Non-Peak,22.26547059811531
2025-09-05 17:13:23,17,N,Peak,0.0
2026-09-19 09:45:23,9,S,Non-Peak,26.105629836217656
2025-09-16 18:23:21,18,N,Non-Peak,0.0
2026-09-28 18:14:53,18,N,Non-Peak,22.069904862726343
2025-09-03 16:11:29,16,N,Peak,0.0
2026-09-23 07:32:36,7,W,Non-Peak,26.006419285925784
2026-09-11 19:38:49,19,S,Non-Peak,27.38174824050486
2026-09-04 18:40:32,18,E,Non-Peak,20.98939482941427
2026-09-15 01:10:38,1,S,Non-Peak,25.55928718951872
2026-09-29 23:47:18,23,N,Non-Peak,25.65011518609932
2026-09-07 22:34:01,22,E,Non-Peak,23.056950649208872
2026-09-12 12:24:46,12,E,Non-Peak,21.11500929160502
2025-09-19 18:45:12,18,N,Non-Peak,0.0
2026-09-28 17:00:39,17,E,Peak,17.426870969051123
2025-09-21 18:25:26,18,N,Non-Peak,0.0
2026-09-07 09:14:44,9,W,Non-Peak,21.21625598362525
2026-09-13 02:34:21,2,E,Non-Peak,21.64054259816897
2026-09-10 04:14:58,4,S,Non-Peak,25.7509845840007
2025-09-05 17:52:51,17,N,Peak,0.0
2026-09-26 12:30:14,12,E,Non-Peak,26.25326010383067
2026-09-15 04:37:40,4,E,Non-Peak,27.775665568677525
2026-09-09 20:12:14,20,N,Non-Peak,21.59752499449382
2026-09-29 17:49:39,17,N,Peak,15.138002477517698
2026-09-01 18:44:50,18,N,Non-Peak,21.669577093967515
2026-09-24 09:29:26,9,N,Non-Peak,24.038890219738796
2025-09-28 17:02:02,17,N,Peak,0.0
2025-09-11 18:46:05,18,N,Non-Peak,0.0
2026-09-16 05:22:19,5,W,Non-Peak,26.361196995723105
2026-09-12 14:10:27,14,E,Non-Peak,28.295082950906423
2026-09-12 14:13:02,14,S,Non-Peak,24.010160668668288
2026-09-26 12:35:40,12,W,Non-Peak,23.51802982738516
2026-09-07 05:50:43,5,W,Non-Peak,28.049629055850588
2025-09-16 16:02:43,16,N,Peak,0.0
2026-09-17 04:03:25,4,N,Non-Peak,27.587985973461784
2025-09-19 16:09:34,16,N,Peak,0.0
2026-09-16 19:04:03,19,W,Non-Peak,25.555149383770544
2026-09-13 00:44:14,0,S,Non-Peak,21.119494238059232
2026-09-16 05:15:20,5,W,Non-Peak,24.790009640163845
2026-09-03 06:42:34,6,N,Non-Peak,24.79438796960305
2026-09-29 18:39:06,18,W,Non-Peak,29.63821037824183
2025-09-15 16:00:42,16,N,Peak,0.0
2026-09-15 23:27:15,23,S,Non-Peak,25.044741157403365
2026-09-30 07:15:57,7,S,Non-Peak,22.54648921811885
2026-09-29 05:09:14,5,N,Non-Peak,24.198958806031943
2026-09-17 22:31:34,22,N,Non-Peak,29.44436032246822
2026-09-05 19:12:55,19,E,Non-Peak,23.638917755650034
2026-09-08 10:08:53,10,S,Non-Peak,21.3035205890668
2026-09-26 06:58:33,6,W,Non-Peak,28.01658967515428
2025-09-15 17:59:08,17,N,Peak,0.0
2025-09-29 16:50:33,16,N,Peak,0.0
2026-09-20 15:36:45,15,E,Non-Peak,26.354601122588218
2025-09-09 18:58:57,18,N,Non-Peak,0.0
2026-09-26 15:20:05,15,E,Non-Peak,22.818107076118995
2026-09-27 15:53:20,15,E,Non-Peak,22.36025463459928
2026-09-10 15:45:18,15,S,Non-Peak,27.75884175557149
2026-09-02 03:08:57,3,W,Non-Peak,27.29149354021191
2026-09-04 12:48:59,12,E,Non-Peak,26.57596180182769
2025-09-13 18:57:27,18,N,Non-Peak,0.0
2026-09-05 19:54:52,19,W,Non-Peak,27.46869391670971
2025-09-24 18:45:04,18,N,Non-Peak,0.0
2026-09-08 02:47:48,2,N,Non-Peak,22.370385164388704
2025-09-04 17:48:35,17,N,Peak,0.0
2026-09-18 09:01:53,9,W,Non-Peak,23.007417471298016
2026-09-02 02:19:48,2,S,Non-Peak,28.442039322133912
2026-09-04 18:31:30,18,S,Non-Peak,27.97329839366413
2025-09-08 18:47:35,18,N,Non-Peak,0.0
2025-09-06 17:58:06,17,N,Peak,0.0
2025-09-12 17:43:39,17,N,Peak,0.0
2026-09-12 02:38:14,2,E,Non-Peak,23.988336669235423
2025-09-03 16:03:40,16,N,Peak,0.0
2025-09-10 17:45:43,17,N,Peak,0.0
2026-09-23 12:00:17,12,W,Non-Peak,24.33662722915796
2026-09-30 03:47:38,3,W,Non-Peak,29.79765555456176
2025-09-20 16:20:38,16,N,Peak,0.0
2025-09-30 17:29:46,17,N,Peak,0.0
2025-09-21 16:55:17,16,N,Peak,0.0
2026-09-04 15:32:18,15,N,Non-Peak,25.96026074470857
2026-09-07 22:37:04,22,E,Non-Peak,20.75799189374265
2025-09-02 16:43:16,16,N,Peak,0.0
2025-09-05 17:39:41,17,N,Peak,0.0
2026-09-27 17:05:19,17,S,Peak,19.20303254503334
2026-09-23 17:29:16,17,N,Peak,18.078402411503266
2026-09-28 00:47:50,0,S,Non-Peak,20.640430552603444
2025-09-08 18:39:43,18,N,Non-Peak,0.0
2025-09-24 18:33:00,18,N,Non-Peak,0.0
2025-09-03 17:55:56,17,N,Peak,0.0
2025-09-16 17:41:50,17,N,Peak,0.0
2025-09-27 16:01:24,16,N,Peak,0.0
2026-09-27 17:42:59,17,E,Peak,17.048341881858306
2026-09-22 10:37:11,10,S,Non-Peak,20.078365373094808
2026-09-17 09:59:06,9,N,Non-Peak,23.428144369480695
2025-09-28 16:20:25,16,N,Peak,0.0
2026-09-29 21:37:46,21,N,Non-Peak,29.104013249491423
2026-09-16 19:19:10,19,E,Non-Peak,25.222562003903708
2026-09-28 18:09:19,18,E,Non-Peak,22.25956456963102
2026-09-24 03:29:50,3,S,Non-Peak,25.886875158660747
2026-09-05 18:10:21,18,N,Non-Peak,23.99674056500651
2026-09-10 00:48:39,0,S,Non-Peak,22.24966978197641
2026-09-09 00:41:03,0,N,Non-Peak,21.321393556127862
2026-09-05 07:09:36,7,W,Non-Peak,23.84670315534611
2026-09-01 23:39:55,23,E,Non-Peak,28.43360506487211
2025-09-15 18:03:23,18,N,Non-Peak,0.0
2025-09-30 17:42:00,17,N,Peak,0.0
2026-09-01 12:59:00,12,S,Non-Peak,28.03550215091127
2026-09-12 08:42:51,8,W,Non-Peak,21.656756017826
2026-09-15 22:23:19,22,N,Non-Peak,21.82156653968366
2025-09-08 17:41:10,17,N,Peak,0.0
2026-09-03 10:02:48,10,S,Non-Peak,28.57506131223463
2025-09-27 16:45:03,16,N,Peak,0.0
2025-09-28 16:20:14,16,N,Peak,0.0
2026-09-04 18:04:00,18,S,Non-Peak,28.69358158737399
2026-09-29 17:34:03,17,E,Peak,18.99614900827892
2026-09-16 17:05:09,17,E,Peak,14.395497645778889
2025-09-23 16:09:19,16,N,Peak,0.0
2025-09-03 17:38:19,17,N,Peak,0.0
2026-09-17 14:53:06,14,W,Non-Peak,27.60310748356564
2025-09-13 16:44:28,16,N,Peak,0.0
2026-09-22 15:33:53,15,N,Non-Peak,27.28062028000689
2026-09-17 15:42:39,15,E,Non-Peak,28.817982711369734
2026-09-05 12:42:53,12,S,Non-Peak,29.77651058413524
2026-09-06 15:12:26,15,N,Non-Peak,29.350941746108163
2026-09-27 06:29:26,6,E,Non-Peak,29.14849345025984
2026-09-25 12:36:47,12,W,Non-Peak,23.471886599983968
2025-09-05 18:51:08,18,N,Non-Peak,0.0
2026-09-01 17:14:24,17,E,Peak,10.45991454193171
2025-09-13 16:29:05,16,N,Peak,0.0
2025-09-05 17:13:21,17,N,Peak,0.0
2025-09-19 16:09:40,16,N,Peak,0.0
2026-09-30 19:10:06,19,N,Non-Peak,26.69493571995146
2026-09-09 07:35:08,7,E,Non-Peak,20.321112661369632
2026-09-15 06:26:22,6,N,Non-Peak,21.24239349104928
2025-09-21 17:51:29,17,N,Peak,0.0
2026-09-23 00:23:16,0,W,Non-Peak,28.524377162535018
2025-09-03 17:07:12,17,N,Peak,0.0
2026-09-04 20:30:26,20,W,Non-Peak,20.18968996900477
2026-09-19 05:54:37,5,S,Non-Peak,20.567974180985825
2026-09-25 23:34:46,23,N,Non-Peak,28.96556121228628
2026-09-09 18:43:47,18,E,Non-Peak,21.15349296391603
2026-09-11 02:02:13,2,N,Non-Peak,21.642628750047752
2026-09-19 21:54:25,21,S,Non-Peak,29.919846089425874
2026-09-24 03:57:43,3,S,Non-Peak,26.727013519106684
2026-09-15 06:15:40,6,N,Non-Peak,23.37856769046121
2026-09-15 05:13:57,5,S,Non-Peak,24.05698711698482
2026-09-19 11:19:04,11,S,Non-Peak,22.402262524346835
2026-09-07 02:50:03,2,E,Non-Peak,20.244907920724312
2026-09-11 06:48:08,6,E,Non-Peak,24.22415014320888
2026-09-11 03:56:55,3,E,Non-Peak,26.951046394555444
2026-09-28 03:25:34,3,S,Non-Peak,20.31110264563604
2026-09-16 02:25:56,2,S,Non-Peak,26.4969819547927
2026-09-21 01:44:57,1,N,Non-Peak,20.36320788083928
2026-09-09 11:47:47,11,N,Non-Peak,24.594278970511628
2026-09-27 22:26:11,22,W,Non-Peak,27.526681284245484
2026-09-30 04:38:30,4,W,Non-Peak,20.934140394797204
2025-09-24 16:18:21,16,N,Peak,0.0
2026-09-30 18:04:58,18,N,Non-Peak,23.237896350338257
2026-09-15 01:46:36,1,E,Non-Peak,28.44937415149657
2026-09-14 08:27:19,8,E,Non-Peak,21.784994148519903
2026-09-04 19:54:58,19,N,Non-Peak,27.926875674022497
2026-09-17 18:53:57,18,E,Non-Peak,23.06933901952444
2025-09-30 17:53:02,17,N,Peak,0.0
2025-09-16 16:01:23,16,N,Peak,0.0
2026-09-23 16:10:29,16,S,Peak,13.413371796344393
2026-09-23 23:18:55,23,W,Non-Peak,25.523348094552198
2026-09-10 13:17:46,13,W,Non-Peak,20.300074464216216
2025-09-16 17:31:16,17,N,Peak,0.0
2026-09-05 09:09:40,9,W,Non-Peak,24.226945905890457
2025-09-22 16:15:21,16,N,Peak,0.0
2026-09-04 14:30:43,14,S,Non-Peak,25.13323908008648
2025-09-02 17:58:43,17,N,Peak,0.0
2025-09-26 18:20:08,18,N,Non-Peak,0.0
2026-09-23 01:43:29,1,W,Non-Peak,27.29857312316964
2026-09-13 16:14:16,16,S,Peak,15.0603584311114
2026-09-01 14:26:18,14,E,Non-Peak,23.86679297400598
2025-09-06 16:19:53,16,N,Peak,0.0
2026-09-13 16:09:40,16,S,Peak,10.1228211811379
2025-09-28 16:38:17,16,N,Peak,0.0
2026-09-12 13:13:48,13,W,Non-Peak,26.369010088333404
2026-09-29 08:51:23,8,S,Non-Peak,27.5821753947116
2026-09-26 23:19:10,23,W,Non-Peak,28.39274154854523
2025-09-13 17:56:40,17,N,Peak,0.0
2026-09-05 08:12:39,8,E,Non-Peak,20.67252648790456
2025-09-26 18:33:08,18,N,Non-Peak,0.0
2026-09-19 06:48:10,6,N,Non-Peak,21.77386696640146
2025-09-29 17:27:51,17,N,Peak,0.0
2025-09-08 16:28:34,16,N,Peak,0.0
2026-09-01 22:58:44,22,S,Non-Peak,21.29730111199498
2026-09-26 09:48:27,9,S,Non-Peak,24.69755424882122
2026-09-07 21:12:12,21,W,Non-Peak,24.7191985981074
2026-09-01 19:06:29,19,S,Non-Peak,21.47463124883445
2026-09-22 23:16:14,23,E,Non-Peak,24.837436445877696
2026-09-26 19:45:37,19,S,Non-Peak,28.43204126446635
2026-09-16 20:49:37,20,S,Non-Peak,24.458033866973626
2025-09-18 18:35:52,18,N,Non-Peak,0.0
2026-09-15 19:30:45,19,S,Non-Peak,24.91672265918025
2026-09-22 18:25:16,18,W,Non-Peak,25.79145100292738
2025-09-24 16:13:10,16,N,Peak,0.0
2025-09-16 18:34:52,18,N,Non-Peak,0.0
2026-09-12 09:53:46,9,N,Non-Peak,20.776957106030505
2026-09-11 14:49:57,14,S,Non-Peak,28.884791668194797
2025-09-12 18:52:55,18,N,Non-Peak,0.0
2026-09-17 09:27:01,9,W,Non-Peak,22.82189873813474
2025-09-24 16:52:54,16,N,Peak,0.0
2026-09-20 04:44:20,4,N,Non-Peak,26.35664244180657
2025-09-08 18:34:31,18,N,Non-Peak,0.0
2026-09-24 07:28:46,7,E,Non-Peak,26.20502278637988
2025-09-09 18:39:33,18,N,Non-Peak,0.0
2025-09-28 16:08:43,16,N,Peak,0.0
2026-09-10 02:47:33,2,W,Non-Peak,26.871726718951845
2026-09-26 22:12:19,22,S,Non-Peak,21.462824673920448
2026-09-18 06:50:03,6,S,Non-Peak,28.268464629170012
2025-09-30 17:35:12,17,N,Peak,0.0
2025-09-18 16:39:09,16,N,Peak,0.0
2026-09-04 22:19:31,22,S,Non-Peak,22.573225135132805
2025-09-15 17:22:30,17,N,Peak,0.0
2026-09-29 23:45:03,23,E,Non-Peak,25.96766972039545
2025-09-07 17:23:00,17,N,Peak,0.0
2025-09-18 18:45:39,18,N,Non-Peak,0.0
2026-09-11 20:16:39,20,S,Non-Peak,20.918265884583587
2026-09-16 18:11:34,18,N,Non-Peak,23.076419024039176
2026-09-13 08:40:12,8,S,Non-Peak,23.22707925194375
2026-09-08 11:38:25,11,N,Non-Peak,24.434651299699095
2026-09-07 23:26:15,23,E,Non-Peak,22.414684098354865
2025-09-16 17:16:39,17,N,Peak,0.0
2025-09-01 17:56:41,17,N,Peak,0.0
2026-09-27 23:39:55,23,W,Non-Peak,22.082979026640132
2026-09-22 11:51:15,11,E,Non-Peak,28.428768380987226
2026-09-16 02:18:40,2,N,Non-Peak,25.89541420397193
2026-09-25 14:21:19,14,E,Non-Peak,21.54790161605129
2026-09-16 20:57:12,20,W,Non-Peak,23.606904289944737
2026-09-04 03:23:51,3,S,Non-Peak,29.97179289350134
2026-09-20 07:26:34,7,S,Non-Peak,29.212402334392745
2025-09-18 16:22:24,16,N,Peak,0.0
2026-09-24 15:47:06,15,S,Non-Peak,27.358378464988952
2026-09-05 20:28:43,20,S,Non-Peak,28.629736098231387
2026-09-01 22:53:48,22,W,Non-Peak,21.762612962440983
2025-09-21 18:59:43,18,N,Non-Peak,0.0
2026-09-28 09:37:25,9,N,Non-Peak,24.01512241990053
2026-09-15 17:19:41,17,N,Peak,12.433142856385947
2025-09-28 18:48:26,18,N,Non-Peak,0.0
2026-09-08 00:04:49,0,E,Non-Peak,27.47339958677763
2025-09-04 18:20:01,18,N,Non-Peak,0.0
2025-09-02 18:44:06,18,N,Non-Peak,0.0
2026-09-03 17:41:07,17,E,Peak,13.62410153625492
2026-09-04 19:48:26,19,S,Non-Peak,25.440873215208278
2026-09-07 12:50:28,12,N,Non-Peak,24.00047397005571
2026-09-11 20:26:52,20,E,Non-Peak,23.831548239250168
2026-09-25 18:41:00,18,W,Non-Peak,25.306313529908653
2026-09-08 14:54:33,14,E,Non-Peak,25.377070025177343
2026-09-30 07:25:19,7,E,Non-Peak,28.020891916921848
2026-09-18 13:25:44,13,S,Non-Peak,23.60987460361845
2025-09-10 17:55:59,17,N,Peak,0.0
2025-09-16 16:16:45,16,N,Peak,0.0
2026-09-15 02:13:34,2,E,Non-Peak,28.239527890673045
2025-09-26 17:06:24,17,N,Peak,0.0
2026-09-13 14:15:36,14,S,Non-Peak,25.71553155310962
2025-09-28 18:11:07,18,N,Non-Peak,0.0
2026-09-26 22:43:05,22,N,Non-Peak,24.660780556212373
2025-09-12 16:19:33,16,N,Peak,0.0
2026-09-03 05:03:54,5,N,Non-Peak,28.51854310142812
2026-09-18 10:15:18,10,S,Non-Peak,27.50880451934049
2026-09-25 03:56:30,3,N,Non-Peak,23.97587773686425
2025-09-24 16:52:54,16,N,Peak,0.0
2026-09-15 12:16:56,12,N,Non-Peak,20.338637914787416
2025-09-30 16:29:28,16,N,Peak,0.0
2025-09-01 16:48:31,16,N,Peak,0.0
2025-09-10 16:00:11,16,N,Peak,0.0
2026-09-06 02:39:30,2,S,Non-Peak,26.99013625427695
2026-09-13 21:14:20,21,S,Non-Peak,29.12911360394076
2026-09-24 22:45:46,22,S,Non-Peak,22.84958574543989
2025-09-04 16:33:35,16,N,Peak,0.0
2026-09-16 19:59:13,19,E,Non-Peak,28.18646346386719
2026-09-22 16:24:28,16,W,Peak,16.718828248252443
2026-09-04 07:58:25,7,W,Non-Peak,21.101292863292944
2026-09-29 12:25:05,12,S,Non-Peak,28.82163838509177
2025-09-24 17:21:34,17,N,Peak,0.0
2025-09-03 16:39:48,16,N,Peak,0.0
2026-09-19 06:27:52,6,N,Non-Peak,20.692696660050284
2026-09-13 01:01:47,1,N,Non-Peak,24.46449049677205
2025-09-03 17:36:37,17,N,Peak,0.0
2026-09-23 11:58:02,11,E,Non-Peak,26.026799445349717
2026-09-18 04:18:17,4,W,Non-Peak,28.719279213618268
2026-09-26 23:10:37,23,W,Non-Peak,22.829562858824527
2026-09-17 10:49:18,10,N,Non-Peak,27.37904511999151
2025-09-16 17:57:31,17,N,Peak,0.0
2026-09-10 18:56:27,18,E,Non-Peak,20.793499086446484
2026-09-28 19:20:16,19,W,Non-Peak,25.173770637860372
2026-09-17 07:38:03,7,S,Non-Peak,29.266518466480505
2025-09-11 16:47:48,16,N,Peak,0.0
2026-09-11 14:03:40,14,E,Non-Peak,29.942427935143108
2026-09-13 18:39:47,18,N,Non-Peak,20.261388784645696
2025-09-20 17:45:54,17,N,Peak,0.0
2026-09-25 06:39:12,6,W,Non-Peak,23.774497236984224
2026-09-09 02:57:10,2,N,Non-Peak,22.40043142936216
2026-09-27 09:59:27,9,S,Non-Peak,25.688555760825544
2025-09-02 18:42:11,18,N,Non-Peak,0.0
2026-09-09 04:40:33,4,N,Non-Peak,22.805666835512817
2026-09-09 09:24:51,9,W,Non-Peak,21.324891006245757
2026-09-22 11:03:01,11,S,Non-Peak,20.36997389909641
2026-09-22 09:23:34,9,W,Non-Peak,28.053346448769027
2025-09-27 17:32:08,17,N,Peak,0.0
2026-09-15 07:29:40,7,N,Non-Peak,26.14439305685138
2026-09-15 01:07:46,1,W,Non-Peak,20.66983968158055
2026-09-09 02:27:23,2,W,Non-Peak,22.47992786131625
2026-09-28 03:29:22,3,W,Non-Peak,20.54063321373172
2026-09-04 20:46:29,20,W,Non-Peak,27.93504148945239
2026-09-09 07:02:06,7,E,Non-Peak,20.73529258360826
2026-09-10 12:04:52,12,E,Non-Peak,22.2422276864059
2026-09-04 21:07:27,21,S,Non-Peak,22.504192991447127
2025-09-09 17:14:25,17,N,Peak,0.0
2026-09-09 04:42:33,4,S,Non-Peak,21.849476885987944
2026-09-28 09:05:33,9,W,Non-Peak,28.8673804027383
2025-09-30 18:44:14,18,N,Non-Peak,0.0
2026-09-04 04:20:01,4,N,Non-Peak,24.013876332905895
2025-09-03 18:40:42,18,N,Non-Peak,0.0
2025-09-11 16:00:39,16,N,Peak,0.0
2025-09-20 16:10:12,16,N,Peak,0.0
2026-09-12 12:59:37,12,W,Non-Peak,27.22118320156229
2026-09-21 03:02:34,3,S,Non-Peak,25.511471153033085
2025-09-02 17:33:21,17,N,Peak,0.0
2025-09-16 16:05:18,16,N,Peak,0.0
2026-09-03 22:44:10,22,W,Non-Peak,28.265186479922207
2025-09-24 18:01:19,18,N,Non-Peak,0.0
2026-09-29 19:39:28,19,W,Non-Peak,29.27287328588847
2025-09-07 17:32:24,17,N,Peak,0.0
2026-09-08 09:53:56,9,E,Non-Peak,21.885093562249462
2025-09-16 17:51:45,17,N,Peak,0.0
2025-09-10 18:59:35,18,N,Non-Peak,0.0
2026-09-10 09:58:11,9,S,Non-Peak,24.082085433499543
2026-09-18 02:12:18,2,E,Non-Peak,23.18940536414039
2026-09-07 18:38:30,18,E,Non-Peak,27.41430868210587
2026-09-29 23:59:03,23,W,Non-Peak,27.94287534204297
2026-09-22 14:53:46,14,E,Non-Peak,29.65593389721756
2026-09-29 22:18:41,22,S,Non-Peak,24.574323491288705
2026-09-22 22:21:51,22,N,Non-Peak,22.998690155023564
2025-09-10 17:18:28,17,N,Peak,0.0
2026-09-15 19:02:15,19,N,Non-Peak,21.1105005954771
2026-09-14 19:06:45,19,N,Non-Peak,23.154576561049563
2026-09-28 12:59:06,12,S,Non-Peak,25.97027078783855
2025-09-24 18:21:45,18,N,Non-Peak,0.0
2025-09-16 16:40:09,16,N,Peak,0.0
2026-09-21 08:29:52,8,S,Non-Peak,23.898194878360588
2026-09-19 01:14:41,1,E,Non-Peak,21.02459311817416
2026-09-25 20:26:58,20,E,Non-Peak,25.72008406765149
2026-09-20 10:04:22,10,S,Non-Peak,23.6776430883678
2026-09-16 17:26:44,17,W,Peak,11.890622114626384
2026-09-20 12:43:24,12,S,Non-Peak,26.54193844523047
2026-09-08 20:18:24,20,N,Non-Peak,24.948373461370963
2026-09-04 03:19:31,3,W,Non-Peak,27.480067375057136
2026-09-08 18:33:32,18,E,Non-Peak,28.67721564644976
2026-09-19 07:49:33,7,N,Non-Peak,29.168415751796545
2025-09-28 16:40:32,16,N,Peak,0.0
2026-09-06 20:29:58,20,E,Non-Peak,23.498078248122585
2025-09-03 16:52:23,16,N,Peak,0.0
2025-09-12 17:30:08,17,N,Peak,0.0
2026-09-13 06:44:06,6,N,Non-Peak,27.415627217163003
2026-09-05 23:18:32,23,E,Non-Peak,23.666880345526863
2025-09-16 16:56:58,16,N,Peak,0.0
2025-09-04 18:55:49,18,N,Non-Peak,0.0
2025-09-28 16:43:02,16,N,Peak,0.0
2025-09-02 17:49:26,17,N,Peak,0.0
2026-09-04 20:59:08,20,N,Non-Peak,27.45914889195635
2026-09-18 22:26:07,22,E,Non-Peak,29.460835069717177
2026-09-26 23:54:19,23,N,Non-Peak,26.13475775179559
2025-09-05 17:56:27,17,N,Peak,0.0
2026-09-10 00:50:32,0,N,Non-Peak,27.42966089092285
2025-09-02 16:04:14,16,N,Peak,0.0
2026-09-08 02:46:29,2,E,Non-Peak,23.46757914259476
2026-09-29 14:41:09,14,S,Non-Peak,22.14388532828137
2026-09-12 16:16:38,16,E,Peak,14.14732574354426
2025-09-24 17:36:43,17,N,Peak,0.0
2025-09-07 16:27:20,16,N,Peak,0.0
2026-09-13 04:00:47,4,E,Non-Peak,21.95535018752112
2025-09-13 18:03:43,18,N,Non-Peak,0.0
2025-09-09 18:04:08,18,N,Non-Peak,0.0
2025-09-26 18:09:45,18,N,Non-Peak,0.0
2026-09-05 15:15:28,15,W,Non-Peak,21.922954739763167
2025-09-13 18:04:18,18,N,Non-Peak,0.0
2026-09-27 09:04:50,9,W,Non-Peak,25.12479933947446
2026-09-29 05:47:36,5,S,Non-Peak,27.71092050150992
2025-09-24 17:18:42,17,N,Peak,0.0
2026-09-24 08:48:16,8,S,Non-Peak,20.806996402229537
2026-09-14 07:26:27,7,E,Non-Peak,22.788935312453177
2025-09-09 16:10:58,16,N,Peak,0.0
2025-09-22 18:45:52,18,N,Non-Peak,0.0
2026-09-25 07:57:58,7,E,Non-Peak,28.775188454030776
2026-09-25 05:24:40,5,S,Non-Peak,21.12503641238917
2025-09-06 16:01:20,16,N,Peak,0.0
2025-09-21 17:29:18,17,N,Peak,0.0
2026-09-06 17:36:39,17,E,Peak,13.147987771453623
2025-09-26 18:38:20,18,N,Non-Peak,0.0
2025-09-07 16:37:19,16,N,Peak,0.0
2026-09-04 01:11:06,1,S,Non-Peak,25.261642959183312
2026-09-01 22:17:43,22,N,Non-Peak,27.44983455126482
2026-09-23 05:30:30,5,E,Non-Peak,21.77758981929737
2026-09-29 17:04:15,17,W,Peak,18.00408242251261
2026-09-21 13:50:08,13,E,Non-Peak,26.68964286033476
2025-09-30 18:10:34,18,N,Non-Peak,0.0
2026-09-19 05:59:27,5,N,Non-Peak,29.605597764280056
2025-09-30 18:12:23,18,N,Non-Peak,0.0
2026-09-05 17:38:34,17,W,Peak,18.698237745729735
2026-09-22 11:27:36,11,N,Non-Peak,26.73868258282769
2026-09-15 06:49:03,6,E,Non-Peak,25.9965010661144
2026-09-24 03:16:05,3,W,Non-Peak,24.898286661060645
2026-09-07 07:00:22,7,W,Non-Peak,22.46903420838606
2026-09-08 03:51:43,3,W,Non-Peak,21.50902726908032
2026-09-06 09:37:44,9,W,Non-Peak,28.21111748952091
2025-09-13 18:55:14,18,N,Non-Peak,0.0
2026-09-15 19:02:15,19,N,Non-Peak,21.1105005954771
2025-09-15 18:44:16,18,N,Non-Peak,0.0
2025-09-04 16:56:53,16,N,Peak,0.0
2025-09-11 16:37:00,16,N,Peak,0.0
2026-09-26 22:58:37,22,S,Non-Peak,28.58762728356077
2025-09-13 16:45:42,16,N,Peak,0.0
2026-09-08 21:57:33,21,W,Non-Peak,25.18844595660715
2025-09-23 17:32:01,17,N,Peak,0.0
2026-09-22 14:31:52,14,N,Non-Peak,25.87816657813015
2026-09-11 03:05:11,3,W,Non-Peak,23.237427354239124
2026-09-01 07:22:20,7,S,Non-Peak,25.09238041125061
2025-09-11 18:32:12,18,N,Non-Peak,0.0
2026-09-11 04:23:49,4,S,Non-Peak,21.098583078395723
2025-09-28 18:52:48,18,N,Non-Peak,0.0
2026-09-17 18:10:56,18,E,Non-Peak,28.65007513010904
2025-09-29 16:58:42,16,N,Peak,0.0
2026-09-23 23:54:09,23,W,Non-Peak,25.219982757227555
2026-09-11 13:52:40,13,S,Non-Peak,23.1428798942314
2026-09-18 12:42:02,12,N,Non-Peak,23.9509434692284
2026-09-20 13:27:33,13,E,Non-Peak,21.37182736365917
2026-09-12 18:22:05,18,W,Non-Peak,27.73788037926037
2026-09-25 05:55:52,5,N,Non-Peak,21.08635056330117
2026-09-21 02:50:28,2,N,Non-Peak,24.95868430679549
2026-09-03 23:22:02,23,N,Non-Peak,26.441426195911006
2025-09-13 17:36:31,17,N,Peak,0.0
2026-09-16 06:40:47,6,N,Non-Peak,21.872056135299957
2025-09-27 17:36:46,17,N,Peak,0.0
2025-09-05 16:19:48,16,N,Peak,0.0
2026-09-16 00:27:43,0,W,Non-Peak,22.58227580589322
2025-09-04 16:50:36,16,N,Peak,0.0
2026-09-25 07:29:12,7,N,Non-Peak,23.18905597007177
2026-09-10 10:49:08,10,N,Non-Peak,25.43000455412665
2026-09-26 04:48:34,4,S,Non-Peak,27.34553085437562
2025-09-01 17:05:06,17,N,Peak,0.0
2025-09-30 16:35:55,16,N,Peak,0.0
2025-09-11 18:51:07,18,N,Non-Peak,0.0
2025-09-08 18:45:34,18,N,Non-Peak,0.0
2026-09-12 18:06:25,18,N,Non-Peak,23.666435175299195
2026-09-22 04:30:07,4,E,Non-Peak,29.759503906483275
2026-09-24 03:42:43,3,W,Non-Peak,25.74425698622537
2026-09-20 18:12:53,18,N,Non-Peak,27.22013209785469
2026-09-20 18:34:05,18,S,Non-Peak,28.76817866262183
2026-09-15 12:52:57,12,W,Non-Peak,28.58802004274598
2025-09-21 17:51:43,17,N,Peak,0.0
2026-09-27 23:22:08,23,E,Non-Peak,20.96661352216504
2026-09-18 01:20:51,1,E,Non-Peak,26.388709855796822
2026-09-20 03:50:31,3,W,Non-Peak,25.931176254064493
2026-09-02 01:08:22,1,W,Non-Peak,24.161450256394374
2026-09-29 13:28:49,13,E,Non-Peak,25.40593840894199
2026-09-20 09:57:18,9,W,Non-Peak,27.09965963905576
2026-09-03 11:42:39,11,S,Non-Peak,21.104902487464464
2026-09-11 02:59:41,2,E,Non-Peak,26.628646068248383
2026-09-28 17:58:55,17,W,Peak,10.256571647665552
2026-09-20 14:25:53,14,S,Non-Peak,24.81836650155273
2026-09-14 07:46:40,7,N,Non-Peak,23.48403693860197
2026-09-19 19:00:13,19,S,Non-Peak,22.600336405029783
2026-09-05 08:18:51,8,E,Non-Peak,25.309335453900097
2025-09-18 16:17:11,16,N,Peak,0.0
2025-09-05 18:47:10,18,N,Non-Peak,0.0
2026-09-21 13:00:37,13,N,Non-Peak,20.717184759902672
2025-09-30 18:58:17,18,N,Non-Peak,0.0
2026-09-05 10:02:48,10,E,Non-Peak,20.39227618316664
2026-09-09 21:04:52,21,S,Non-Peak,21.99733139801592
2026-09-23 22:15:09,22,S,Non-Peak,22.445709267908803
2026-09-10 04:45:21,4,E,Non-Peak,28.591957294475208
2026-09-03 18:58:54,18,E,Non-Peak,25.412139168476635
2026-09-30 13:11:10,13,S,Non-Peak,21.850746708896903
2026-09-27 12:16:09,12,S,Non-Peak,28.86719304312585
2025-09-29 16:57:06,16,N,Peak,0.0
2025-09-18 17:05:44,17,N,Peak,0.0
2025-09-05 17:00:21,17,N,Peak,0.0
2025-09-12 16:59:30,16,N,Peak,0.0
2026-09-20 01:18:15,1,N,Non-Peak,26.85857303261721
2026-09-25 21:57:40,21,S,Non-Peak,28.20275604871784
2026-09-20 13:08:13,13,E,Non-Peak,25.88054957932625
2026-09-05 19:00:11,19,S,Non-Peak,21.056983476454885
2026-09-04 04:13:16,4,N,Non-Peak,22.679150110963946
2026-09-02 22:45:48,22,N,Non-Peak,29.13754142200253
2026-09-27 21:56:22,21,S,Non-Peak,23.114126894261357
2025-09-18 16:20:26,16,N,Peak,0.0
2026-09-21 01:09:29,1,E,Non-Peak,28.8615302252586
2025-09-19 17:44:33,17,N,Peak,0.0
2025-09-23 16:51:14,16,N,Peak,0.0
2026-09-30 23:21:54,23,N,Non-Peak,21.55313418969812
2025-09-08 18:26:01,18,N,Non-Peak,0.0
2025-09-13 18:36:11,18,N,Non-Peak,0.0
2026-09-05 10:18:42,10,W,Non-Peak,23.179605906465422
2025-09-08 18:12:19,18,N,Non-Peak,0.0
2026-09-08 09:30:07,9,N,Non-Peak,25.413504373087704
2026-09-03 19:10:48,19,N,Non-Peak,28.443336855104903
2026-09-18 18:22:10,18,N,Non-Peak,20.67627769030454
2026-09-23 02:09:32,2,S,Non-Peak,28.879080243258954
2026-09-05 05:15:12,5,W,Non-Peak,28.47495649978995
2026-09-01 15:34:17,15,N,Non-Peak,26.58521192712901
2026-09-13 07:41:44,7,N,Non-Peak,22.11177515502749
2026-09-12 12:30:46,12,S,Non-Peak,21.345282586914006
2026-09-25 16:45:31,16,W,Peak,15.422924953758065
2026-09-19 19:40:13,19,E,Non-Peak,24.28658642109252
2025-09-08 17:33:54,17,N,Peak,0.0
2026-09-30 23:22:56,23,W,Non-Peak,24.226067224150025
2025-09-05 17:25:59,17,N,Peak,0.0
2026-09-29 22:07:29,22,E,Non-Peak,29.371725735218845
2026-09-02 17:33:43,17,S,Peak,14.517505146356704
2025-09-30 17:56:09,17,N,Peak,0.0
2026-09-26 22:30:30,22,N,Non-Peak,29.57007263767944
2025-09-16 16:28:09,16,N,Peak,0.0
2026-09-26 05:47:49,5,E,Non-Peak,25.547451063352955
2025-09-07 16:30:06,16,N,Peak,0.0
2026-09-25 07:47:54,7,N,Non-Peak,27.93146439630933
2026-09-07 17:57:41,17,E,Peak,14.319250440782536
2025-09-30 18:14:16,18,N,Non-Peak,0.0
2026-09-13 13:37:34,13,W,Non-Peak,22.077957895959077
2026-09-29 08:20:32,8,S,Non-Peak,28.746843251468636
2025-09-10 17:52:51,17,N,Peak,0.0
2026-09-07 23:42:47,23,E,Non-Peak,29.0544274608203
2025-09-09 18:47:39,18,N,Non-Peak,0.0
2026-09-22 05:28:43,5,S,Non-Peak,25.25861620003687
2026-09-02 18:22:03,18,S,Non-Peak,29.76125470839977
2025-09-09 16:22:16,16,N,Peak,0.0
2026-09-22 14:51:08,14,N,Non-Peak,24.34447301431073
2025-09-20 18:37:21,18,N,Non-Peak,0.0
2026-09-29 16:49:48,16,N,Peak,17.874580939369956
2026-09-12 13:48:28,13,E,Non-Peak,21.563936981414365
2026-09-01 18:15:54,18,N,Non-Peak,20.794832211811883
2026-09-25 20:39:44,20,W,Non-Peak,28.80046730065419
2025-09-28 16:34:30,16,N,Peak,0.0
2025-09-04 18:04:39,18,N,Non-Peak,0.0
2025-09-10 18:19:15,18,N,Non-Peak,0.0
2026-09-07 15:50:51,15,S,Non-Peak,27.265637141082443
2026-09-17 21:14:16,21,E,Non-Peak,25.883594028068018
2026-09-29 03:32:18,3,N,Non-Peak,20.502630501047285
2026-09-01 09:31:10,9,S,Non-Peak,23.350735119674848
2025-09-09 16:56:25,16,N,Peak,0.0
2026-09-06 15:13:56,15,N,Non-Peak,25.364741557917394
2026-09-14 02:23:54,2,N,Non-Peak,29.802455115421324
2026-09-28 21:22:33,21,E,Non-Peak,23.12025528986057
2026-09-10 20:11:23,20,W,Non-Peak,22.643990147622446
2026-09-20 06:20:21,6,E,Non-Peak,21.00789648984092
2026-09-17 07:03:28,7,W,Non-Peak,23.85194336815488
2025-09-08 17:54:38,17,N,Peak,0.0
2025-09-10 17:30:01,17,N,Peak,0.0
2026-09-10 10:25:37,10,N,Non-Peak,26.087956827851844
2026-09-03 04:22:42,4,S,Non-Peak,22.41663084309493
2026-09-09 12:00:39,12,S,Non-Peak,23.39344084193437
2025-09-18 18:17:11,18,N,Non-Peak,0.0
2026-09-16 09:05:52,9,E,Non-Peak,22.488424257650937
2026-09-22 12:43:08,12,N,Non-Peak,29.7915153717722
2026-09-12 04:57:38,4,N,Non-Peak,21.255249980093037
2025-09-30 17:58:57,17,N,Peak,0.0
2025-09-07 17:19:47,17,N,Peak,0.0
2026-09-29 07:36:26,7,E,Non-Peak,22.68048767575778
2026-09-13 08:54:44,8,W,Non-Peak,22.7159806915214
2026-09-21 00:37:21,0,N,Non-Peak,29.28620938952975
2025-09-28 17:48:30,17,N,Peak,0.0
2026-09-12 12:35:42,12,E,Non-Peak,26.026373223017277
2026-09-17 13:43:01,13,W,Non-Peak,24.234264417757903
2026-09-11 10:24:17,10,W,Non-Peak,27.971979968397196
2025-09-12 16:53:58,16,N,Peak,0.0
2026-09-01 00:45:17,0,S,Non-Peak,22.452126477150355
2026-09-22 11:49:18,11,N,Non-Peak,23.428702250037773
2026-09-21 12:08:15,12,W,Non-Peak,28.61709704529161
2025-09-26 18:04:11,18,N,Non-Peak,0.0
2026-09-10 18:03:20,18,W,Non-Peak,21.62323458919388
2026-09-04 16:08:57,16,E,Peak,12.233997008578022
2026-09-12 05:57:35,5,E,Non-Peak,21.533440180572534
2025-09-08 18:01:13,18,N,Non-Peak,0.0
2026-09-18 00:52:12,0,W,Non-Peak,28.526063977200916
2026-09-24 18:47:19,18,E,Non-Peak,23.3177132071697
2026-09-10 13:26:17,13,E,Non-Peak,23.07609345013332
2026-09-02 04:38:16,4,E,Non-Peak,23.21556273786507
2025-09-07 17:32:09,17,N,Peak,0.0
2026-09-20 06:24:54,6,N,Non-Peak,20.580172694895936
2025-09-18 16:38:51,16,N,Peak,0.0
2026-09-02 02:08:17,2,N,Non-Peak,23.26607250540136
2025-09-15 16:48:29,16,N,Peak,0.0
2025-09-28 17:44:51,17,N,Peak,0.0
2025-09-16 16:14:09,16,N,Peak,0.0
2026-09-05 08:34:19,8,N,Non-Peak,29.299615487936308
2026-09-22 07:18:19,7,N,Non-Peak,24.066904669590485
2025-09-23 17:30:26,17,N,Peak,0.0
2025-09-02 16:35:48,16,N,Peak,0.0
2026-09-25 01:09:22,1,W,Non-Peak,21.752456398110446
2026-09-11 04:07:05,4,N,Non-Peak,24.866666792962192
2026-09-07 05:55:16,5,N,Non-Peak,27.088088267621508
2025-09-04 17:53:42,17,N,Peak,0.0
2026-09-19 03:08:51,3,S,Non-Peak,28.426419597826985
2026-09-08 03:15:52,3,N,Non-Peak,21.085247997511583
2026-09-21 10:41:38,10,E,Non-Peak,21.938752610434936
2025-09-06 18:20:48,18,N,Non-Peak,0.0
2026-09-15 06:25:50,6,E,Non-Peak,23.561175605136864
2026-09-11 01:12:36,1,E,Non-Peak,21.655177638010557
2026-09-20 20:14:22,20,N,Non-Peak,20.890621896422005
2026-09-29 16:58:10,16,E,Peak,10.404976290193046
2025-09-26 17:20:43,17,N,Peak,0.0
2026-09-11 21:50:42,21,E,Non-Peak,27.183543081361403
2026-09-30 06:33:53,6,S,Non-Peak,22.633006533850253
2026-09-21 22:47:24,22,N,Non-Peak,20.899858422325917
2026-09-27 08:06:27,8,N,Non-Peak,27.04371667560263
2025-09-16 16:50:50,16,N,Peak,0.0
2026-09-17 04:03:58,4,N,Non-Peak,20.03286449889849
2025-09-15 18:09:14,18,N,Non-Peak,0.0
2026-09-17 02:26:16,2,W,Non-Peak,23.172013850713057
2026-09-11 20:57:51,20,N,Non-Peak,21.25486200140821
2025-09-24 16:46:06,16,N,Peak,0.0
2026-09-30 03:35:09,3,S,Non-Peak,20.393665973652546
2025-09-13 17:00:38,17,N,Peak,0.0
2026-09-14 12:27:53,12,S,Non-Peak,23.79649872506697
2026-09-17 12:13:14,12,E,Non-Peak,22.0239677753614
2025-09-24 16:50:37,16,N,Peak,0.0
2026-09-27 22:31:07,22,W,Non-Peak,23.592367469800216
2026-09-06 04:57:11,4,N,Non-Peak,24.73130730793669
2025-09-26 18:22:21,18,N,Non-Peak,0.0
2026-09-27 10:33:56,10,W,Non-Peak,29.203819111998403
2026-09-17 16:27:31,16,N,Peak,13.718453590670324
2026-09-17 14:38:52,14,E,Non-Peak,26.669650798896107
2025-09-05 17:31:11,17,N,Peak,0.0
2026-09-28 14:26:25,14,E,Non-Peak,21.678862512279423
2026-09-10 23:59:21,23,S,Non-Peak,28.13366606600538
2026-09-26 17:06:24,17,E,Peak,16.26956701102709
2026-09-23 13:05:10,13,W,Non-Peak,23.996863662378036
2026-09-02 14:02:47,14,S,Non-Peak,24.182431225669248
2026-09-01 22:01:01,22,W,Non-Peak,28.70975873923912
2026-09-01 22:08:54,22,N,Non-Peak,24.411004006765975
2026-09-08 03:54:27,3,N,Non-Peak,28.324344226823243
2025-09-27 16:37:12,16,N,Peak,0.0
2026-09-28 01:35:25,1,S,Non-Peak,27.19902833856834
2025-09-28 18:46:06,18,N,Non-Peak,0.0
2026-09-25 09:22:32,9,N,Non-Peak,28.92237498975228
2026-09-14 18:33:00,18,N,Non-Peak,20.0890463035551
2025-09-10 16:35:39,16,N,Peak,0.0
2025-09-28 17:22:13,17,N,Peak,0.0
2026-09-02 15:37:08,15,W,Non-Peak,28.287596977769944
2026-09-01 20:24:09,20,N,Non-Peak,26.009614280096557
2025-09-13 18:55:06,18,N,Non-Peak,0.0
2025-09-16 17:18:31,17,N,Peak,0.0
2026-09-09 15:56:26,15,S,Non-Peak,22.04512712980587
2025-09-12 17:44:29,17,N,Peak,0.0
2026-09-26 05:49:19,5,N,Non-Peak,24.65669158947801
2026-09-26 08:45:38,8,S,Non-Peak,23.41609264405513
2026-09-18 17:36:56,17,S,Peak,14.921647164692672
2026-09-21 16:29:26,16,S,Peak,12.62943046032125
2026-09-21 07:35:11,7,W,Non-Peak,27.82045143937202
2025-09-18 17:46:51,17,N,Peak,0.0
2026-09-08 16:09:59,16,S,Peak,13.776113302054844
2026-09-22 07:21:49,7,S,Non-Peak,29.81817247627762
2026-09-01 01:03:19,1,S,Non-Peak,26.01481119950349
2025-09-09 18:54:58,18,N,Non-Peak,0.0
2026-09-21 13:06:50,13,S,Non-Peak,28.050856288809506
2026-09-20 17:41:05,17,W,Peak,13.36325719123974
2025-09-18 17:21:28,17,N,Peak,0.0
2026-09-26 06:37:29,6,N,Non-Peak,27.369149332086323
2025-09-10 18:03:12,18,N,Non-Peak,0.0
2026-09-14 20:18:51,20,W,Non-Peak,24.05676723241553
2026-09-12 23:56:12,23,S,Non-Peak,20.90595009451053
2026-09-02 03:32:47,3,W,Non-Peak,20.62792597428028
2026-09-06 05:00:22,5,S,Non-Peak,24.8052498924422
2025-09-11 17:50:05,17,N,Peak,0.0
2025-09-16 18:56:55,18,N,Non-Peak,0.0
2025-09-06 16:20:46,16,N,Peak,0.0
2026-09-08 18:18:24,18,W,Non-Peak,28.27568290601452
2026-09-04 07:21:48,7,W,Non-Peak,25.61313304577402
2026-09-09 20:13:14,20,E,Non-Peak,20.532433374196906
2025-09-15 16:31:19,16,N,Peak,0.0
2025-09-18 17:22:39,17,N,Peak,0.0
2026-09-07 04:39:18,4,N,Non-Peak,29.99902449111793
2025-09-24 17:26:59,17,N,Peak,0.0
2026-09-28 18:17:13,18,S,Non-Peak,20.518812364934632
2025-09-05 17:42:33,17,N,Peak,0.0
2025-09-09 18:27:57,18,N,Non-Peak,0.0
2026-09-17 00:16:22,0,N,Non-Peak,27.620248332796137
2026-09-22 19:07:47,19,W,Non-Peak,25.822873921082746
2026-09-29 04:11:45,4,N,Non-Peak,21.36740267138652
2025-09-11 18:53:32,18,N,Non-Peak,0.0
2026-09-15 11:16:54,11,N,Non-Peak,25.555101212122278
2026-09-06 03:02:47,3,E,Non-Peak,28.500838416190504
2026-09-08 06:57:17,6,E,Non-Peak,28.90646210332049
2025-09-22 18:11:07,18,N,Non-Peak,0.0
2025-09-20 17:27:24,17,N,Peak,0.0
2026-09-22 10:31:11,10,S,Non-Peak,27.33955867823962
2026-09-04 06:00:21,6,N,Non-Peak,24.000272273170875
2026-09-05 06:44:37,6,N,Non-Peak,26.26330451992877
2026-09-18 01:58:42,1,E,Non-Peak,26.81524855349658
2026-09-07 07:54:27,7,N,Non-Peak,27.682871100012065
2025-09-08 17:09:04,17,N,Peak,0.0
2026-09-04 15:07:15,15,S,Non-Peak,23.803703185192056
2026-09-14 00:35:34,0,W,Non-Peak,26.199954453293376
2026-09-12 12:43:29,12,E,Non-Peak,22.799166773730704
2026-09-22 03:52:13,3,E,Non-Peak,26.482463534701274
2025-09-16 17:15:07,17,N,Peak,0.0
2026-09-24 21:46:33,21,N,Non-Peak,27.87340897902856
2025-09-27 17:13:10,17,N,Peak,0.0
2026-09-01 09:09:33,9,E,Non-Peak,22.87937023405301
2026-09-30 22:48:39,22,N,Non-Peak,28.09597034026487
2025-09-16 17:45:30,17,N,Peak,0.0
2026-09-17 12:57:52,12,W,Non-Peak,21.22457910087142
2026-09-29 16:53:06,16,W,Peak,14.26817505468545
2026-09-29 05:53:03,5,E,Non-Peak,27.220142711058067
2026-09-16 17:34:15,17,S,Peak,13.143948946896291
2026-09-09 10:59:32,10,S,Non-Peak,26.86946995495335
2026-09-11 02:12:01,2,E,Non-Peak,21.731772703312675
2026-09-04 05:18:42,5,S,Non-Peak,29.76966144425637
2026-09-06 17:49:33,17,S,Peak,17.274182200698682
2025-09-01 17:07:15,17,N,Peak,0.0
2026-09-20 20:04:00,20,S,Non-Peak,26.567212061871228
2026-09-01 01:15:49,1,E,Non-Peak,20.982218110801966
2025-09-02 17:10:19,17,N,Peak,0.0
2025-09-16 18:58:42,18,N,Non-Peak,0.0
2026-09-20 12:08:04,12,S,Non-Peak,27.1204738290917
2026-09-11 04:04:52,4,E,Non-Peak,22.1462919041886
2026-09-24 22:59:33,22,S,Non-Peak,29.97711924146983
2026-09-08 04:35:22,4,W,Non-Peak,28.113669230248817
2025-09-24 16:25:18,16,N,Peak,0.0
2026-09-13 11:36:45,11,W,Non-Peak,27.861513067465424
2026-09-03 08:55:56,8,E,Non-Peak,28.404982020316886
2026-09-20 23:46:39,23,N,Non-Peak,29.618518063712443
2025-09-24 18:47:19,18,N,Non-Peak,0.0
2026-09-03 02:04:15,2,W,Non-Peak,26.21628580515798
2026-09-27 14:50:49,14,S,Non-Peak,27.63734144451579
2026-09-30 01:58:16,1,N,Non-Peak,24.133691267770367
2026-09-17 18:03:35,18,S,Non-Peak,22.311819732309274
2026-09-13 11:34:02,11,S,Non-Peak,25.67157873580634
2025-09-28 17:12:14,17,N,Peak,0.0
2025-09-13 17:50:34,17,N,Peak,0.0
2026-09-23 06:53:22,6,E,Non-Peak,20.00276028737732
2026-09-05 21:18:21,21,W,Non-Peak,21.229489187992822
2025-09-15 16:05:35,16,N,Peak,0.0
2026-09-22 21:02:52,21,N,Non-Peak,25.501566849098232
2026-09-02 18:05:28,18,W,Non-Peak,20.61969831247164
2026-09-08 12:36:12,12,W,Non-Peak,22.281514921636354
2026-09-03 04:00:03,4,W,Non-Peak,27.92208011393294
2026-09-16 04:16:51,4,E,Non-Peak,29.77466585219459
2026-09-04 13:56:35,13,W,Non-Peak,27.532922413856436
2026-09-30 21:38:39,21,W,Non-Peak,29.761115106303578
2026-09-08 15:55:46,15,E,Non-Peak,24.036935958516864
2026-09-06 23:11:48,23,S,Non-Peak,24.53819078685588
2025-09-09 16:58:10,16,N,Peak,0.0
2025-09-28 16:05:31,16,N,Peak,0.0
2026-09-06 08:02:32,8,S,Non-Peak,25.578736778664556
2026-09-19 19:44:16,19,S,Non-Peak,29.5166547134414
2026-09-01 12:16:17,12,N,Non-Peak,27.42175477098901
2025-09-20 16:29:09,16,N,Peak,0.0
2026-09-11 07:17:12,7,S,Non-Peak,20.443275483764
2026-09-30 18:31:56,18,W,Non-Peak,24.469732534393504
2026-09-20 06:51:37,6,N,Non-Peak,23.42633921983356
2025-09-21 18:44:51,18,N,Non-Peak,0.0
2026-09-13 11:26:55,11,W,Non-Peak,20.889516043001365
2026-09-03 05:14:01,5,E,Non-Peak,20.29891314000851
2025-09-04 16:29:54,16,N,Peak,0.0
2025-09-02 16:43:36,16,N,Peak,0.0
2026-09-13 02:18:58,2,W,Non-Peak,25.71363765747902
2025-09-07 16:59:45,16,N,Peak,0.0
2025-09-06 18:02:24,18,N,Non-Peak,0.0
2025-09-06 18:44:47,18,N,Non-Peak,0.0
2026-09-03 14:42:43,14,N,Non-Peak,20.67582797501578
2025-09-03 17:15:32,17,N,Peak,0.0
2026-09-26 12:57:17,12,W,Non-Peak,23.902284397087413
2026-09-16 01:56:42,1,W,Non-Peak,20.96608587763177
2026-09-26 09:22:45,9,S,Non-Peak,23.40958052751932
2026-09-13 18:35:40,18,N,Non-Peak,29.24021843521017
2025-09-02 18:34:05,18,N,Non-Peak,0.0
2026-09-11 02:01:50,2,S,Non-Peak,27.10341867123028
2026-09-29 15:16:48,15,E,Non-Peak,22.59165636716244
2026-09-12 21:00:56,21,S,Non-Peak,24.39708991891497
2026-09-30 16:25:00,16,S,Peak,13.814821438144
2026-09-29 01:25:45,1,S,Non-Peak,21.870818601807265
2026-09-13 22:15:13,22,N,Non-Peak,20.17376079740837
2026-09-24 22:30:08,22,W,Non-Peak,27.420313413373
2026-09-03 00:20:20,0,W,Non-Peak,22.335592003325445
2025-09-24 16:15:10,16,N,Peak,0.0
2026-09-18 01:48:52,1,W,Non-Peak,20.685411942891143
2026-09-16 07:19:35,7,W,Non-Peak,27.391599482491404
2026-09-21 20:18:01,20,W,Non-Peak,21.32498789221321
2025-09-09 18:14:41,18,N,Non-Peak,0.0
2026-09-16 15:35:35,15,S,Non-Peak,27.539830786840227
2026-09-18 20:19:02,20,S,Non-Peak,28.57043833627809
2026-09-14 11:35:39,11,W,Non-Peak,21.297287057193813
2026-09-14 08:53:20,8,N,Non-Peak,24.88563179510412
2025-09-03 17:56:26,17,N,Peak,0.0
2025-09-26 17:31:36,17,N,Peak,0.0
2026-09-20 17:09:13,17,E,Peak,12.829047777979422
2025-09-07 17:07:33,17,N,Peak,0.0
2026-09-11 12:43:11,12,N,Non-Peak,29.61540871940742
2026-09-22 23:13:26,23,E,Non-Peak,28.76870561877212
2026-09-19 02:53:55,2,S,Non-Peak,21.1116673429767
2026-09-19 12:19:29,12,N,Non-Peak,23.90973520857781
2025-09-07 17:40:20,17,N,Peak,0.0
2025-09-09 18:42:22,18,N,Non-Peak,0.0
2026-09-26 01:33:44,1,W,Non-Peak,25.504569126819423
2026-09-13 09:41:53,9,E,Non-Peak,28.81345340652361
2025-09-03 18:16:39,18,N,Non-Peak,0.0
2026-09-05 19:38:27,19,W,Non-Peak,21.09006474665465
2026-09-05 10:06:53,10,W,Non-Peak,26.1993681346632
2026-09-19 09:55:03,9,N,Non-Peak,25.526957030108104
2026-09-09 09:19:05,9,S,Non-Peak,27.43398264871444
2026-09-19 12:39:44,12,N,Non-Peak,27.27101900519674
2026-09-20 17:28:48,17,E,Peak,19.714393609616017
2026-09-26 16:02:12,16,W,Peak,19.029269967205096
2026-09-03 01:43:43,1,E,Non-Peak,24.64312451894103
2025-09-20 16:24:33,16,N,Peak,0.0
2026-09-09 15:20:51,15,S,Non-Peak,20.207008475753565
2025-09-08 17:47:34,17,N,Peak,0.0
2026-09-22 12:19:14,12,E,Non-Peak,26.87092607954672
2025-09-24 18:28:22,18,N,Non-Peak,0.0
2025-09-29 16:29:22,16,N,Peak,0.0
2026-09-16 11:16:05,11,N,Non-Peak,23.518460168976457
2026-09-17 11:45:34,11,S,Non-Peak,26.27911646211023
2025-09-04 18:32:12,18,N,Non-Peak,0.0
2025-09-13 18:52:23,18,N,Non-Peak,0.0
2025-09-07 18:03:25,18,N,Non-Peak,0.0
2026-09-20 12:42:00,12,S,Non-Peak,23.039375505644955
2026-09-24 10:57:35,10,S,Non-Peak,21.938408652908123
2026-09-18 06:27:06,6,W,Non-Peak,24.73011314505719
2025-09-06 17:47:21,17,N,Peak,0.0
2026-09-22 05:44:41,5,W,Non-Peak,25.581310985423457
2025-09-26 16:30:40,16,N,Peak,0.0
2026-09-13 22:19:33,22,E,Non-Peak,29.72188087810068
2026-09-15 12:35:11,12,W,Non-Peak,24.37645502971708
2026-09-02 22:47:47,22,N,Non-Peak,28.49239165052744
2026-09-08 12:57:00,12,S,Non-Peak,21.994212350128397
2025-09-11 17:39:00,17,N,Peak,0.0
2025-09-15 16:34:19,16,N,Peak,0.0
2026-09-07 10:29:39,10,S,Non-Peak,27.699477400455955
2025-09-06 16:38:47,16,N,Peak,0.0
2026-09-12 00:49:16,0,N,Non-Peak,24.865026476584767
2025-09-26 17:59:29,17,N,Peak,0.0
2026-09-13 18:17:25,18,W,Non-Peak,20.610975375793902
2026-09-28 03:59:12,3,W,Non-Peak,22.071406463468552
2026-09-12 08:33:44,8,W,Non-Peak,29.54524385464731
2026-09-10 09:34:43,9,W,Non-Peak,21.670784092001163
2026-09-22 17:42:01,17,N,Peak,13.257563159925509
2026-09-26 02:46:00,2,N,Non-Peak,20.701653018031347
2026-09-07 00:01:08,0,W,Non-Peak,23.126441605674387
2026-09-18 23:32:58,23,S,Non-Peak,24.403543685636016
2026-09-30 20:43:23,20,S,Non-Peak,20.952987500937255
2026-09-11 04:40:59,4,W,Non-Peak,20.36462701557614
2026-09-22 16:56:34,16,E,Peak,15.858246164233108
2026-09-29 21:59:38,21,E,Non-Peak,29.703848216302312
2026-09-04 18:41:01,18,N,Non-Peak,29.74479653525152
2025-09-12 18:36:12,18,N,Non-Peak,0.0
2025-09-30 16:34:09,16,N,Peak,0.0
2026-09-24 00:41:05,0,N,Non-Peak,26.49340414110732
2026-09-26 00:26:34,0,S,Non-Peak,25.4577861441351
2026-09-09 14:12:27,14,N,Non-Peak,20.452068192395107
2026-09-23 14:44:08,14,W,Non-Peak,26.25236505714425
2025-09-04 16:23:46,16,N,Peak,0.0
2026-09-22 09:49:11,9,N,Non-Peak,26.5554833349416
2026-09-02 11:27:55,11,S,Non-Peak,29.55962228141099
2026-09-21 07:24:00,7,S,Non-Peak,21.109608172536333
2026-09-06 06:56:23,6,N,Non-Peak,24.413486160792807
2026-09-01 09:56:08,9,W,Non-Peak,26.461008552176438
2026-09-28 15:26:41,15,N,Non-Peak,25.425408345905883
2026-09-28 15:13:18,15,S,Non-Peak,24.63552185302477
2026-09-16 03:16:06,3,S,Non-Peak,29.848629024523355
2026-09-11 19:55:58,19,N,Non-Peak,25.74156997971638
2026-09-20 20:52:05,20,S,Non-Peak,29.677485040251693
2026-09-01 19:18:02,19,N,Non-Peak,28.896788460531692
2026-09-30 10:08:15,10,S,Non-Peak,24.375173582108182
2025-09-22 18:16:55,18,N,Non-Peak,0.0
2025-09-22 17:15:47,17,N,Peak,0.0
2026-09-21 02:25:59,2,S,Non-Peak,26.13208794373045
2025-09-16 16:45:19,16,N,Peak,0.0
2025-09-07 18:01:02,18,N,Non-Peak,0.0
2025-09-29 17:31:02,17,N,Peak,0.0
2026-09-17 14:41:22,14,W,Non-Peak,27.324651383758283
2026-09-09 21:22:15,21,N,Non-Peak,29.08059647695992
2026-09-12 00:36:33,0,W,Non-Peak,26.312899789658932
2026-09-28 12:30:02,12,W,Non-Peak,26.24642490438833
2026-09-24 03:45:09,3,N,Non-Peak,24.38049815398192
2026-09-02 18:34:58,18,N,Non-Peak,25.855263997349557
2025-09-16 17:54:47,17,N,Peak,0.0
2026-09-22 04:18:41,4,W,Non-Peak,25.711217948063304
2025-09-13 18:01:11,18,N,Non-Peak,0.0
2026-09-10 11:46:03,11,W,Non-Peak,28.988157466542432
2025-09-10 18:03:42,18,N,Non-Peak,0.0
2026-09-03 02:54:11,2,W,Non-Peak,20.29681010156431
2026-09-12 01:30:06,1,W,Non-Peak,26.7067184001442
2026-09-25 00:32:24,0,N,Non-Peak,21.789468380650657
2025-09-18 17:57:34,17,N,Peak,0.0
2026-09-09 08:20:25,8,W,Non-Peak,25.49289379882377
2026-09-01 15:09:30,15,W,Non-Peak,26.497201177167696
2026-09-13 18:23:03,18,E,Non-Peak,23.287453865627747
2025-09-05 17:09:26,17,N,Peak,0.0
2026-09-27 16:49:46,16,S,Peak,19.416380794259368
2026-09-22 03:54:46,3,W,Non-Peak,20.514962051617545
2026-09-17 07:08:40,7,S,Non-Peak,29.112733426976888
2026-09-27 10:35:42,10,N,Non-Peak,27.36825952166221
2025-09-16 16:37:06,16,N,Peak,0.0
2026-09-29 04:01:12,4,W,Non-Peak,27.35601168415889
2025-09-15 18:53:07,18,N,Non-Peak,0.0
2026-09-11 14:27:47,14,N,Non-Peak,29.15612887864348
2026-09-29 15:03:27,15,S,Non-Peak,27.74065582976472
2026-09-16 14:51:47,14,E,Non-Peak,24.03966008533857
2026-09-23 15:18:20,15,N,Non-Peak,29.037932041300213
2026-09-05 06:29:36,6,E,Non-Peak,25.676107511318925
2026-09-03 20:45:02,20,S,Non-Peak,24.685570430375083
2026-09-09 00:49:03,0,N,Non-Peak,28.091316782659923
2026-09-18 05:48:29,5,W,Non-Peak,28.471240366527184
2026-09-29 18:22:05,18,N,Non-Peak,27.76807681875257
2025-09-23 17:08:29,17,N,Peak,0.0
2026-09-27 22:23:11,22,N,Non-Peak,24.11740981699249
2026-09-28 05:17:37,5,E,Non-Peak,23.377068481333005
2025-09-13 18:52:26,18,N,Non-Peak,0.0
2026-09-20 00:55:39,0,W,Non-Peak,24.176731899826272
2026-09-16 07:01:49,7,E,Non-Peak,21.626144174790507
2026-09-05 20:02:11,20,N,Non-Peak,20.05628353632712
2026-09-27 18:04:58,18,S,Non-Peak,29.305104769962096
2026-09-09 13:16:35,13,N,Non-Peak,29.28515212804934
2026-09-19 05:27:19,5,E,Non-Peak,29.8875726315542
2025-09-07 16:59:57,16,N,Peak,0.0
2026-09-18 00:52:12,0,W,Non-Peak,28.526063977200916
2026-09-17 07:45:38,7,N,Non-Peak,25.047329779231944
2026-09-13 13:46:53,13,W,Non-Peak,22.786643481959477
2026-09-23 20:55:00,20,S,Non-Peak,25.9358585223324
2026-09-08 18:55:47,18,E,Non-Peak,24.92723412719671
2026-09-03 16:46:54,16,N,Peak,13.556735262923038
2026-09-24 01:24:49,1,N,Non-Peak,22.062997756315585
2025-09-03 17:02:53,17,N,Peak,0.0
2026-09-04 21:56:00,21,E,Non-Peak,20.507721356970663
2026-09-21 17:35:01,17,S,Peak,15.071481603058372
2026-09-17 00:39:44,0,N,Non-Peak,29.847365694494187
2026-09-23 22:30:35,22,E,Non-Peak,28.87609671526215
2025-09-16 17:52:35,17,N,Peak,0.0
2026-09-30 06:52:48,6,W,Non-Peak,26.52828185757619
2026-09-19 19:03:00,19,E,Non-Peak,25.648451888711783
2025-09-24 16:52:25,16,N,Peak,0.0
2026-09-23 01:24:26,1,E,Non-Peak,24.9408707792295
2026-09-30 09:44:54,9,E,Non-Peak,26.167145857932
2026-09-24 22:58:55,22,E,Non-Peak,28.055278522276296
2026-09-06 06:27:52,6,W,Non-Peak,25.75370935415215
2026-09-13 07:34:26,7,W,Non-Peak,25.404169386968874
2026-09-07 09:14:26,9,N,Non-Peak,22.807716813999257
2026-09-26 00:23:11,0,E,Non-Peak,28.497026118151105
2026-09-07 07:07:08,7,N,Non-Peak,29.955540592777307
2026-09-30 20:45:28,20,N,Non-Peak,29.02298630182077
2026-09-06 02:24:09,2,N,Non-Peak,21.12550107810472
2025-09-07 16:45:20,16,N,Peak,0.0
2026-09-25 11:22:34,11,E,Non-Peak,24.395217249059854
2026-09-26 03:54:51,3,W,Non-Peak,21.420486932169016
2026-09-20 03:11:40,3,E,Non-Peak,27.852331769863262
2026-09-02 00:26:34,0,S,Non-Peak,26.235076122246756
2026-09-25 11:06:10,11,N,Non-Peak,24.977149271005644
2026-09-26 13:04:56,13,E,Non-Peak,27.890576783978837
2026-09-07 00:53:33,0,E,Non-Peak,24.045788740239846
2025-09-24 17:02:19,17,N,Peak,0.0
2025-09-20 16:27:33,16,N,Peak,0.0
2025-09-24 18:40:55,18,N,Non-Peak,0.0
2026-09-05 11:59:51,11,E,Non-Peak,29.05710916499797
2025-09-16 18:57:45,18,N,Non-Peak,0.0
2026-09-30 21:23:56,21,N,Non-Peak,28.26693454139896
2026-09-09 08:41:42,8,W,Non-Peak,24.85976287150637
2026-09-08 14:25:00,14,N,Non-Peak,27.931176018015165
2026-09-28 02:47:40,2,N,Non-Peak,25.80081335968588
2026-09-23 02:40:30,2,E,Non-Peak,24.490922883501558
2026-09-03 15:42:43,15,N,Non-Peak,20.75211888854179
2025-09-24 18:18:30,18,N,Non-Peak,0.0
2025-09-15 18:21:32,18,N,Non-Peak,0.0
2026-09-26 21:26:41,21,N,Non-Peak,28.051685327136383
2025-09-08 18:35:52,18,N,Non-Peak,0.0
2026-09-13 03:15:21,3,S,Non-Peak,23.725836021232627
2026-09-08 22:38:46,22,E,Non-Peak,27.157045049819285
2026-09-30 09:22:52,9,N,Non-Peak,22.94712005240277
2025-09-04 18:05:02,18,N,Non-Peak,0.0
2026-09-28 02:03:13,2,S,Non-Peak,21.993004541466703
2026-09-01 02:18:00,2,W,Non-Peak,24.852629916318463
2026-09-02 10:07:14,10,S,Non-Peak,25.64549724231282
2026-09-15 19:26:01,19,E,Non-Peak,20.57107064383861
2026-09-05 11:33:25,11,S,Non-Peak,20.9861149977467
2026-09-12 00:34:15,0,W,Non-Peak,29.55957046087796
2025-09-16 17:23:13,17,N,Peak,0.0
2026-09-28 17:46:16,17,N,Peak,11.43418918890038
2025-09-23 18:19:56,18,N,Non-Peak,0.0
2025-09-20 16:37:47,16,N,Peak,0.0
2026-09-20 15:03:21,15,N,Non-Peak,24.131035095985663
2026-09-06 01:46:48,1,W,Non-Peak,24.908344353342304
2026-09-29 22:56:14,22,W,Non-Peak,28.934669624888787
2026-09-18 11:53:42,11,W,Non-Peak,27.340600208163966
2026-09-22 05:22:46,5,E,Non-Peak,24.124437769804917
2026-09-10 19:19:21,19,S,Non-Peak,20.709526500926597
2026-09-27 17:05:34,17,E,Peak,18.001331138738042
2025-09-22 16:49:50,16,N,Peak,0.0
2026-09-16 16:58:55,16,S,Peak,14.220161565923132
2025-09-26 16:55:59,16,N,Peak,0.0
2025-09-15 16:42:33,16,N,Peak,0.0
2025-09-10 18:25:33,18,N,Non-Peak,0.0
2026-09-03 01:37:22,1,E,Non-Peak,21.79988532383901
2026-09-27 10:07:45,10,E,Non-Peak,27.170957568154915
2026-09-11 08:17:41,8,N,Non-Peak,27.4756650104912
2026-09-23 15:38:48,15,N,Non-Peak,27.672163610251303
2026-09-21 03:43:21,3,E,Non-Peak,24.96351978045936
2025-09-29 17:39:59,17,N,Peak,0.0
2025-09-12 18:54:13,18,N,Non-Peak,0.0
2026-09-30 03:13:20,3,E,Non-Peak,26.04726993990563
2026-09-13 13:11:14,13,E,Non-Peak,27.025320952085867
2025-09-30 16:48:46,16,N,Peak,0.0
2026-09-07 14:10:05,14,N,Non-Peak,27.16823993486745
2026-09-03 15:39:50,15,N,Non-Peak,22.00437633110097
2026-09-11 22:10:10,22,S,Non-Peak,22.442069197476645
2026-09-23 05:56:01,5,N,Non-Peak,25.806676520746677
2026-09-14 14:37:35,14,W,Non-Peak,26.34677605809576
2026-09-12 13:16:25,13,S,Non-Peak,24.65920379474492
2026-09-11 18:36:52,18,N,Non-Peak,29.32366709375914
2026-09-15 05:03:03,5,E,Non-Peak,28.48175507126201
2026-09-18 11:04:49,11,N,Non-Peak,22.291735844246386
2025-09-29 16:41:16,16,N,Peak,0.0
2026-09-28 01:24:11,1,S,Non-Peak,27.46870350669247
2026-09-14 23:20:25,23,S,Non-Peak,22.243614122934744
2025-09-06 18:39:48,18,N,Non-Peak,0.0
2025-09-04 17:51:25,17,N,Peak,0.0
2025-09-10 16:59:11,16,N,Peak,0.0
2026-09-08 16:14:16,16,W,Peak,12.059641550541334
2026-09-29 02:17:05,2,W,Non-Peak,21.65617820981092
2026-09-01 21:54:47,21,E,Non-Peak,25.398719087774936
2026-09-13 06:03:12,6,S,Non-Peak,21.50037111352596
2025-09-20 16:28:21,16,N,Peak,0.0
2026-09-28 02:43:56,2,E,Non-Peak,28.524019323066884
2026-09-13 00:44:14,0,S,Non-Peak,21.119494238059232
2026-09-25 16:47:16,16,S,Peak,19.993337463597857
2026-09-20 19:50:34,19,E,Non-Peak,29.26227091887861
2026-09-22 17:41:13,17,S,Peak,17.424754935114336
2026-09-17 03:31:28,3,W,Non-Peak,21.190531808344765
2026-09-02 10:19:57,10,E,Non-Peak,27.822031248800123
2026-09-26 13:51:09,13,S,Non-Peak,22.16075035487706
2025-09-24 16:42:57,16,N,Peak,0.0
2026-09-23 01:18:07,1,S,Non-Peak,24.023371270553028
2026-09-04 02:51:05,2,N,Non-Peak,25.33524423237412
2026-09-23 16:30:32,16,S,Peak,13.58494749041614
2025-09-13 17:30:08,17,N,Peak,0.0
2026-09-03 12:32:55,12,S,Non-Peak,28.711628798733138
2025-09-28 16:41:21,16,N,Peak,0.0
2026-09-27 00:40:18,0,S,Non-Peak,22.63806631990257
2026-09-24 14:53:16,14,N,Non-Peak,23.89459943923077
2026-09-24 23:20:04,23,N,Non-Peak,23.956127238853824
2026-09-28 10:16:27,10,N,Non-Peak,28.345095643315208
2026-09-12 06:39:34,6,N,Non-Peak,25.42590591869942
2026-09-07 12:10:43,12,E,Non-Peak,22.979114551242365
2026-09-01 13:35:56,13,S,Non-Peak,28.38319751856089
2026-09-23 03:51:58,3,N,Non-Peak,27.041529410607914
2026-09-21 01:46:52,1,E,Non-Peak,28.09258386677083
2026-09-03 00:28:22,0,N,Non-Peak,27.13697299187734
2026-09-10 11:17:12,11,N,Non-Peak,29.372975261597816
2025-09-30 16:41:37,16,N,Peak,0.0
2026-09-15 13:31:37,13,S,Non-Peak,24.559406346200333
2026-09-13 12:32:46,12,E,Non-Peak,22.43738722508666
2026-09-21 01:24:01,1,N,Non-Peak,27.38558187682033
2026-09-24 23:29:43,23,N,Non-Peak,24.75793686617581
2026-09-05 19:04:06,19,S,Non-Peak,20.806183113770363
2026-09-14 10:07:04,10,N,Non-Peak,24.54693610676249
2026-09-08 14:07:35,14,E,Non-Peak,29.55143991916941
2026-09-20 04:43:45,4,N,Non-Peak,22.402979915679666
2025-09-21 16:24:34,16,N,Peak,0.0
2026-09-08 15:14:50,15,N,Non-Peak,24.378651452644185
2026-09-13 13:52:35,13,S,Non-Peak,28.0812226894013
2026-09-13 09:42:56,9,S,Non-Peak,25.99637098946658
2026-09-16 02:13:55,2,N,Non-Peak,23.230630266100945
2026-09-19 03:24:57,3,W,Non-Peak,29.786820623659708
2025-09-29 16:46:46,16,N,Peak,0.0
2026-09-27 07:42:03,7,W,Non-Peak,22.810785728797462
2026-09-10 12:11:26,12,W,Non-Peak,21.149187158016883
2025-09-24 17:58:20,17,N,Peak,0.0
2025-09-18 18:22:06,18,N,Non-Peak,0.0
2026-09-18 06:12:48,6,W,Non-Peak,21.7137654252637
2026-09-15 19:58:57,19,W,Non-Peak,28.77529356044677
2025-09-04 16:32:42,16,N,Peak,0.0
2026-09-11 18:19:52,18,N,Non-Peak,27.618130334627224
2025-09-20 17:04:31,17,N,Peak,0.0
2026-09-24 14:49:18,14,E,Non-Peak,22.38923894193013
2025-09-27 18:58:10,18,N,Non-Peak,0.0
2026-09-30 17:10:12,17,W,Peak,12.80903740294498
2026-09-15 01:15:45,1,W,Non-Peak,21.552661370098487
2025-09-16 18:55:43,18,N,Non-Peak,0.0
2025-09-02 16:30:35,16,N,Peak,0.0
2025-09-18 17:58:08,17,N,Peak,0.0
2025-09-30 17:58:15,17,N,Peak,0.0
2025-09-08 16:30:24,16,N,Peak,0.0
2026-09-20 19:46:00,19,N,Non-Peak,26.88591412837246
2026-09-12 06:46:15,6,E,Non-Peak,29.66012515790992
2026-09-04 01:08:08,1,W,Non-Peak,27.12476975337718
2026-09-20 17:37:14,17,N,Peak,16.94351714516435
2026-09-14 00:26:51,0,N,Non-Peak,23.765336209005564
2026-09-06 17:21:39,17,E,Peak,12.249420622048037
2025-09-11 18:47:47,18,N,Non-Peak,0.0
2026-09-28 01:49:42,1,S,Non-Peak,28.847687654511823
2025-09-10 18:13:14,18,N,Non-Peak,0.0
2026-09-08 17:17:37,17,S,Peak,17.67039781094086
2026-09-03 01:09:17,1,S,Non-Peak,20.532623413294846
2026-09-27 02:14:09,2,N,Non-Peak,22.90909430331305
2025-09-24 18:07:55,18,N,Non-Peak,0.0
2026-09-01 06:42:38,6,N,Non-Peak,22.02220896613972
2025-09-19 17:58:44,17,N,Peak,0.0
2025-09-11 16:31:31,16,N,Peak,0.0
2026-09-03 06:24:48,6,W,Non-Peak,24.76660121210882
2026-09-28 14:46:25,14,E,Non-Peak,25.189594270997617
2025-09-18 17:43:34,17,N,Peak,0.0
2025-09-07 18:45:57,18,N,Non-Peak,0.0
2026-09-05 13:39:07,13,W,Non-Peak,21.66242111678984
2026-09-27 16:40:47,16,S,Peak,17.58087517986907
2025-09-21 16:37:53,16,N,Peak,0.0
2026-09-27 08:44:54,8,S,Non-Peak,25.736179213991868
2026-09-25 04:22:27,4,N,Non-Peak,24.039680245708748
2026-09-18 08:31:47,8,N,Non-Peak,24.73894030429117
2026-09-26 13:21:54,13,N,Non-Peak,22.821715593649447
2025-09-21 16:29:20,16,N,Peak,0.0
2026-09-08 20:46:35,20,W,Non-Peak,24.100582238096496
2025-09-13 17:14:36,17,N,Peak,0.0
2026-09-03 23:34:44,23,S,Non-Peak,26.342427141578767
2025-09-11 18:03:38,18,N,Non-Peak,0.0
2025-09-16 18:18:28,18,N,Non-Peak,0.0
2026-09-05 21:18:00,21,E,Non-Peak,27.35908150077884
2026-09-03 16:34:14,16,N,Peak,19.72102298969742
2025-09-24 17:40:31,17,N,Peak,0.0
2026-09-28 06:04:23,6,E,Non-Peak,29.11232731341764
2026-09-18 08:29:32,8,E,Non-Peak,22.24158700123112
2026-09-04 10:20:56,10,N,Non-Peak,23.769786249032908
2026-09-01 20:28:22,20,N,Non-Peak,26.05894314889451
2026-09-21 12:30:41,12,E,Non-Peak,26.19954011609874
2025-09-23 16:04:59,16,N,Peak,0.0
2026-09-06 13:46:38,13,E,Non-Peak,25.399653237583948
2026-09-14 18:40:31,18,N,Non-Peak,22.128401972546577
2026-09-29 03:07:54,3,E,Non-Peak,29.643106888877806
2026-09-08 01:44:35,1,E,Non-Peak,27.37742561562245
2026-09-17 08:34:02,8,W,Non-Peak,21.94779155522605
2026-09-05 23:27:34,23,N,Non-Peak,21.37358605202525
2026-09-08 09:59:14,9,W,Non-Peak,24.86919991296638
2025-09-13 16:17:31,16,N,Peak,0.0
2026-09-18 11:41:32,11,S,Non-Peak,22.4369368358319
2026-09-30 09:38:33,9,E,Non-Peak,28.56099630404689
2026-09-14 19:46:58,19,W,Non-Peak,28.13052245503847
2026-09-02 20:29:39,20,E,Non-Peak,27.5126270978339
2026-09-13 18:39:22,18,E,Non-Peak,28.14030232692584
2026-09-27 12:40:23,12,E,Non-Peak,21.10099336205094
2025-09-01 16:11:38,16,N,Peak,0.0
2026-09-02 03:31:47,3,N,Non-Peak,24.40510518622749
2026-09-22 07:28:04,7,S,Non-Peak,20.315831209419997
2026-09-12 14:10:27,14,E,Non-Peak,28.295082950906423
2025-09-16 17:27:17,17,N,Peak,0.0
2025-09-24 18:37:37,18,N,Non-Peak,0.0
2026-09-16 21:23:15,21,S,Non-Peak,27.681068957206605
2025-09-13 18:41:45,18,N,Non-Peak,0.0
2026-09-24 06:13:21,6,E,Non-Peak,27.144013526243963
2026-09-30 04:13:43,4,W,Non-Peak,28.18263154816906
2025-09-10 17:10:58,17,N,Peak,0.0
2026-09-07 17:24:41,17,E,Peak,14.189962526596272
2026-09-18 11:34:40,11,W,Non-Peak,28.77027736559687
2026-09-17 15:27:14,15,W,Non-Peak,28.05614537412076
2026-09-26 04:17:15,4,S,Non-Peak,26.65378928059738
2026-09-24 08:35:14,8,S,Non-Peak,23.96711865329551
2025-09-19 18:39:56,18,N,Non-Peak,0.0
2026-09-15 18:01:04,18,N,Non-Peak,28.597207514285884
2026-09-15 18:19:51,18,N,Non-Peak,29.044438702843955
2026-09-11 07:36:22,7,N,Non-Peak,23.740383835927755
2026-09-25 11:07:03,11,N,Non-Peak,26.371037032064777
2026-09-19 09:21:19,9,W,Non-Peak,25.00656057056104
2025-09-13 18:05:17,18,N,Non-Peak,0.0
2025-09-23 17:36:02,17,N,Peak,0.0
2026-09-27 21:36:45,21,S,Non-Peak,22.28734320839306
2026-09-18 13:56:17,13,S,Non-Peak,27.86869437098292
2026-09-02 22:07:22,22,E,Non-Peak,20.01278931158194
2025-09-20 17:06:58,17,N,Peak,0.0
2026-09-26 01:29:56,1,S,Non-Peak,24.27803451392888
2026-09-11 10:06:46,10,S,Non-Peak,23.830585992433782
2025-09-26 16:01:58,16,N,Peak,0.0
2026-09-20 12:23:23,12,W,Non-Peak,20.39981087208054
2026-09-07 03:29:38,3,W,Non-Peak,26.395643082163662
2026-09-22 06:52:45,6,E,Non-Peak,29.14081242738012
2026-09-29 07:05:56,7,S,Non-Peak,23.99771638628104
2025-09-05 17:36:28,17,N,Peak,0.0
2026-09-30 03:10:15,3,S,Non-Peak,24.74019475808468
2026-09-12 15:52:48,15,W,Non-Peak,20.99416864183808
2026-09-26 11:35:41,11,S,Non-Peak,22.646989289769973
2026-09-19 07:26:35,7,E,Non-Peak,29.79035613717044
2025-09-16 17:07:15,17,N,Peak,0.0
2025-09-09 17:58:35,17,N,Peak,0.0
2026-09-06 11:35:21,11,W,Non-Peak,24.30234579710341
2025-09-09 17:08:51,17,N,Peak,0.0
2025-09-24 18:22:19,18,N,Non-Peak,0.0
2025-09-05 18:36:22,18,N,Non-Peak,0.0
2026-09-14 21:11:15,21,N,Non-Peak,20.10098612993613
2025-09-24 18:13:59,18,N,Non-Peak,0.0
2026-09-21 19:43:40,19,E,Non-Peak,23.82418228147616
2026-09-30 06:49:05,6,N,Non-Peak,23.805244616948343
2026-09-06 13:05:34,13,W,Non-Peak,24.32323083197902
2025-09-08 16:15:35,16,N,Peak,0.0
2026-09-15 11:35:10,11,S,Non-Peak,21.181369758236595
2026-09-10 18:23:53,18,N,Non-Peak,28.03333464939224
2026-09-28 21:37:32,21,N,Non-Peak,27.921144326660876
2026-09-19 17:57:37,17,S,Peak,15.450015284366293
2026-09-04 11:11:26,11,N,Non-Peak,26.90351381905488
2026-09-24 16:37:23,16,E,Peak,14.971718824651749
2026-09-21 22:43:03,22,W,Non-Peak,20.99949586839156
2026-09-16 23:06:37,23,E,Non-Peak,23.23176235886661
2025-09-27 17:19:00,17,N,Peak,0.0
2026-09-28 02:42:59,2,E,Non-Peak,25.383496344499395
2026-09-24 18:49:58,18,E,Non-Peak,29.833890005811803
2026-09-05 05:53:54,5,S,Non-Peak,22.95862194872526
2025-09-23 16:00:56,16,N,Peak,0.0
2026-09-22 01:30:41,1,N,Non-Peak,23.896337651565386
2026-09-01 08:48:41,8,W,Non-Peak,25.0072558526472
2026-09-02 18:25:43,18,S,Non-Peak,21.040056992607692
2026-09-05 12:06:44,12,N,Non-Peak,25.51194781740744
2025-09-30 17:50:54,17,N,Peak,0.0
2026-09-29 13:39:11,13,W,Non-Peak,21.463094441015155
2026-09-28 03:42:10,3,E,Non-Peak,29.045626033489214
2026-09-23 17:01:23,17,E,Peak,16.951160163116818
2026-09-03 08:04:24,8,S,Non-Peak,23.21766840954771
2026-09-01 18:55:39,18,E,Non-Peak,28.329818634793547
2026-09-12 19:04:14,19,E,Non-Peak,29.70629846884599
2026-09-07 10:13:48,10,W,Non-Peak,25.11157180264064
2026-09-19 10:57:36,10,E,Non-Peak,22.56075471917553
2026-09-23 09:44:00,9,E,Non-Peak,23.85923833274517
2026-09-01 14:30:34,14,E,Non-Peak,22.498714962063996
2026-09-10 16:02:54,16,E,Peak,15.46372631678046
2026-09-26 10:08:20,10,S,Non-Peak,23.27480442738893
2026-09-16 08:53:22,8,E,Non-Peak,22.682735944151112
2025-09-27 16:03:51,16,N,Peak,0.0
2026-09-07 05:07:15,5,W,Non-Peak,23.020255139573447
2026-09-16 00:51:06,0,W,Non-Peak,21.89584863761817
2026-09-12 23:04:42,23,E,Non-Peak,25.35248644313217
2026-09-10 04:02:37,4,S,Non-Peak,29.988719922160776
2026-09-29 17:11:37,17,S,Peak,18.854437375880195
2026-09-24 13:47:30,13,W,Non-Peak,25.96037337092273
2025-09-01 16:41:30,16,N,Peak,0.0
2026-09-02 16:10:39,16,N,Peak,17.21435857816648
2026-09-11 19:05:47,19,S,Non-Peak,26.52117662518346
2026-09-26 09:39:02,9,W,Non-Peak,29.512653056667563
2025-09-24 18:41:40,18,N,Non-Peak,0.0
2025-09-13 17:40:49,17,N,Peak,0.0
2026-09-25 05:16:02,5,N,Non-Peak,20.33000534827772
2026-09-07 02:01:37,2,N,Non-Peak,20.56725928746864
2026-09-11 10:53:34,10,W,Non-Peak,26.304681691946094
2026-09-24 03:42:43,3,W,Non-Peak,25.74425698622537
2026-09-09 01:17:05,1,S,Non-Peak,29.04538907282648
2026-09-09 20:19:36,20,S,Non-Peak,27.44016209660525
2025-09-24 18:25:48,18,N,Non-Peak,0.0
2026-09-01 06:21:25,6,N,Non-Peak,27.079429541302225
2026-09-18 05:49:39,5,N,Non-Peak,20.64826580713973
2026-09-20 08:04:06,8,W,Non-Peak,23.32804401506988
2026-09-02 20:06:25,20,S,Non-Peak,24.49468166831594
2026-09-23 13:20:46,13,E,Non-Peak,23.65919730081874
2025-09-09 18:36:14,18,N,Non-Peak,0.0
2026-09-16 03:04:38,3,N,Non-Peak,29.046011251276408
2026-09-30 19:23:19,19,E,Non-Peak,29.072432596244425
2025-09-20 18:04:51,18,N,Non-Peak,0.0
2026-09-09 20:20:58,20,E,Non-Peak,24.70193532640367
2026-09-23 17:03:42,17,N,Peak,14.71329955923045
2025-09-10 16:17:38,16,N,Peak,0.0
2026-09-11 13:59:34,13,E,Non-Peak,27.26967432252401
2025-09-04 17:12:58,17,N,Peak,0.0
2026-09-06 14:13:50,14,N,Non-Peak,23.522171127585896
2025-09-02 16:43:16,16,N,Peak,0.0
2026-09-05 08:02:08,8,S,Non-Peak,27.87965827427066
2026-09-28 11:41:55,11,S,Non-Peak,22.141227382978705
2026-09-22 20:22:42,20,E,Non-Peak,21.02227964209617
2026-09-27 06:46:41,6,N,Non-Peak,24.782448746508408
2026-09-23 14:32:11,14,E,Non-Peak,23.56407338633393
2026-09-04 03:47:53,3,N,Non-Peak,28.49233266835647
2026-09-07 20:00:27,20,S,Non-Peak,26.55189245553017
2025-09-24 18:00:25,18,N,Non-Peak,0.0
2026-09-25 06:41:17,6,S,Non-Peak,20.04223807608788
2026-09-08 23:33:40,23,E,Non-Peak,22.80971931328404
2026-09-21 09:26:58,9,W,Non-Peak,26.351358423567305
2025-09-16 18:22:54,18,N,Non-Peak,0.0
2025-09-10 16:08:22,16,N,Peak,0.0
2025-09-06 18:50:28,18,N,Non-Peak,0.0
2026-09-25 23:13:55,23,S,Non-Peak,27.676929260625915
2025-09-18 16:50:15,16,N,Peak,0.0
2026-09-03 06:40:55,6,W,Non-Peak,23.25313596458224
2026-09-10 23:44:47,23,N,Non-Peak,20.804081000022855
2026-09-11 20:14:29,20,E,Non-Peak,23.515618307945903
2025-09-27 18:00:33,18,N,Non-Peak,0.0
2026-09-04 20:01:57,20,S,Non-Peak,22.465669483344776
2025-09-03 18:15:40,18,N,Non-Peak,0.0
2026-09-08 00:49:12,0,E,Non-Peak,27.807573767975256
2026-09-25 01:00:46,1,S,Non-Peak,27.327687299493896
2026-09-16 14:19:25,14,N,Non-Peak,23.70405378570764
2026-09-10 13:36:56,13,E,Non-Peak,22.61447509906666
2026-09-09 08:20:47,8,W,Non-Peak,25.342501042062143
2026-09-22 20:20:16,20,N,Non-Peak,20.40151505618979
2026-09-12 19:58:01,19,W,Non-Peak,25.092143109410053
2026-09-05 15:23:50,15,S,Non-Peak,21.45580885265989
2026-09-06 17:35:07,17,S,Peak,14.640438454319334
2026-09-20 12:29:20,12,W,Non-Peak,25.710685184229945
2026-09-19 14:17:04,14,S,Non-Peak,24.610534662140584
2025-09-12 17:14:43,17,N,Peak,0.0
2026-09-26 03:12:54,3,E,Non-Peak,23.586719925997443
2026-09-16 07:46:08,7,N,Non-Peak,20.539259216113816
2026-09-24 08:55:06,8,W,Non-Peak,21.46841237684061
2026-09-26 06:59:54,6,E,Non-Peak,27.54178960261504
2025-09-13 18:29:22,18,N,Non-Peak,0.0
2026-09-09 10:13:32,10,S,Non-Peak,25.123287593207984
2025-09-07 17:53:02,17,N,Peak,0.0
2025-09-03 18:40:33,18,N,Non-Peak,0.0
2025-09-21 18:22:30,18,N,Non-Peak,0.0
2026-09-12 14:02:10,14,E,Non-Peak,21.263651433652143
2026-09-29 18:48:06,18,E,Non-Peak,27.67227720606699
2026-09-20 07:56:57,7,N,Non-Peak,24.09562417862977
2025-09-01 16:29:12,16,N,Peak,0.0
2026-09-22 06:47:35,6,N,Non-Peak,29.19576068641431
2026-09-17 03:14:09,3,E,Non-Peak,22.24374093900884
2026-09-23 05:58:55,5,E,Non-Peak,25.95733678421109
2026-09-14 05:41:42,5,N,Non-Peak,25.80911252164695
2025-09-15 16:53:34,16,N,Peak,0.0
2026-09-02 00:15:20,0,S,Non-Peak,23.09434132088841
2026-09-04 02:07:11,2,N,Non-Peak,22.74148499303505
2025-09-07 18:22:26,18,N,Non-Peak,0.0
2025-09-12 16:03:45,16,N,Peak,0.0
2026-09-28 07:23:51,7,N,Non-Peak,28.01427549846317
2026-09-19 11:12:09,11,S,Non-Peak,20.575351308780583
2026-09-22 19:02:22,19,S,Non-Peak,20.34552115456206
2026-09-11 16:54:22,16,S,Peak,13.30905423647054
2026-09-10 07:40:36,7,E,Non-Peak,22.53239540992299
2026-09-21 13:29:17,13,N,Non-Peak,22.117852469431156
2025-09-08 18:40:10,18,N,Non-Peak,0.0
2026-09-28 04:04:09,4,E,Non-Peak,29.33688057925573
2026-09-09 04:25:36,4,N,Non-Peak,21.783967084949147
2025-09-30 17:15:24,17,N,Peak,0.0
2026-09-22 03:32:33,3,N,Non-Peak,26.16551741490724
2026-09-27 15:57:56,15,S,Non-Peak,23.705650275770488
2026-09-30 14:46:06,14,E,Non-Peak,29.917633358156056
2025-09-10 16:38:22,16,N,Peak,0.0
2026-09-07 22:45:55,22,W,Non-Peak,24.36333053992348
2025-09-01 17:15:01,17,N,Peak,0.0
2026-09-05 13:36:39,13,S,Non-Peak,29.751325687448528
2026-09-29 09:27:47,9,W,Non-Peak,22.697756059357957
2026-09-08 11:27:34,11,E,Non-Peak,29.5208122745924
2025-09-04 16:44:29,16,N,Peak,0.0
2025-09-24 16:58:08,16,N,Peak,0.0
2026-09-22 11:24:47,11,W,Non-Peak,28.83560484560539
2026-09-03 14:27:34,14,W,Non-Peak,29.20483094136482
2025-09-20 18:54:41,18,N,Non-Peak,0.0
2025-09-18 18:55:48,18,N,Non-Peak,0.0
2026-09-26 16:04:01,16,S,Peak,16.298799796323763
2025-09-03 17:58:46,17,N,Peak,0.0
2026-09-30 19:52:14,19,N,Non-Peak,20.456665745271497
2025-09-26 18:49:26,18,N,Non-Peak,0.0
2026-09-01 20:40:53,20,N,Non-Peak,21.694935145429152
2025-09-04 17:16:06,17,N,Peak,0.0
2026-09-06 04:05:13,4,E,Non-Peak,26.590082494615167
2025-09-24 16:44:05,16,N,Peak,0.0
2025-09-27 16:06:55,16,N,Peak,0.0
2026-09-21 19:43:55,19,W,Non-Peak,26.858538352154333
2025-09-24 18:18:08,18,N,Non-Peak,0.0
2026-09-02 18:34:47,18,N,Non-Peak,21.179334821324293
2025-09-15 16:50:46,16,N,Peak,0.0
2025-09-27 18:33:59,18,N,Non-Peak,0.0
2026-09-15 15:43:15,15,N,Non-Peak,27.702969719943532
2026-09-12 05:56:53,5,N,Non-Peak,23.759482051839825
2026-09-04 05:36:35,5,N,Non-Peak,23.1629381096014
2026-09-28 01:46:09,1,S,Non-Peak,24.83308606329818
2026-09-24 16:34:59,16,N,Peak,19.788873722489484
2026-09-20 20:08:17,20,E,Non-Peak,28.72405463534469
2026-09-14 08:55:35,8,E,Non-Peak,21.6282009797929
2026-09-07 05:18:15,5,W,Non-Peak,25.31086406936129
2026-09-05 21:06:01,21,S,Non-Peak,28.051040136940685
2026-09-02 13:47:14,13,W,Non-Peak,25.56587265889272
2026-09-01 14:27:15,14,E,Non-Peak,26.41806369838238
2025-09-27 16:01:02,16,N,Peak,0.0
2025-09-29 17:51:47,17,N,Peak,0.0
2026-09-02 21:36:19,21,E,Non-Peak,28.64566022245877
2026-09-14 06:03:30,6,S,Non-Peak,29.699671112336706
2026-09-04 16:44:17,16,S,Peak,14.80469116463053
2025-09-09 18:43:13,18,N,Non-Peak,0.0
2026-09-14 22:01:47,22,E,Non-Peak,21.003818707105424
2026-09-17 23:00:58,23,S,Non-Peak,25.28568920457464
2025-09-13 18:43:05,18,N,Non-Peak,0.0
2025-09-30 16:57:50,16,N,Peak,0.0
2026-09-17 11:43:38,11,E,Non-Peak,25.132196737880065
2026-09-23 05:46:01,5,W,Non-Peak,26.528037618397445
2026-09-14 00:11:59,0,N,Non-Peak,28.738639096769127
2025-09-11 17:46:40,17,N,Peak,0.0
2026-09-05 23:28:10,23,W,Non-Peak,28.07990376642151
2026-09-17 10:14:34,10,N,Non-Peak,29.90904041141092
2026-09-19 11:37:38,11,E,Non-Peak,22.204159294738336
2026-09-16 09:29:24,9,E,Non-Peak,29.951818237600342
2026-09-09 22:56:40,22,N,Non-Peak,29.205691658213247
2026-09-30 03:37:21,3,E,Non-Peak,21.42752022898382
2025-09-07 16:21:51,16,N,Peak,0.0
2026-09-07 04:34:16,4,W,Non-Peak,21.401580375748058
2026-09-09 12:45:41,12,W,Non-Peak,24.82897085376606
2026-09-28 02:35:04,2,N,Non-Peak,23.425182361909023
2026-09-26 22:34:10,22,N,Non-Peak,20.76115505549688
2026-09-13 17:23:36,17,E,Peak,10.299468610171552
2026-09-12 03:15:12,3,N,Non-Peak,25.96560965516207
2025-09-01 17:03:12,17,N,Peak,0.0
2026-09-20 23:14:07,23,N,Non-Peak,24.34915610795508
2025-09-11 18:26:51,18,N,Non-Peak,0.0
2026-09-17 16:38:27,16,S,Peak,10.826585166096152
2026-09-07 20:53:17,20,S,Non-Peak,21.845472722065185
2025-09-26 18:07:24,18,N,Non-Peak,0.0
2026-09-24 05:39:39,5,E,Non-Peak,21.58103835151149
2025-09-07 17:43:02,17,N,Peak,0.0
2025-09-03 17:44:14,17,N,Peak,0.0
2025-09-08 17:12:07,17,N,Peak,0.0
2025-09-18 17:41:49,17,N,Peak,0.0
2026-09-25 20:15:52,20,N,Non-Peak,29.868951995773088
2026-09-28 01:31:50,1,N,Non-Peak,28.45279757113781
2026-09-03 12:21:15,12,N,Non-Peak,23.325210144680696
2025-09-12 17:17:49,17,N,Peak,0.0
2026-09-01 08:15:27,8,N,Non-Peak,23.776418829875908
2026-09-08 09:36:47,9,W,Non-Peak,24.39378455324184
2026-09-29 05:54:02,5,E,Non-Peak,23.83414351942808
2026-09-14 05:19:33,5,N,Non-Peak,23.47311545285188
2026-09-08 11:53:49,11,E,Non-Peak,25.989159791467355
2025-09-01 16:38:39,16,N,Peak,0.0
2026-09-13 08:16:00,8,E,Non-Peak,29.661793118081896
2026-09-18 18:02:18,18,W,Non-Peak,24.184207398558268
2026-09-27 19:22:44,19,N,Non-Peak,26.94889670939289
2025-09-13 17:52:34,17,N,Peak,0.0
2025-09-21 17:21:25,17,N,Peak,0.0
2025-09-04 18:33:32,18,N,Non-Peak,0.0
2026-09-15 21:16:24,21,E,Non-Peak,27.762650815504102
2025-09-23 18:02:35,18,N,Non-Peak,0.0
2026-09-01 14:02:00,14,N,Non-Peak,22.28221951575764
2026-09-25 21:33:30,21,W,Non-Peak,24.54051152718265
2026-09-24 23:11:51,23,N,Non-Peak,26.239673781299647
2026-09-14 20:58:00,20,E,Non-Peak,27.17612395176457
2026-09-04 14:12:16,14,S,Non-Peak,25.846362743329024
2026-09-04 05:27:37,5,W,Non-Peak,28.932156892089395
2026-09-13 14:33:33,14,S,Non-Peak,25.602352889122287
2025-09-03 17:43:10,17,N,Peak,0.0
2026-09-07 07:07:00,7,S,Non-Peak,22.72404249935315
2026-09-14 08:03:41,8,S,Non-Peak,26.711295513311605
2026-09-07 14:46:46,14,S,Non-Peak,27.417911685036792
2025-09-02 18:22:33,18,N,Non-Peak,0.0
2025-09-11 18:20:24,18,N,Non-Peak,0.0
2025-09-27 18:13:05,18,N,Non-Peak,0.0
2026-09-16 04:21:08,4,E,Non-Peak,22.117200225935083
2026-09-16 11:12:11,11,N,Non-Peak,23.700013057062307
2025-09-28 17:37:31,17,N,Peak,0.0
2025-09-02 17:57:31,17,N,Peak,0.0
2025-09-28 17:03:17,17,N,Peak,0.0
2026-09-29 17:32:50,17,W,Peak,14.056460683125882
2026-09-19 20:33:20,20,S,Non-Peak,22.127634099943933
2026-09-18 12:24:45,12,W,Non-Peak,26.951223344836464
2026-09-24 13:26:16,13,N,Non-Peak,22.328858368186605
2026-09-23 09:22:26,9,E,Non-Peak,29.186839743337053
2026-09-09 08:44:43,8,W,Non-Peak,23.817759630629947
2026-09-08 09:35:40,9,S,Non-Peak,29.69238319758918
2025-09-18 16:53:11,16,N,Peak,0.0
2025-09-28 18:10:23,18,N,Non-Peak,0.0
2026-09-18 14:11:10,14,W,Non-Peak,21.8381852939812
2026-09-03 04:59:58,4,E,Non-Peak,26.84461290819426
2025-09-02 17:51:37,17,N,Peak,0.0
2026-09-02 02:43:44,2,N,Non-Peak,21.64823945282133
2025-09-26 17:05:40,17,N,Peak,0.0
2026-09-24 15:19:14,15,E,Non-Peak,27.97632128847953
2025-09-05 17:01:17,17,N,Peak,0.0
2026-09-24 05:03:17,5,S,Non-Peak,28.35035833506004
2025-09-21 16:07:35,16,N,Peak,0.0
2026-09-02 12:38:37,12,E,Non-Peak,23.61433685667262
2025-09-22 17:15:58,17,N,Peak,0.0
2026-09-05 00:18:55,0,N,Non-Peak,20.642303040649733
2025-09-07 16:21:24,16,N,Peak,0.0
2026-09-02 06:26:57,6,W,Non-Peak,28.03791468042182
2025-09-18 16:47:30,16,N,Peak,0.0
2026-09-18 00:52:12,0,W,Non-Peak,28.526063977200916
2026-09-25 04:37:11,4,N,Non-Peak,28.72877596261418
2026-09-08 23:12:57,23,S,Non-Peak,22.1166253914046
2025-09-24 16:50:27,16,N,Peak,0.0
2026-09-27 14:38:46,14,N,Non-Peak,29.195474567496557
2025-09-23 16:55:20,16,N,Peak,0.0
2026-09-01 19:57:35,19,E,Non-Peak,27.522420758025696
2025-09-24 18:18:19,18,N,Non-Peak,0.0
2026-09-30 21:38:09,21,N,Non-Peak,22.92477104355301
2026-09-13 15:58:30,15,N,Non-Peak,24.39243927933749
2025-09-24 17:17:58,17,N,Peak,0.0
2026-09-29 06:14:37,6,S,Non-Peak,29.56101671173712
2025-09-05 17:56:05,17,N,Peak,0.0
2026-09-29 21:09:09,21,N,Non-Peak,25.754634859251876
2026-09-20 05:03:13,5,N,Non-Peak,29.692962641828704
2026-09-30 14:32:25,14,S,Non-Peak,29.55285052327095
2025-09-18 17:11:27,17,N,Peak,0.0
2025-09-30 17:40:57,17,N,Peak,0.0
2026-09-16 18:39:57,18,N,Non-Peak,21.389907765096577
2026-09-19 01:03:47,1,N,Non-Peak,22.846879905729946
2026-09-27 15:48:42,15,E,Non-Peak,25.790164919947443
2026-09-12 07:18:40,7,S,Non-Peak,20.206858937401854
2025-09-15 18:55:49,18,N,Non-Peak,0.0
2026-09-25 02:00:22,2,W,Non-Peak,27.273833891287246
2025-09-22 18:54:14,18,N,Non-Peak,0.0
2026-09-08 16:13:16,16,W,Peak,14.659611725001902
2026-09-18 03:02:44,3,E,Non-Peak,22.373738132014417
2026-09-22 09:32:43,9,W,Non-Peak,23.211790263046595
2026-09-29 04:17:28,4,W,Non-Peak,21.359318020823896
2025-09-18 17:55:09,17,N,Peak,0.0
2026-09-30 05:49:22,5,N,Non-Peak,27.41971582592217
2026-09-17 16:11:01,16,E,Peak,14.951653928275832
2026-09-11 04:22:51,4,S,Non-Peak,26.417179471846584
2026-09-08 01:58:17,1,W,Non-Peak,21.97524670998564
2026-09-27 05:58:40,5,E,Non-Peak,28.62003296477668
2026-09-25 13:11:35,13,N,Non-Peak,29.47119402277169
2026-09-13 20:12:22,20,S,Non-Peak,25.79517179405944
2026-09-21 21:54:33,21,E,Non-Peak,29.95384247331269
2026-09-15 05:26:55,5,E,Non-Peak,29.287285806110493
2026-09-14 08:59:37,8,E,Non-Peak,25.361074501678125
2025-09-02 18:21:01,18,N,Non-Peak,0.0
2026-09-18 22:10:11,22,W,Non-Peak,24.250862840043798
2025-09-11 16:18:46,16,N,Peak,0.0
2026-09-13 03:02:36,3,S,Non-Peak,29.50996096538598
2026-09-20 21:21:17,21,W,Non-Peak,21.46030470708027
2026-09-24 19:16:07,19,W,Non-Peak,26.15660003557607
2025-09-30 17:49:51,17,N,Peak,0.0
2025-09-05 17:28:50,17,N,Peak,0.0
2025-09-24 18:01:19,18,N,Non-Peak,0.0
2026-09-01 09:49:18,9,S,Non-Peak,21.327670595363028
2026-09-15 08:03:04,8,S,Non-Peak,28.792309356662148
2026-09-08 14:32:52,14,W,Non-Peak,28.4349348242588
2025-09-01 17:01:37,17,N,Peak,0.0
2025-09-30 16:09:28,16,N,Peak,0.0
2025-09-04 18:13:37,18,N,Non-Peak,0.0
2026-09-29 07:01:11,7,S,Non-Peak,20.46122337945608
2026-09-02 05:12:10,5,W,Non-Peak,22.43085402087314
2026-09-06 13:46:14,13,S,Non-Peak,28.08111457799074
2026-09-04 00:33:10,0,W,Non-Peak,23.06456726799472
2026-09-03 10:09:40,10,S,Non-Peak,22.68654223624204
2026-09-15 06:14:52,6,N,Non-Peak,24.36338565830372
2026-09-06 06:51:52,6,S,Non-Peak,23.70227024976053
2026-09-15 04:45:09,4,S,Non-Peak,26.55584244260837
2026-09-04 07:44:02,7,W,Non-Peak,20.35081285675297
2026-09-08 23:47:22,23,N,Non-Peak,20.04900101824133
2026-09-20 02:42:53,2,W,Non-Peak,24.79058324209673
2025-09-28 17:59:37,17,N,Peak,0.0
2026-09-13 14:02:57,14,S,Non-Peak,22.86268005066097
2025-09-13 18:58:48,18,N,Non-Peak,0.0
2026-09-27 02:17:15,2,S,Non-Peak,27.475241545047524
2025-09-18 17:41:15,17,N,Peak,0.0
2025-09-04 17:46:26,17,N,Peak,0.0
2026-09-02 15:16:57,15,N,Non-Peak,26.390320082646507
2025-09-12 17:46:27,17,N,Peak,0.0
2025-09-16 16:57:30,16,N,Peak,0.0
2026-09-17 13:56:13,13,S,Non-Peak,29.166632114355515
2025-09-07 18:13:32,18,N,Non-Peak,0.0
2025-09-07 17:13:48,17,N,Peak,0.0
2025-09-05 16:54:31,16,N,Peak,0.0
2026-09-03 00:15:59,0,S,Non-Peak,28.614140848150495
2026-09-21 20:49:41,20,E,Non-Peak,29.03566419488413
2026-09-18 12:45:50,12,W,Non-Peak,25.68642180682493
2026-09-21 02:44:02,2,E,Non-Peak,29.99120251401448
2026-09-14 14:44:24,14,W,Non-Peak,25.754254658070614
2026-09-15 22:12:54,22,N,Non-Peak,26.589060264851376
2026-09-10 11:24:29,11,N,Non-Peak,24.63437799898887
2025-09-07 18:42:32,18,N,Non-Peak,0.0
2026-09-15 03:27:59,3,N,Non-Peak,22.349409552343666
2026-09-15 03:00:27,3,E,Non-Peak,29.26931072352168
2026-09-01 05:43:36,5,S,Non-Peak,20.641948586007544
2026-09-16 18:54:00,18,E,Non-Peak,28.36837513530953
2026-09-24 03:37:20,3,S,Non-Peak,26.697578986201176
2025-09-12 17:14:08,17,N,Peak,0.0
2026-09-23 15:38:12,15,S,Non-Peak,26.38855860628036
2025-09-30 16:16:09,16,N,Peak,0.0
2026-09-22 18:22:23,18,S,Non-Peak,21.97865047983645
2025-09-24 16:42:59,16,N,Peak,0.0
2026-09-18 09:23:53,9,S,Non-Peak,29.243899095814957
2026-09-04 03:29:06,3,W,Non-Peak,24.115912968847827
2026-09-25 04:05:08,4,N,Non-Peak,26.71689522531592
2026-09-06 17:18:00,17,W,Peak,15.0348747728066
2026-09-29 10:02:01,10,E,Non-Peak,26.005284224806942
2026-09-19 08:42:37,8,W,Non-Peak,28.20023951930732
2026-09-07 23:39:12,23,S,Non-Peak,22.15053198450518
2025-09-05 18:44:22,18,N,Non-Peak,0.0
2026-09-14 09:16:11,9,E,Non-Peak,29.50692788800469
2026-09-13 00:28:48,0,W,Non-Peak,21.80709399958633
2026-09-30 23:32:50,23,S,Non-Peak,22.543978962421757
2026-09-15 21:12:46,21,S,Non-Peak,25.594435117782144
2026-09-22 18:18:29,18,W,Non-Peak,21.76118001240704
2026-09-18 04:10:13,4,W,Non-Peak,29.283383982898208
2026-09-24 11:21:42,11,E,Non-Peak,27.287371485340834
2026-09-18 03:08:03,3,W,Non-Peak,25.09008631155121
2026-09-09 06:32:57,6,W,Non-Peak,27.112779428808373
2026-09-12 14:11:14,14,E,Non-Peak,28.353236005758664
2026-09-16 07:16:31,7,S,Non-Peak,24.34289157056215
2026-09-24 20:20:14,20,N,Non-Peak,29.06137136721509
2026-09-23 23:26:09,23,S,Non-Peak,20.751252370469047
2025-09-04 16:12:25,16,N,Peak,0.0
2026-09-01 14:53:48,14,N,Non-Peak,24.500238013244992
2025-09-03 17:19:23,17,N,Peak,0.0
2026-09-27 21:38:45,21,S,Non-Peak,28.664610604584198
2026-09-02 13:33:18,13,S,Non-Peak,24.19172809487791
2026-09-04 02:43:42,2,S,Non-Peak,21.579698310813384
2025-09-08 18:39:43,18,N,Non-Peak,0.0
2026-09-14 16:06:52,16,W,Peak,15.963556046466165
2026-09-15 20:47:35,20,E,Non-Peak,24.55530921969105
2025-09-13 16:14:41,16,N,Peak,0.0
2026-09-07 21:43:33,21,E,Non-Peak,27.21285772259312
2026-09-25 17:51:06,17,W,Peak,16.37215266774985
2025-09-27 16:12:45,16,N,Peak,0.0
2026-09-17 01:57:45,1,N,Non-Peak,29.57890617321785
2025-09-16 18:59:49,18,N,Non-Peak,0.0
2026-09-09 21:14:25,21,N,Non-Peak,25.871204442720497
2026-09-23 19:13:01,19,N,Non-Peak,24.84164486841337
2025-09-03 18:21:12,18,N,Non-Peak,0.0
2026-09-08 14:52:04,14,N,Non-Peak,26.366043292417668
2025-09-24 16:14:25,16,N,Peak,0.0
2026-09-25 22:06:53,22,N,Non-Peak,27.05826013587244
2026-09-24 22:08:29,22,E,Non-Peak,21.9793822982531
2026-09-28 18:56:00,18,E,Non-Peak,20.52029750217767
2025-09-13 16:03:03,16,N,Peak,0.0
2026-09-02 13:03:26,13,E,Non-Peak,24.4757062600285
2025-09-10 17:19:21,17,N,Peak,0.0
2026-09-11 01:38:33,1,S,Non-Peak,23.770466734504
2026-09-09 06:26:39,6,S,Non-Peak,24.716717153486645
2026-09-29 14:25:54,14,E,Non-Peak,24.054493623651247
2026-09-16 07:20:51,7,S,Non-Peak,25.04299914537569
2026-09-04 19:48:26,19,S,Non-Peak,25.440873215208278
2025-09-23 18:00:04,18,N,Non-Peak,0.0
2026-09-29 19:11:35,19,N,Non-Peak,21.186905323914765
2025-09-04 16:40:26,16,N,Peak,0.0
2026-09-21 20:04:39,20,N,Non-Peak,28.714778465246457
2026-09-15 15:42:07,15,N,Non-Peak,22.200293082557412
2026-09-11 11:09:59,11,S,Non-Peak,21.796092972738165
2025-09-18 18:29:57,18,N,Non-Peak,0.0
2026-09-01 02:38:51,2,S,Non-Peak,28.508082732830403
2026-09-21 10:49:22,10,N,Non-Peak,27.186324799205018
2026-09-30 19:17:06,19,W,Non-Peak,23.167157608495533
2026-09-03 23:12:18,23,N,Non-Peak,25.80250319318403
2025-09-28 16:33:27,16,N,Peak,0.0
2026-09-23 10:02:25,10,E,Non-Peak,20.88357459687912
2025-09-29 16:46:28,16,N,Peak,0.0
2026-09-16 21:00:55,21,S,Non-Peak,22.745823143464083
2026-09-28 02:05:05,2,S,Non-Peak,28.437110315487125
2026-09-25 00:56:50,0,W,Non-Peak,22.738875805028265
2026-09-15 09:59:14,9,N,Non-Peak,27.626842016714363
2026-09-09 08:02:29,8,S,Non-Peak,21.60120795999856
2025-09-15 17:14:46,17,N,Peak,0.0
2026-09-12 19:13:09,19,E,Non-Peak,23.01360456200092
2026-09-09 16:54:54,16,W,Peak,12.715152603409065
2026-09-07 18:18:33,18,S,Non-Peak,25.178872795683
2026-09-02 21:11:32,21,E,Non-Peak,26.158892622857863
2026-09-06 04:10:27,4,S,Non-Peak,28.54120567498348
2026-09-26 11:24:42,11,S,Non-Peak,25.377987779393003
2026-09-25 05:08:59,5,E,Non-Peak,25.149935728291
2025-09-13 17:04:47,17,N,Peak,0.0
2025-09-05 17:05:45,17,N,Peak,0.0
2025-09-10 18:40:08,18,N,Non-Peak,0.0
2026-09-19 16:09:12,16,N,Peak,18.72935329488737
2026-09-22 16:09:41,16,N,Peak,16.733651597885434
2026-09-15 19:57:20,19,N,Non-Peak,28.80854098246953
2025-09-01 18:07:07,18,N,Non-Peak,0.0
2026-09-09 04:44:11,4,N,Non-Peak,24.137664863412883
2026-09-05 15:54:52,15,E,Non-Peak,28.15475029957125
2026-09-04 13:44:20,13,W,Non-Peak,29.92150488081365
2026-09-29 00:32:43,0,S,Non-Peak,25.492224667105315
2025-09-07 17:25:12,17,N,Peak,0.0
2026-09-19 02:30:46,2,W,Non-Peak,26.534192893922132
2026-09-18 07:42:19,7,S,Non-Peak,21.66128977582376
2026-09-02 16:15:19,16,E,Peak,19.737799722967743
2026-09-05 06:19:54,6,S,Non-Peak,24.719090153545203
2026-09-19 21:26:14,21,E,Non-Peak,21.012833420064982
2026-09-27 14:52:42,14,E,Non-Peak,24.9772030072076
2026-09-28 17:31:18,17,S,Peak,15.047586894749433
2026-09-01 12:14:26,12,N,Non-Peak,29.91411591568162
2026-09-27 21:06:40,21,E,Non-Peak,22.581404257725254
2026-09-03 22:01:41,22,E,Non-Peak,20.24365092300901
2026-09-02 11:32:11,11,S,Non-Peak,26.38045589608305
2026-09-30 17:33:38,17,E,Peak,19.346524672189396
2026-09-01 18:45:50,18,E,Non-Peak,28.26505699601721
2026-09-07 00:20:37,0,N,Non-Peak,22.16317319718636
2025-09-24 18:20:33,18,N,Non-Peak,0.0
2026-09-17 14:47:35,14,E,Non-Peak,28.106592714121163
2026-09-27 10:39:45,10,S,Non-Peak,23.098891818365267
2026-09-11 11:53:26,11,W,Non-Peak,23.984112776900467
2025-09-20 16:04:09,16,N,Peak,0.0
2026-09-20 16:34:49,16,E,Peak,18.78504198495615
2025-09-30 18:01:06,18,N,Non-Peak,0.0
2025-09-07 18:12:32,18,N,Non-Peak,0.0
2025-09-24 16:41:40,16,N,Peak,0.0
2025-09-20 17:53:58,17,N,Peak,0.0
2026-09-05 22:45:04,22,W,Non-Peak,21.10203930970455
2026-09-02 05:22:46,5,N,Non-Peak,20.551213318263503
2026-09-05 22:45:04,22,W,Non-Peak,21.10203930970455
2026-09-23 23:59:07,23,S,Non-Peak,22.85801198558147
2026-09-15 23:06:36,23,W,Non-Peak,22.8204044969062
2025-09-30 16:16:22,16,N,Peak,0.0
2026-09-11 03:48:58,3,W,Non-Peak,27.70597526664954
2026-09-30 18:51:40,18,E,Non-Peak,21.798268673225778
2026-09-16 00:57:57,0,N,Non-Peak,26.303696762134955
2026-09-29 05:36:46,5,W,Non-Peak,25.686078441756667
2026-09-09 23:16:36,23,E,Non-Peak,21.77807349298771
2026-09-19 16:25:50,16,W,Peak,14.75617622993035
2026-09-11 03:14:26,3,N,Non-Peak,23.11635834335609
2026-09-23 09:47:54,9,S,Non-Peak,25.54836809979099
2026-09-19 13:04:19,13,N,Non-Peak,23.40936018443005
2025-09-21 17:14:07,17,N,Peak,0.0
2026-09-14 14:30:48,14,W,Non-Peak,27.138398738655344
2026-09-07 09:10:25,9,W,Non-Peak,24.916230318821203
2026-09-29 14:00:46,14,N,Non-Peak,22.82804559563406
2026-09-01 09:04:32,9,W,Non-Peak,28.193386711794183
2026-09-07 11:46:18,11,W,Non-Peak,20.394050123212768
2026-09-18 22:12:55,22,S,Non-Peak,25.30265859080072
2025-09-26 17:02:04,17,N,Peak,0.0
2025-09-02 18:11:16,18,N,Non-Peak,0.0
2026-09-02 22:22:26,22,E,Non-Peak,29.468980447445027
2026-09-11 10:14:36,10,S,Non-Peak,26.364053680850155
2026-09-24 02:52:08,2,N,Non-Peak,21.366757122016224
2025-09-16 18:11:06,18,N,Non-Peak,0.0
2026-09-30 06:39:12,6,E,Non-Peak,25.13322075406657
2026-09-30 13:56:48,13,N,Non-Peak,26.05675527227356
2026-09-16 21:40:05,21,W,Non-Peak,26.67481857934888
2026-09-29 18:28:12,18,S,Non-Peak,28.779974167833792
2026-09-05 05:07:49,5,N,Non-Peak,20.247520667512333
2026-09-15 12:11:04,12,E,Non-Peak,25.820080765729035
2026-09-19 19:21:05,19,N,Non-Peak,21.531413567057697
2025-09-08 16:58:21,16,N,Peak,0.0
2026-09-20 14:09:17,14,S,Non-Peak,29.211824031366483
2026-09-03 16:34:14,16,N,Peak,19.72102298969742
2026-09-10 08:23:47,8,W,Non-Peak,28.59720646839992
2026-09-11 07:35:01,7,S,Non-Peak,28.9232553859431
2026-09-13 04:37:30,4,W,Non-Peak,25.078018458162383
2025-09-03 17:25:35,17,N,Peak,0.0
2025-09-06 17:05:24,17,N,Peak,0.0
2026-09-26 22:36:00,22,E,Non-Peak,29.01425743411473
2026-09-12 08:53:50,8,E,Non-Peak,29.430912754111468
2026-09-10 10:57:55,10,W,Non-Peak,20.488367695770524
2026-09-13 02:30:04,2,E,Non-Peak,21.86560183055092
2025-09-29 18:18:37,18,N,Non-Peak,0.0
2026-09-09 13:43:02,13,N,Non-Peak,27.90112956498915
2025-09-27 18:32:35,18,N,Non-Peak,0.0
2025-09-11 18:49:09,18,N,Non-Peak,0.0
2026-09-14 01:27:32,1,S,Non-Peak,23.98174641672712
2026-09-06 20:59:17,20,E,Non-Peak,24.73496973491728
2025-09-22 18:40:27,18,N,Non-Peak,0.0
2025-09-16 16:42:43,16,N,Peak,0.0
2025-09-04 16:14:39,16,N,Peak,0.0
2026-09-18 16:30:08,16,E,Peak,12.050864302577766
2025-09-19 16:55:37,16,N,Peak,0.0
2026-09-03 08:42:18,8,S,Non-Peak,29.13018956804776
2026-09-29 10:35:40,10,E,Non-Peak,22.59628882941015
2026-09-30 02:54:55,2,W,Non-Peak,23.65782720658062
2026-09-03 02:01:41,2,W,Non-Peak,20.319240821035457
2026-09-01 11:06:36,11,S,Non-Peak,23.565160779157523
2026-09-28 22:17:54,22,S,Non-Peak,28.75060797306858
2025-09-30 16:50:36,16,N,Peak,0.0
2026-09-02 10:45:35,10,S,Non-Peak,24.46924242583885
2026-09-26 01:35:42,1,N,Non-Peak,21.845351538751867
2026-09-09 17:22:26,17,N,Peak,16.545133440002264
2025-09-22 18:13:41,18,N,Non-Peak,0.0
2026-09-22 15:01:27,15,N,Non-Peak,21.19448563746016
2026-09-11 11:22:27,11,W,Non-Peak,21.257212118740892
2026-09-02 00:12:12,0,E,Non-Peak,29.262457575475867
2026-09-20 02:08:31,2,S,Non-Peak,20.80614981926089
2026-09-27 10:09:28,10,E,Non-Peak,25.828727804029757
2025-09-23 16:12:41,16,N,Peak,0.0
2026-09-22 05:22:32,5,E,Non-Peak,22.47838708879676
2026-09-24 11:15:01,11,E,Non-Peak,26.70368452569868
2025-09-11 16:06:32,16,N,Peak,0.0
2026-09-12 05:56:24,5,W,Non-Peak,24.638556966448284
2026-09-07 00:44:16,0,S,Non-Peak,21.357247131379463
2025-09-22 16:33:17,16,N,Peak,0.0
2026-09-06 09:41:47,9,W,Non-Peak,25.605469108623677
2025-09-04 17:12:12,17,N,Peak,0.0
2026-09-19 14:27:34,14,S,Non-Peak,26.426669342280867
2025-09-05 16:49:56,16,N,Peak,0.0
2026-09-15 05:21:28,5,S,Non-Peak,28.802443981000245
2025-09-09 17:10:47,17,N,Peak,0.0
2026-09-16 02:40:39,2,E,Non-Peak,20.861067108882875
2025-09-09 17:07:12,17,N,Peak,0.0
2026-09-21 02:50:28,2,N,Non-Peak,24.95868430679549
2026-09-21 12:26:49,12,N,Non-Peak,25.865124591835567
2025-09-29 17:05:50,17,N,Peak,0.0
2025-09-01 16:57:34,16,N,Peak,0.0
2026-09-17 01:47:02,1,E,Non-Peak,28.70172699830836
2026-09-12 15:59:39,15,N,Non-Peak,20.3096543754967
2026-09-22 14:47:41,14,N,Non-Peak,23.15358434337422
2025-09-21 18:39:03,18,N,Non-Peak,0.0
2026-09-02 01:57:21,1,W,Non-Peak,29.20411075243875
2026-09-05 10:02:48,10,E,Non-Peak,20.39227618316664
2026-09-18 12:09:15,12,S,Non-Peak,21.20698969511525
2025-09-30 17:54:07,17,N,Peak,0.0
2026-09-07 13:52:35,13,S,Non-Peak,25.05103278422597
2025-09-02 18:02:19,18,N,Non-Peak,0.0
2026-09-04 21:29:31,21,N,Non-Peak,21.495026175553598
2025-09-28 18:58:24,18,N,Non-Peak,0.0
2025-09-27 18:22:14,18,N,Non-Peak,0.0
2026-09-14 19:12:52,19,E,Non-Peak,26.142800997344988
2026-09-16 03:42:19,3,N,Non-Peak,25.649113382359
2025-09-09 16:00:35,16,N,Peak,0.0
2026-09-27 21:06:28,21,N,Non-Peak,26.6308868241507
2026-09-25 15:23:52,15,E,Non-Peak,26.84907519769954
2026-09-23 22:22:02,22,E,Non-Peak,24.64351145311453
2025-09-24 17:32:17,17,N,Peak,0.0
2025-09-08 17:46:14,17,N,Peak,0.0
2026-09-16 10:31:21,10,S,Non-Peak,29.43890917983749
2026-09-14 14:47:43,14,S,Non-Peak,24.05867772619947
2026-09-18 19:53:31,19,W,Non-Peak,27.968871647228937
2026-09-30 13:58:55,13,E,Non-Peak,29.95823803807447
2026-09-08 13:54:50,13,W,Non-Peak,24.849624647525413
2026-09-17 00:23:33,0,E,Non-Peak,24.34524056711973
2025-09-12 18:13:04,18,N,Non-Peak,0.0
2026-09-21 21:56:13,21,E,Non-Peak,21.536207362822783
2026-09-21 22:35:56,22,N,Non-Peak,27.0661518363403
2026-09-10 00:35:43,0,S,Non-Peak,24.94360850181938
2026-09-09 01:13:41,1,N,Non-Peak,26.611760205163176
2025-09-19 17:32:02,17,N,Peak,0.0
2026-09-01 05:58:06,5,N,Non-Peak,21.866348822215063
2025-09-26 16:47:57,16,N,Peak,0.0
2026-09-01 04:27:54,4,W,Non-Peak,27.740190728197582
2026-09-30 16:12:36,16,W,Peak,12.430936693156458
2025-09-12 16:45:19,16,N,Peak,0.0
2026-09-09 02:14:18,2,E,Non-Peak,21.36157147732417
2026-09-09 02:28:03,2,E,Non-Peak,25.65238505732425
2026-09-03 08:47:59,8,N,Non-Peak,23.12374861379864
2026-09-02 16:29:00,16,N,Peak,12.545687629351397
2026-09-09 05:37:27,5,W,Non-Peak,22.63356121525366
2026-09-08 22:47:02,22,W,Non-Peak,20.0030228665694
2026-09-21 03:55:34,3,E,Non-Peak,20.845273443570967
2025-09-13 17:12:56,17,N,Peak,0.0
2026-09-18 09:29:59,9,S,Non-Peak,22.095894173596506
2026-09-19 14:33:34,14,W,Non-Peak,21.24499702302627
2026-09-23 21:49:16,21,W,Non-Peak,21.66036413848093
2025-09-11 17:27:56,17,N,Peak,0.0
2025-09-09 17:09:27,17,N,Peak,0.0
2026-09-26 17:47:25,17,N,Peak,18.828730094959933
2026-09-27 12:38:01,12,S,Non-Peak,26.0666467811842
2026-09-25 04:37:58,4,E,Non-Peak,20.574040959902355
2025-09-07 17:51:23,17,N,Peak,0.0
2026-09-23 05:33:49,5,S,Non-Peak,22.01872723821195
2026-09-29 17:55:19,17,S,Peak,15.369722603547194
2026-09-29 06:29:03,6,E,Non-Peak,21.03825426842845
2025-09-12 16:00:09,16,N,Peak,0.0
2026-09-24 04:26:12,4,S,Non-Peak,29.46919794268158
2025-09-05 18:31:32,18,N,Non-Peak,0.0
2026-09-29 05:04:00,5,S,Non-Peak,25.75175757103094
2026-09-21 06:49:41,6,E,Non-Peak,22.27779623829086
2025-09-22 17:34:44,17,N,Peak,0.0
2026-09-22 13:55:24,13,S,Non-Peak,26.78905675835278
2025-09-18 16:06:52,16,N,Peak,0.0
2026-09-04 06:30:12,6,S,Non-Peak,25.084961381663792
2026-09-01 22:19:19,22,W,Non-Peak,22.80676298321229
2025-09-16 17:48:23,17,N,Peak,0.0
2025-09-10 18:47:23,18,N,Non-Peak,0.0
2026-09-14 06:02:41,6,N,Non-Peak,25.275694668171937
2025-09-04 17:30:30,17,N,Peak,0.0
2026-09-04 04:58:42,4,N,Non-Peak,24.73280274209018
2026-09-09 08:03:44,8,W,Non-Peak,27.829304816278054
2025-09-13 17:14:28,17,N,Peak,0.0
2026-09-10 05:05:03,5,E,Non-Peak,25.151719182891988
2025-09-21 16:35:45,16,N,Peak,0.0
2026-09-14 18:15:54,18,N,Non-Peak,26.1299455669999
2026-09-12 23:08:16,23,E,Non-Peak,29.989780233418664
2025-09-19 18:27:50,18,N,Non-Peak,0.0
2026-09-13 00:57:50,0,N,Non-Peak,24.98847888954945
2026-09-14 05:54:04,5,N,Non-Peak,29.246514713625302
2026-09-15 08:51:23,8,S,Non-Peak,23.587165600111103
2026-09-08 22:58:53,22,N,Non-Peak,23.245563748641985
2025-09-26 17:53:36,17,N,Peak,0.0
2025-09-09 16:00:15,16,N,Peak,0.0
2025-09-10 18:10:01,18,N,Non-Peak,0.0
2026-09-09 04:07:50,4,S,Non-Peak,25.578098420087763
2025-09-13 18:13:10,18,N,Non-Peak,0.0
2026-09-21 00:14:59,0,E,Non-Peak,23.312584933490516
2026-09-14 14:39:55,14,N,Non-Peak,20.22134132851888
2026-09-08 14:21:02,14,N,Non-Peak,20.33550281827688
2026-09-11 09:57:18,9,S,Non-Peak,21.97298711700174
2026-09-02 12:45:21,12,N,Non-Peak,29.946490410287428
2025-09-18 18:03:47,18,N,Non-Peak,0.0
2026-09-06 10:45:45,10,S,Non-Peak,25.97141997732819
2026-09-21 20:33:18,20,S,Non-Peak,26.02922069850565
2025-09-21 18:48:22,18,N,Non-Peak,0.0
2025-09-28 17:14:55,17,N,Peak,0.0
2026-09-28 22:38:44,22,S,Non-Peak,27.04556664720901
2026-09-08 13:54:37,13,W,Non-Peak,29.018303603870365
2026-09-09 02:02:14,2,N,Non-Peak,26.89086940502889
2026-09-30 04:38:30,4,W,Non-Peak,20.934140394797204
2026-09-11 01:48:01,1,W,Non-Peak,22.009685477485085
2025-09-01 18:38:49,18,N,Non-Peak,0.0
2026-09-10 22:14:20,22,N,Non-Peak,21.686042141591745
2026-09-04 01:40:34,1,N,Non-Peak,26.26700773840176
2026-09-02 20:15:09,20,E,Non-Peak,26.817518362127903
2025-09-09 18:26:26,18,N,Non-Peak,0.0
2025-09-04 17:48:43,17,N,Peak,0.0
2026-09-24 22:48:20,22,E,Non-Peak,24.177571598466617
2026-09-24 15:06:56,15,E,Non-Peak,27.054069483058072
2025-09-24 18:20:31,18,N,Non-Peak,0.0
2026-09-11 02:46:18,2,S,Non-Peak,29.284942546725773
2026-09-28 17:38:20,17,E,Peak,13.903621640786854
2025-09-16 16:56:50,16,N,Peak,0.0
2025-09-05 17:41:49,17,N,Peak,0.0
2026-09-27 05:21:02,5,E,Non-Peak,20.69175537658321
2026-09-18 12:43:37,12,E,Non-Peak,26.76780187434116
2026-09-23 19:47:11,19,N,Non-Peak,25.028312114193675
2026-09-25 20:41:05,20,N,Non-Peak,22.656923917882903
2026-09-11 20:12:54,20,E,Non-Peak,28.258675454218952
2026-09-26 13:53:31,13,W,Non-Peak,25.885990610225264
2026-09-21 07:54:42,7,E,Non-Peak,27.74046157176533
2025-09-18 18:21:48,18,N,Non-Peak,0.0
2025-09-28 16:58:14,16,N,Peak,0.0
2025-09-16 18:01:01,18,N,Non-Peak,0.0
2026-09-29 17:49:10,17,E,Peak,12.738000594855212
2026-09-03 22:46:40,22,E,Non-Peak,29.799261636903392
2025-09-02 17:44:31,17,N,Peak,0.0
2026-09-29 20:23:35,20,N,Non-Peak,25.414745468121883
2026-09-19 11:01:10,11,N,Non-Peak,24.411901172803866
2026-09-14 09:25:47,9,W,Non-Peak,22.38405592430126
2025-09-03 17:48:38,17,N,Peak,0.0
2026-09-02 12:54:21,12,S,Non-Peak,27.07734350771195
2026-09-11 23:17:08,23,N,Non-Peak,24.47731138127964
2026-09-24 15:31:40,15,E,Non-Peak,27.751550605089
2025-09-18 17:21:02,17,N,Peak,0.0
2026-09-28 07:49:59,7,E,Non-Peak,20.85649362478106
2025-09-19 16:22:54,16,N,Peak,0.0
2025-09-21 18:39:14,18,N,Non-Peak,0.0
2025-09-01 17:02:47,17,N,Peak,0.0
2026-09-08 23:35:24,23,E,Non-Peak,24.13636588935371
2026-09-28 04:19:17,4,W,Non-Peak,26.282619476355706
2026-09-15 21:12:45,21,E,Non-Peak,20.905931088756542
2026-09-20 06:10:09,6,E,Non-Peak,22.638970904311098
2026-09-11 23:41:08,23,E,Non-Peak,21.169080073766324
2026-09-03 18:44:34,18,S,Non-Peak,24.03444360357265
2026-09-26 19:16:32,19,E,Non-Peak,22.809067568694932
2025-09-16 16:57:11,16,N,Peak,0.0
2026-09-20 21:16:45,21,N,Non-Peak,23.99356969533028
2026-09-04 10:45:55,10,S,Non-Peak,29.36288403514985
2026-09-17 18:42:26,18,W,Non-Peak,28.6308115390661
2026-09-16 04:40:50,4,W,Non-Peak,22.016495008403982
2025-09-10 18:10:38,18,N,Non-Peak,0.0
2026-09-20 19:45:05,19,S,Non-Peak,23.637172582299627
2026-09-02 19:42:01,19,N,Non-Peak,27.180768921410667
2026-09-19 06:31:43,6,N,Non-Peak,22.18584377793994
2026-09-13 10:54:09,10,S,Non-Peak,29.97036151977212
2026-09-10 04:06:14,4,S,Non-Peak,20.72349667041075
2026-09-04 03:18:22,3,W,Non-Peak,24.379295530130413
2025-09-16 17:06:07,17,N,Peak,0.0
2026-09-13 04:51:14,4,E,Non-Peak,22.56168309112651
2026-09-16 00:52:33,0,E,Non-Peak,26.43579933464062
2026-09-01 20:17:17,20,E,Non-Peak,25.48740988745005
2025-09-15 17:29:45,17,N,Peak,0.0
2026-09-08 08:31:06,8,S,Non-Peak,21.082140644489805
2025-09-26 16:14:18,16,N,Peak,0.0
2026-09-29 11:54:36,11,W,Non-Peak,23.42816426338528
2025-09-12 16:55:09,16,N,Peak,0.0
2025-09-13 17:33:14,17,N,Peak,0.0
2026-09-27 21:12:25,21,N,Non-Peak,28.565144373180097
2026-09-30 16:09:52,16,W,Peak,19.854500657994176
2025-09-23 17:55:35,17,N,Peak,0.0
2026-09-17 02:56:48,2,N,Non-Peak,21.505520955337232
2026-09-22 18:58:48,18,E,Non-Peak,28.930367971603125
2025-09-12 16:50:29,16,N,Peak,0.0
2026-09-20 12:11:28,12,E,Non-Peak,25.79044602095351
2026-09-09 14:42:02,14,S,Non-Peak,22.039015056677776
2026-09-05 01:33:55,1,E,Non-Peak,28.5511613682534
2026-09-08 05:18:01,5,N,Non-Peak,25.153154675411
2026-09-28 17:53:14,17,N,Peak,11.670275521604731
2026-09-11 12:39:47,12,N,Non-Peak,24.517697377665783
2026-09-27 18:14:17,18,N,Non-Peak,29.501885031719763
2025-09-16 16:53:43,16,N,Peak,0.0
2026-09-26 19:06:28,19,W,Non-Peak,29.67714016473043
2025-09-10 18:37:45,18,N,Non-Peak,0.0
2026-09-17 02:11:16,2,E,Non-Peak,29.28370853324044
2026-09-10 11:51:31,11,E,Non-Peak,23.518327135256666
2026-09-16 19:07:30,19,S,Non-Peak,25.87555934232614
2026-09-13 09:38:42,9,N,Non-Peak,20.782702569861588
2026-09-12 20:24:47,20,N,Non-Peak,24.454448388725595
2026-09-29 17:07:28,17,W,Peak,15.50069066665015
2026-09-18 07:22:11,7,S,Non-Peak,27.329621733986325
2025-09-21 16:39:11,16,N,Peak,0.0
2026-09-22 12:18:53,12,W,Non-Peak,28.462035491548267
2025-09-02 18:59:59,18,N,Non-Peak,0.0
2026-09-20 18:41:27,18,S,Non-Peak,27.486760150114968
2025-09-24 18:55:29,18,N,Non-Peak,0.0
2026-09-20 07:19:21,7,W,Non-Peak,23.359545040709836
2025-09-03 16:55:19,16,N,Peak,0.0
2026-09-13 14:46:40,14,N,Non-Peak,23.20497733810152
2025-09-26 18:37:13,18,N,Non-Peak,0.0
2026-09-20 01:17:25,1,W,Non-Peak,21.207801444166616
2025-09-06 18:49:58,18,N,Non-Peak,0.0
2026-09-15 00:31:37,0,W,Non-Peak,24.440313745528883
2026-09-02 17:48:29,17,E,Peak,15.379227393549284
2026-09-28 04:34:18,4,S,Non-Peak,24.445330209200037
2026-09-30 16:44:16,16,S,Peak,10.428051270504026
2026-09-25 09:17:52,9,E,Non-Peak,24.715702195921004
2026-09-22 17:48:11,17,E,Peak,11.58688887795594
2026-09-05 00:25:17,0,S,Non-Peak,29.173294039781585
2026-09-24 08:35:25,8,W,Non-Peak,24.922950716547557
2026-09-19 07:26:19,7,S,Non-Peak,20.463508642091146
2026-09-27 02:22:23,2,E,Non-Peak,24.18412260702405
2026-09-15 07:51:01,7,N,Non-Peak,23.615944824854488
2025-09-03 16:30:28,16,N,Peak,0.0
2026-09-17 20:47:18,20,E,Non-Peak,28.470285782059264
2025-09-11 17:20:56,17,N,Peak,0.0
2026-09-22 08:31:11,8,E,Non-Peak,22.18767875523268
2026-09-17 01:49:04,1,S,Non-Peak,25.923381441907917
2025-09-24 16:38:59,16,N,Peak,0.0
2025-09-09 17:38:52,17,N,Peak,0.0
2026-09-16 19:46:08,19,W,Non-Peak,20.616582549831296
2026-09-16 06:41:13,6,S,Non-Peak,27.5830925935043
2026-09-08 15:53:46,15,E,Non-Peak,29.705234001591265
2026-09-21 14:02:30,14,N,Non-Peak,26.30739794757685
2026-09-02 10:44:51,10,S,Non-Peak,27.45071107984151
2026-09-30 15:30:00,15,W,Non-Peak,29.428357164574983
2025-09-09 16:14:07,16,N,Peak,0.0
2026-09-18 13:32:54,13,N,Non-Peak,22.5566456966347
2026-09-19 09:58:28,9,S,Non-Peak,29.14400710089223
2025-09-21 18:33:25,18,N,Non-Peak,0.0
2026-09-13 18:58:25,18,E,Non-Peak,26.375831028690897
2025-09-29 16:28:16,16,N,Peak,0.0
2025-09-29 18:52:03,18,N,Non-Peak,0.0
2026-09-20 02:26:42,2,S,Non-Peak,21.48576653310765
2026-09-29 06:31:32,6,W,Non-Peak,26.46458660089813
2025-09-05 18:37:39,18,N,Non-Peak,0.0
2026-09-27 19:34:51,19,W,Non-Peak,25.001157279747407
2026-09-21 02:44:58,2,S,Non-Peak,29.764020674821182
2026-09-28 07:09:32,7,S,Non-Peak,27.1895973571768
2026-09-22 06:06:33,6,W,Non-Peak,28.408533493261587
2025-09-06 18:43:54,18,N,Non-Peak,0.0
2026-09-22 09:27:27,9,N,Non-Peak,24.004675623401937
2026-09-28 09:38:37,9,N,Non-Peak,20.113835677552096
2025-09-11 18:56:36,18,N,Non-Peak,0.0
2025-09-16 18:37:35,18,N,Non-Peak,0.0
2026-09-21 08:11:45,8,W,Non-Peak,27.03506821587701
2026-09-18 22:09:30,22,W,Non-Peak,25.643926094730983
2026-09-08 18:45:03,18,E,Non-Peak,26.05007579180153
2026-09-06 21:17:08,21,S,Non-Peak,28.352640797171382
2025-09-28 16:05:53,16,N,Peak,0.0
2026-09-24 20:45:33,20,W,Non-Peak,26.740167554963023
2025-09-02 17:59:10,17,N,Peak,0.0
2026-09-25 22:40:50,22,W,Non-Peak,22.628210145812027
2026-09-17 20:24:19,20,W,Non-Peak,23.89895506724642
2025-09-04 17:59:44,17,N,Peak,0.0
2025-09-11 17:13:50,17,N,Peak,0.0
2026-09-06 20:56:07,20,W,Non-Peak,28.841988851354763
2025-09-20 16:13:23,16,N,Peak,0.0
2026-09-09 20:22:45,20,W,Non-Peak,26.39333355264545
2026-09-07 18:42:29,18,E,Non-Peak,24.07461468947737
2026-09-04 04:04:07,4,N,Non-Peak,29.867504417457468
2026-09-06 16:48:56,16,S,Peak,16.798905722504664
2026-09-24 02:30:32,2,W,Non-Peak,25.00617170996718
2026-09-08 18:14:18,18,E,Non-Peak,23.120241948545363
2026-09-27 04:49:07,4,W,Non-Peak,26.96629276156885
2026-09-27 19:59:23,19,W,Non-Peak,28.624552357164305
2026-09-15 11:56:43,11,S,Non-Peak,22.145850469420655
2025-09-12 17:21:47,17,N,Peak,0.0
2026-09-11 09:54:27,9,N,Non-Peak,24.453494852482272
2025-09-06 17:08:39,17,N,Peak,0.0
2025-09-06 17:58:38,17,N,Peak,0.0
2025-09-05 18:22:39,18,N,Non-Peak,0.0
2025-09-02 18:35:45,18,N,Non-Peak,0.0
2026-09-18 04:53:12,4,E,Non-Peak,23.54229338495533
2026-09-22 20:41:00,20,W,Non-Peak,27.42845487715404
2026-09-16 15:22:02,15,N,Non-Peak,25.88098812595496
2026-09-24 19:17:16,19,S,Non-Peak,28.1301198794389
2026-09-30 01:09:31,1,W,Non-Peak,21.528648695184906
2025-09-05 16:26:16,16,N,Peak,0.0
2026-09-25 09:13:29,9,E,Non-Peak,26.70899604848077
2026-09-29 15:02:01,15,E,Non-Peak,27.19890240903857
2026-09-24 15:08:55,15,S,Non-Peak,20.123179083043176
2026-09-24 00:20:20,0,S,Non-Peak,23.240950036642104
2025-09-04 17:05:39,17,N,Peak,0.0
2025-09-13 16:08:29,16,N,Peak,0.0
2026-09-19 15:24:40,15,N,Non-Peak,21.81987189430312
2026-09-17 11:12:24,11,N,Non-Peak,25.771815624104608
2026-09-19 22:32:55,22,E,Non-Peak,21.629233357400363
2026-09-11 13:43:21,13,W,Non-Peak,27.53137621859114
2025-09-02 16:40:32,16,N,Peak,0.0
2026-09-08 07:39:35,7,S,Non-Peak,25.79924081496015
2026-09-11 13:14:08,13,N,Non-Peak,25.504326275930826
2025-09-21 17:17:03,17,N,Peak,0.0
2026-09-02 02:16:32,2,W,Non-Peak,25.333124207621168
2026-09-19 15:43:12,15,W,Non-Peak,26.98479916070364
2026-09-21 22:49:06,22,E,Non-Peak,20.74528319493406
2026-09-30 22:43:34,22,E,Non-Peak,24.7218019930358
2026-09-06 01:21:16,1,W,Non-Peak,24.70060600521996
2025-09-29 17:49:12,17,N,Peak,0.0
2026-09-29 14:33:58,14,N,Non-Peak,29.27219938789264
2025-09-06 17:21:24,17,N,Peak,0.0
2026-09-11 09:49:50,9,S,Non-Peak,20.14049125480504
2026-09-16 07:25:12,7,N,Non-Peak,23.977666355762285
2025-09-12 18:31:04,18,N,Non-Peak,0.0
2026-09-07 13:40:06,13,S,Non-Peak,26.63394835446245
2026-09-14 05:42:34,5,E,Non-Peak,27.48488945356595
2025-09-21 17:17:17,17,N,Peak,0.0
2025-09-19 18:10:14,18,N,Non-Peak,0.0
2026-09-20 12:56:41,12,E,Non-Peak,21.959056425275737
2026-09-07 16:08:05,16,E,Peak,12.22824331693259
2026-09-20 12:32:15,12,W,Non-Peak,23.0940772513117
2026-09-28 13:09:26,13,N,Non-Peak,23.920885873664428
2026-09-09 21:58:36,21,S,Non-Peak,28.348466409895217
2026-09-09 18:58:28,18,N,Non-Peak,27.877994573722628
2025-09-30 16:04:46,16,N,Peak,0.0
2025-09-16 17:06:58,17,N,Peak,0.0
2025-09-07 18:34:38,18,N,Non-Peak,0.0
2025-09-23 18:05:17,18,N,Non-Peak,0.0
2026-09-02 09:29:54,9,W,Non-Peak,23.224911525675672
2025-09-22 17:34:38,17,N,Peak,0.0
2026-09-11 09:08:53,9,S,Non-Peak,22.17676149421357
2026-09-23 18:56:14,18,W,Non-Peak,27.541382078942448
2026-09-02 06:56:19,6,N,Non-Peak,25.681580109278705
2025-09-09 18:44:38,18,N,Non-Peak,0.0
2026-09-29 05:52:02,5,S,Non-Peak,22.91329608959103
2025-09-12 17:24:02,17,N,Peak,0.0
2026-09-09 19:11:42,19,E,Non-Peak,22.783852418055226
2026-09-13 04:43:00,4,S,Non-Peak,26.14756876093608
2026-09-03 03:31:15,3,S,Non-Peak,28.573456951162555
2026-09-04 16:22:58,16,E,Peak,10.711262813320992
2026-09-28 15:03:50,15,S,Non-Peak,25.507537936697588
2026-09-23 12:43:46,12,S,Non-Peak,24.278124476434613
2026-09-16 08:38:37,8,S,Non-Peak,21.228086663395548
2026-09-20 15:03:41,15,E,Non-Peak,26.455675611393296
2026-09-06 08:18:21,8,W,Non-Peak,28.11766397515883
2025-09-27 16:50:58,16,N,Peak,0.0
2026-09-22 04:32:27,4,W,Non-Peak,24.20765920621261
2026-09-25 23:35:23,23,N,Non-Peak,26.88236015622642
2026-09-25 16:40:26,16,E,Peak,11.704072428972726
2025-09-07 16:32:44,16,N,Peak,0.0
2026-09-13 22:34:31,22,E,Non-Peak,24.26657477627618
2025-09-11 18:21:58,18,N,Non-Peak,0.0
2026-09-06 03:21:40,3,N,Non-Peak,29.788457025084437
2026-09-29 17:47:15,17,S,Peak,10.730578225589513
2025-09-29 16:30:30,16,N,Peak,0.0
2026-09-06 05:30:54,5,N,Non-Peak,22.644988269873355
2025-09-23 18:02:38,18,N,Non-Peak,0.0
2025-09-24 18:09:09,18,N,Non-Peak,0.0
2025-09-13 17:04:08,17,N,Peak,0.0
2026-09-11 00:55:45,0,W,Non-Peak,22.87754926304263
2026-09-21 11:57:21,11,N,Non-Peak,27.81664264436692
2026-09-25 22:33:40,22,N,Non-Peak,22.57111127049546
2026-09-30 21:17:39,21,S,Non-Peak,25.43836552271299
2026-09-29 00:06:39,0,N,Non-Peak,24.767041638842763
2026-09-23 23:37:42,23,S,Non-Peak,20.631890006434794
2026-09-18 11:17:42,11,N,Non-Peak,28.33719901668018
2026-09-09 19:11:42,19,E,Non-Peak,22.783852418055226
2025-09-09 18:20:21,18,N,Non-Peak,0.0
2025-09-28 16:26:51,16,N,Peak,0.0
2026-09-16 15:22:02,15,N,Non-Peak,25.88098812595496
2026-09-23 21:17:24,21,E,Non-Peak,23.89389044056098
2025-09-09 17:53:09,17,N,Peak,0.0
2026-09-07 19:47:53,19,E,Non-Peak,24.33871035180696
2026-09-12 01:14:20,1,E,Non-Peak,20.52067895909773
2026-09-03 08:13:16,8,W,Non-Peak,23.554412120397057
2026-09-30 12:57:57,12,E,Non-Peak,26.44071129990849
2026-09-07 19:48:38,19,W,Non-Peak,26.179485986176587
2026-09-17 04:59:39,4,E,Non-Peak,23.90591384621089
2025-09-15 17:13:03,17,N,Peak,0.0
2025-09-06 17:19:20,17,N,Peak,0.0
2026-09-06 17:04:14,17,W,Peak,16.64363269226898
2026-09-13 19:07:27,19,E,Non-Peak,29.52302306768681
2026-09-30 03:14:19,3,E,Non-Peak,27.66003494695704
2025-09-10 17:47:38,17,N,Peak,0.0
2026-09-27 19:26:11,19,N,Non-Peak,25.040043189104995
2026-09-02 21:55:08,21,N,Non-Peak,23.863259317056325
2026-09-18 23:22:56,23,S,Non-Peak,20.136983875446568
2026-09-07 19:55:53,19,W,Non-Peak,25.016758169829
2025-09-11 17:10:07,17,N,Peak,0.0
2026-09-24 11:59:09,11,W,Non-Peak,20.79142334051636
2026-09-16 03:40:00,3,W,Non-Peak,21.522052635575083
2026-09-29 15:43:46,15,S,Non-Peak,21.153732836613493
2026-09-24 14:13:14,14,S,Non-Peak,27.933068878378545
2025-09-11 18:48:57,18,N,Non-Peak,0.0
2026-09-15 04:56:55,4,S,Non-Peak,28.079792476027468
2025-09-16 18:38:56,18,N,Non-Peak,0.0
2025-09-30 17:26:40,17,N,Peak,0.0
2025-09-05 17:27:22,17,N,Peak,0.0
2025-09-16 18:11:28,18,N,Non-Peak,0.0
2026-09-04 16:36:18,16,N,Peak,13.569487410597793
2026-09-17 16:40:38,16,S,Peak,14.392304994598147
2026-09-14 12:24:00,12,S,Non-Peak,26.65062899726266
2026-09-05 22:36:06,22,N,Non-Peak,29.641178721939173
2026-09-10 13:56:07,13,E,Non-Peak,29.6482219523044
2025-09-09 16:26:00,16,N,Peak,0.0
2026-09-10 23:48:33,23,W,Non-Peak,24.21054786157132
2026-09-25 02:49:36,2,W,Non-Peak,22.374940750139423
2026-09-19 22:16:41,22,E,Non-Peak,25.387759547395003
2026-09-06 18:46:13,18,W,Non-Peak,23.26507405701645
2026-09-27 17:51:15,17,E,Peak,14.190686010492517
2026-09-10 14:23:21,14,E,Non-Peak,23.90451675767461
2025-09-02 17:11:48,17,N,Peak,0.0
2026-09-21 17:35:01,17,S,Peak,15.071481603058372
2026-09-27 00:35:54,0,E,Non-Peak,25.496175090800666
2025-09-03 16:43:58,16,N,Peak,0.0
2026-09-08 18:44:07,18,E,Non-Peak,27.470559008891367
2026-09-13 11:22:17,11,W,Non-Peak,22.282435995707324
2026-09-05 17:32:41,17,S,Peak,18.279421294422384
2026-09-08 20:14:21,20,N,Non-Peak,27.110295571113788
2026-09-09 02:39:54,2,N,Non-Peak,23.96351649436949
2026-09-11 06:06:58,6,S,Non-Peak,20.22808629200129
2025-09-15 16:20:48,16,N,Peak,0.0
2026-09-30 02:17:54,2,W,Non-Peak,25.79110552246305
2025-09-28 17:58:36,17,N,Peak,0.0
2026-09-21 02:39:17,2,W,Non-Peak,27.62719411842894
2025-09-07 18:15:20,18,N,Non-Peak,0.0
2025-09-08 18:30:40,18,N,Non-Peak,0.0
2026-09-11 11:07:45,11,W,Non-Peak,26.07813491122301
2026-09-23 04:45:45,4,E,Non-Peak,23.831221503306253
2025-09-08 17:11:02,17,N,Peak,0.0
2026-09-08 04:22:00,4,W,Non-Peak,28.785939060732304
2026-09-08 02:04:03,2,N,Non-Peak,24.622905409624025
2026-09-24 10:34:29,10,E,Non-Peak,21.311084896717578
2026-09-01 08:29:52,8,E,Non-Peak,28.53130199445265
2026-09-04 09:45:35,9,W,Non-Peak,24.5523862856718
2026-09-21 22:40:17,22,N,Non-Peak,23.40230301386081
2026-09-25 21:14:19,21,S,Non-Peak,21.702744717085004
2026-09-26 22:25:36,22,E,Non-Peak,29.46584983774669
2026-09-01 02:23:45,2,W,Non-Peak,22.64977683922837
2025-09-09 16:37:55,16,N,Peak,0.0
2025-09-01 18:16:35,18,N,Non-Peak,0.0
2026-09-29 13:39:02,13,S,Non-Peak,25.36579747057839
2026-09-18 12:42:02,12,N,Non-Peak,23.9509434692284
2026-09-28 13:04:22,13,W,Non-Peak,24.01189871986184
2025-09-29 18:36:40,18,N,Non-Peak,0.0
2026-09-10 23:16:49,23,E,Non-Peak,23.264832062691912
2025-09-24 18:07:35,18,N,Non-Peak,0.0
2026-09-11 04:37:59,4,N,Non-Peak,26.84452736705793
2026-09-20 19:38:33,19,W,Non-Peak,26.573887971362733
2026-09-28 16:09:24,16,W,Peak,19.208535342647203
2025-09-19 16:04:37,16,N,Peak,0.0
2026-09-21 18:36:30,18,N,Non-Peak,28.37550003331653
2026-09-24 18:41:55,18,W,Non-Peak,27.185390181589074
2026-09-16 02:35:58,2,E,Non-Peak,23.806269045998825
2025-09-05 16:30:31,16,N,Peak,0.0
2026-09-29 09:39:08,9,N,Non-Peak,24.369740289207662
2025-09-01 18:38:33,18,N,Non-Peak,0.0
2026-09-13 12:58:37,12,E,Non-Peak,25.54095607163699
2026-09-02 06:18:13,6,W,Non-Peak,21.16470608977412
2026-09-01 05:15:15,5,W,Non-Peak,29.606840562663464
2026-09-27 01:54:22,1,W,Non-Peak,28.09793653983749
2026-09-19 05:11:28,5,N,Non-Peak,24.633316735704906
2026-09-06 16:23:20,16,N,Peak,17.51462301356406
2025-09-29 16:03:13,16,N,Peak,0.0
2025-09-29 16:58:08,16,N,Peak,0.0
2026-09-09 14:37:51,14,N,Non-Peak,29.064860032133737
2025-09-27 18:50:50,18,N,Non-Peak,0.0
2026-09-30 14:53:40,14,S,Non-Peak,21.79644996345191
2026-09-28 08:42:18,8,E,Non-Peak,29.97210486309485
2026-09-01 22:27:48,22,N,Non-Peak,21.48738237825472
2025-09-09 16:41:33,16,N,Peak,0.0
2025-09-05 16:03:40,16,N,Peak,0.0
2026-09-25 18:45:14,18,S,Non-Peak,22.207464901410702
2026-09-10 05:51:05,5,E,Non-Peak,24.249403496770263
2026-09-11 02:13:36,2,N,Non-Peak,27.763036282104217
2025-09-11 17:08:33,17,N,Peak,0.0
2026-09-21 05:28:12,5,S,Non-Peak,22.98966446407793
2026-09-26 22:11:42,22,W,Non-Peak,22.55483852393225
2026-09-27 22:26:13,22,N,Non-Peak,20.754098091832724
2025-09-08 17:05:01,17,N,Peak,0.0
2026-09-12 11:27:49,11,E,Non-Peak,21.0659035883017
2026-09-04 07:45:57,7,N,Non-Peak,22.74230253611001
2026-09-14 01:47:53,1,E,Non-Peak,29.61453487789645
2026-09-22 10:25:33,10,N,Non-Peak,22.85093096809433
2026-09-21 19:18:27,19,E,Non-Peak,22.83412245048899
2026-09-29 17:54:46,17,E,Peak,18.344559554182236
2026-09-07 09:54:09,9,W,Non-Peak,21.5738306449358
2026-09-15 15:08:35,15,E,Non-Peak,22.97979230940779
2025-09-03 18:52:53,18,N,Non-Peak,0.0
2026-09-13 05:29:59,5,N,Non-Peak,22.80063713056841
2025-09-04 18:55:11,18,N,Non-Peak,0.0
2026-09-14 12:43:00,12,N,Non-Peak,22.49027322184959
2025-09-21 18:34:10,18,N,Non-Peak,0.0
2026-09-28 20:19:20,20,N,Non-Peak,29.224033706353143
2026-09-15 10:10:53,10,W,Non-Peak,27.13286624105981
2026-09-01 08:51:49,8,N,Non-Peak,27.071708842935063
2026-09-10 18:07:46,18,N,Non-Peak,26.23079815583324
2026-09-16 03:24:07,3,W,Non-Peak,20.545006661464495
2026-09-17 05:42:10,5,S,Non-Peak,23.67994932042286
2026-09-04 21:12:12,21,E,Non-Peak,23.322317021393086
2026-09-26 08:04:43,8,E,Non-Peak,22.421144209962304
2025-09-28 16:25:19,16,N,Peak,0.0
2026-09-19 09:31:06,9,S,Non-Peak,29.81246106454704
2026-09-14 23:50:32,23,S,Non-Peak,25.213993700359
2026-09-27 13:09:28,13,E,Non-Peak,28.01348052258583
2025-09-10 17:19:36,17,N,Peak,0.0
2026-09-11 00:57:38,0,E,Non-Peak,28.23658943427889
2026-09-20 17:04:25,17,E,Peak,14.91210238689482
2026-09-29 17:02:03,17,N,Peak,19.223985022846957
2026-09-22 10:07:23,10,W,Non-Peak,26.90753573520074
2025-09-20 17:24:01,17,N,Peak,0.0
2026-09-05 07:52:16,7,S,Non-Peak,21.62012995530527
2026-09-27 02:01:05,2,S,Non-Peak,27.70000664826434
2026-09-02 02:27:12,2,E,Non-Peak,29.2187359746084
2026-09-30 15:45:59,15,E,Non-Peak,22.39183794028572
2025-09-23 18:15:11,18,N,Non-Peak,0.0
2025-09-29 16:46:46,16,N,Peak,0.0
2026-09-25 00:05:09,0,E,Non-Peak,20.934239465013704
2026-09-02 06:55:17,6,S,Non-Peak,28.760398028752636
2025-09-13 16:42:15,16,N,Peak,0.0
2025-09-12 18:37:10,18,N,Non-Peak,0.0
2026-09-18 00:31:17,0,N,Non-Peak,22.535928357852704
2026-09-19 21:37:57,21,S,Non-Peak,29.372770761818973
2026-09-23 14:10:58,14,N,Non-Peak,23.361122901890383
2025-09-15 18:31:39,18,N,Non-Peak,0.0
2026-09-22 11:31:44,11,W,Non-Peak,26.47508278503187
2025-09-04 17:33:11,17,N,Peak,0.0
2026-09-03 14:37:55,14,S,Non-Peak,29.903517923169492
2025-09-11 17:27:29,17,N,Peak,0.0
2026-09-23 14:35:55,14,W,Non-Peak,24.643844219185237
2025-09-13 18:08:35,18,N,Non-Peak,0.0
2026-09-11 01:35:38,1,N,Non-Peak,24.10802092591432
2026-09-02 11:42:07,11,S,Non-Peak,25.8975488043476
2026-09-15 23:15:18,23,E,Non-Peak,26.668173225755687
2026-09-11 22:02:55,22,W,Non-Peak,24.8152899164455
2025-09-13 18:14:04,18,N,Non-Peak,0.0
2026-09-12 04:21:27,4,S,Non-Peak,23.919389062631492
2026-09-10 12:24:23,12,E,Non-Peak,21.021054676359338
2026-09-02 11:35:57,11,W,Non-Peak,24.73662099757429
2026-09-01 01:20:11,1,N,Non-Peak,23.142386546412208
2026-09-13 03:09:03,3,W,Non-Peak,27.953955282188318
2026-09-21 00:14:37,0,N,Non-Peak,29.03602742918499
2026-09-10 10:57:16,10,S,Non-Peak,26.37635262195314
2026-09-27 12:12:09,12,E,Non-Peak,22.65871557528469
2025-09-12 17:47:45,17,N,Peak,0.0
2025-09-03 17:39:10,17,N,Peak,0.0
2026-09-08 15:40:02,15,S,Non-Peak,27.452108311662304
2025-09-12 18:08:00,18,N,Non-Peak,0.0
2026-09-01 08:55:32,8,W,Non-Peak,26.323164180108563
2025-09-13 16:36:01,16,N,Peak,0.0
2026-09-04 12:37:58,12,S,Non-Peak,23.217031338052344
2025-09-10 17:37:24,17,N,Peak,0.0
2025-09-27 18:46:23,18,N,Non-Peak,0.0
2025-09-06 16:13:00,16,N,Peak,0.0
2025-09-11 18:19:46,18,N,Non-Peak,0.0
2026-09-21 20:52:02,20,W,Non-Peak,27.666948113178133
2025-09-28 16:31:43,16,N,Peak,0.0
2026-09-21 11:50:53,11,S,Non-Peak,26.696713609918064
2026-09-24 00:55:15,0,N,Non-Peak,27.44140145366416
2026-09-19 00:33:42,0,W,Non-Peak,23.78564154922948
2026-09-15 14:52:16,14,E,Non-Peak,25.195115483219386
2026-09-11 12:31:27,12,N,Non-Peak,22.122691679698107
2026-09-01 02:45:35,2,N,Non-Peak,23.51475203188793
2026-09-12 21:41:46,21,E,Non-Peak,20.938358479413782
2026-09-29 19:01:29,19,N,Non-Peak,26.257563367371134
2026-09-30 21:15:44,21,S,Non-Peak,22.48369832815777
2026-09-25 17:00:14,17,E,Peak,13.69150196485471
2025-09-15 17:30:05,17,N,Peak,0.0
2026-09-26 22:00:03,22,S,Non-Peak,24.66439450194518
2025-09-09 18:45:56,18,N,Non-Peak,0.0
2026-09-07 00:43:42,0,E,Non-Peak,27.04144435287593
2026-09-23 17:17:59,17,N,Peak,13.79695890332034
2026-09-09 01:54:01,1,S,Non-Peak,23.524829197873306
2025-09-16 18:43:33,18,N,Non-Peak,0.0
2026-09-08 11:32:14,11,S,Non-Peak,24.641426921873588
2025-09-27 17:27:43,17,N,Peak,0.0
2026-09-16 14:25:45,14,S,Non-Peak,23.4637643579764
2026-09-02 19:21:20,19,W,Non-Peak,25.345120562419744
2026-09-26 07:46:01,7,N,Non-Peak,21.67801366493174
2026-09-08 10:31:32,10,E,Non-Peak,24.981859451945084
2026-09-19 14:18:27,14,W,Non-Peak,22.195756406512302
2026-09-27 14:59:39,14,N,Non-Peak,22.73069419302852
2026-09-09 16:46:57,16,W,Peak,12.124534081237286
2026-09-03 04:12:38,4,N,Non-Peak,21.779272089381013
2025-09-21 16:34:42,16,N,Peak,0.0
2026-09-21 03:36:59,3,E,Non-Peak,24.90872369109281
2025-09-16 17:23:18,17,N,Peak,0.0
2026-09-18 04:31:26,4,N,Non-Peak,28.602076514544454
2026-09-12 05:55:17,5,W,Non-Peak,26.10479986381757
2025-09-26 18:10:24,18,N,Non-Peak,0.0
2026-09-23 09:18:58,9,W,Non-Peak,29.153298080549988
2026-09-30 08:45:26,8,W,Non-Peak,23.42636845084074
2025-09-07 16:52:07,16,N,Peak,0.0
2026-09-03 19:01:04,19,E,Non-Peak,26.521196557764743
2025-09-03 17:38:55,17,N,Peak,0.0
2025-09-06 18:23:26,18,N,Non-Peak,0.0
2025-09-15 18:35:45,18,N,Non-Peak,0.0
2025-09-30 17:32:09,17,N,Peak,0.0
2025-09-16 16:56:05,16,N,Peak,0.0
2025-09-18 17:05:53,17,N,Peak,0.0
2025-09-22 16:54:51,16,N,Peak,0.0
2025-09-18 16:42:43,16,N,Peak,0.0
2026-09-20 07:21:52,7,W,Non-Peak,20.869610503085564
2025-09-04 16:12:42,16,N,Peak,0.0
2025-09-15 18:21:25,18,N,Non-Peak,0.0
2026-09-15 08:57:12,8,N,Non-Peak,21.881250598090023
2026-09-02 16:42:39,16,E,Peak,16.018161432668855
2026-09-28 21:45:44,21,S,Non-Peak,24.58193546784892
2026-09-14 13:23:30,13,S,Non-Peak,23.03919679148226
2026-09-09 21:31:14,21,E,Non-Peak,20.731072963654007
2026-09-03 12:46:10,12,N,Non-Peak,26.90926806507563
2026-09-28 07:03:56,7,E,Non-Peak,28.460917764187908
2026-09-18 08:45:13,8,N,Non-Peak,20.949060883730123
2026-09-02 03:42:27,3,E,Non-Peak,29.927055455971463
2026-09-27 19:25:26,19,N,Non-Peak,29.720660939962485
2026-09-30 00:35:27,0,E,Non-Peak,26.278117516465464
2026-09-13 19:27:03,19,N,Non-Peak,25.45940001162087
2026-09-10 20:51:58,20,S,Non-Peak,29.379196060730912
2026-09-05 15:10:06,15,E,Non-Peak,29.23456115980113
2025-09-29 18:43:10,18,N,Non-Peak,0.0
2026-09-09 00:47:53,0,S,Non-Peak,27.022594782790215
2026-09-19 17:26:13,17,S,Peak,18.56815127551297
2026-09-22 04:04:52,4,S,Non-Peak,21.18237774292601
2025-09-02 17:17:30,17,N,Peak,0.0
2025-09-04 18:19:49,18,N,Non-Peak,0.0
2026-09-27 02:32:51,2,N,Non-Peak,20.274401106618683
2026-09-10 18:24:17,18,W,Non-Peak,29.27405688345847
2025-09-26 16:38:17,16,N,Peak,0.0
2026-09-27 02:57:30,2,N,Non-Peak,21.192118223810404
2026-09-08 11:48:07,11,N,Non-Peak,25.67636590358511
2026-09-03 15:13:02,15,E,Non-Peak,28.988569008486515
2026-09-28 13:41:17,13,N,Non-Peak,23.72737210931418
2025-09-24 18:54:05,18,N,Non-Peak,0.0
2026-09-22 18:17:29,18,S,Non-Peak,27.42675626776792
2025-09-16 17:49:20,17,N,Peak,0.0
2026-09-01 16:47:29,16,N,Peak,14.477134140954211
2026-09-05 08:09:10,8,E,Non-Peak,20.11094062715608
2026-09-18 01:33:14,1,E,Non-Peak,25.19757433187144
2026-09-07 17:23:41,17,E,Peak,16.107579393541506
2026-09-15 06:58:25,6,W,Non-Peak,24.08632960386475
2026-09-07 08:25:11,8,W,Non-Peak,29.64825789152244
2026-09-10 11:07:49,11,S,Non-Peak,25.66204833650479
2025-09-03 17:09:48,17,N,Peak,0.0
2026-09-03 07:57:26,7,S,Non-Peak,21.84631995945262
2025-09-28 18:18:36,18,N,Non-Peak,0.0
2026-09-09 19:23:45,19,E,Non-Peak,22.177884355578477
2025-09-08 18:45:43,18,N,Non-Peak,0.0
2026-09-27 19:47:19,19,E,Non-Peak,20.76307418761051
2025-09-09 16:11:30,16,N,Peak,0.0
2026-09-25 13:14:51,13,N,Non-Peak,22.02364299441339
2026-09-21 07:34:33,7,W,Non-Peak,24.728467840762686
2026-09-17 18:19:44,18,S,Non-Peak,23.525260192032977
2026-09-04 18:13:42,18,W,Non-Peak,22.47939149419373
2026-09-05 04:43:50,4,S,Non-Peak,25.424105483561352
2026-09-27 15:54:05,15,E,Non-Peak,25.717628370549782
2026-09-01 15:20:59,15,N,Non-Peak,27.130522088427437
2026-09-14 04:11:54,4,N,Non-Peak,22.635618695195756
2026-09-10 11:18:45,11,W,Non-Peak,29.49437593097316
2025-09-13 18:24:48,18,N,Non-Peak,0.0
2026-09-10 09:00:03,9,E,Non-Peak,25.96300237983816
2026-09-06 15:35:31,15,N,Non-Peak,28.269797379160583
2025-09-02 17:15:47,17,N,Peak,0.0
2026-09-04 20:38:17,20,N,Non-Peak,24.26841424590707
2026-09-28 14:22:23,14,E,Non-Peak,24.717815718444285
2026-09-23 15:43:06,15,W,Non-Peak,24.96905802923916
2026-09-11 06:02:27,6,S,Non-Peak,26.85227801859887
2026-09-11 13:18:57,13,N,Non-Peak,23.87578012566881
2026-09-30 11:40:34,11,W,Non-Peak,27.3928403826388
2025-09-16 18:01:23,18,N,Non-Peak,0.0
2026-09-18 08:14:47,8,E,Non-Peak,25.917773584988964
2026-09-23 14:04:18,14,E,Non-Peak,23.480991203280222
2025-09-15 17:13:11,17,N,Peak,0.0
2025-09-10 18:18:54,18,N,Non-Peak,0.0
2026-09-06 04:45:09,4,W,Non-Peak,28.60531608760273
2026-09-12 09:47:50,9,W,Non-Peak,27.25026202489977
2026-09-22 11:21:57,11,S,Non-Peak,21.222041138048343
2026-09-27 19:41:38,19,W,Non-Peak,24.327592106052656
2026-09-01 14:59:29,14,S,Non-Peak,26.50251305956853
2025-09-04 18:59:51,18,N,Non-Peak,0.0
2026-09-22 01:17:45,1,N,Non-Peak,25.31392887395828
2025-09-11 16:58:34,16,N,Peak,0.0
2026-09-13 08:40:29,8,W,Non-Peak,25.62225395310596
2025-09-16 18:16:50,18,N,Non-Peak,0.0
2026-09-21 15:22:11,15,S,Non-Peak,27.211351273941617
2026-09-04 17:18:12,17,N,Peak,18.881282918923368
2026-09-19 03:22:58,3,N,Non-Peak,24.903661459335066
2025-09-06 18:50:50,18,N,Non-Peak,0.0
2025-09-23 18:40:41,18,N,Non-Peak,0.0
2026-09-03 14:06:21,14,N,Non-Peak,21.679662793721928
2025-09-07 17:51:52,17,N,Peak,0.0
2026-09-17 17:32:20,17,E,Peak,19.652403874289213
2026-09-10 13:10:34,13,E,Non-Peak,22.32873975790564
2025-09-11 17:23:58,17,N,Peak,0.0
2025-09-19 16:06:18,16,N,Peak,0.0
2026-09-22 07:03:09,7,E,Non-Peak,25.78783760142564
2026-09-25 15:34:18,15,S,Non-Peak,23.85646524640326
2026-09-13 23:31:11,23,E,Non-Peak,22.65401372368549
2025-09-29 18:26:56,18,N,Non-Peak,0.0
2026-09-16 04:01:11,4,N,Non-Peak,22.37580543498604
2025-09-22 17:37:33,17,N,Peak,0.0
2025-09-20 18:33:01,18,N,Non-Peak,0.0
2026-09-19 14:16:27,14,S,Non-Peak,24.472544597193544
2025-09-26 18:20:38,18,N,Non-Peak,0.0
2026-09-05 05:15:38,5,W,Non-Peak,28.817091120027985
2026-09-03 01:09:03,1,N,Non-Peak,25.67115688897248
2025-09-24 16:43:52,16,N,Peak,0.0
2026-09-27 11:23:03,11,W,Non-Peak,29.46305853095807
2026-09-21 13:09:55,13,S,Non-Peak,24.697082330444744
2026-09-06 18:56:43,18,S,Non-Peak,20.77484322451962
2025-09-11 16:43:48,16,N,Peak,0.0
2026-09-04 14:46:15,14,S,Non-Peak,27.218243790831416
2026-09-23 06:13:17,6,E,Non-Peak,20.766547554502143
2026-09-11 20:36:37,20,W,Non-Peak,23.197923310218336
2025-09-08 17:58:36,17,N,Peak,0.0
2025-09-21 18:52:53,18,N,Non-Peak,0.0
2025-09-03 17:35:02,17,N,Peak,0.0
2026-09-04 06:52:00,6,W,Non-Peak,23.833983199286088
2026-09-10 00:23:46,0,S,Non-Peak,21.46065296994546
2026-09-24 00:59:15,0,E,Non-Peak,27.33581727686881
2026-09-03 15:15:23,15,E,Non-Peak,29.61984112376978
2026-09-29 20:55:06,20,E,Non-Peak,25.76835841893218
2026-09-17 05:05:55,5,N,Non-Peak,24.28905456530592
2026-09-08 11:11:36,11,S,Non-Peak,21.651431493450904
2025-09-24 16:40:17,16,N,Peak,0.0
2026-09-07 15:52:39,15,S,Non-Peak,27.852239287555232
2026-09-19 10:35:47,10,E,Non-Peak,24.95949956830097
2026-09-28 17:58:30,17,N,Peak,16.710969161869464
2026-09-20 19:38:55,19,W,Non-Peak,26.24869244113281
2026-09-22 11:48:27,11,W,Non-Peak,26.19952217831547
2026-09-08 06:01:55,6,W,Non-Peak,25.10093024014005
2026-09-18 18:45:04,18,S,Non-Peak,29.342615182520507
2026-09-16 19:23:50,19,E,Non-Peak,22.130369127563213
2026-09-21 20:48:24,20,N,Non-Peak,25.429334837582168
2026-09-19 10:47:05,10,N,Non-Peak,24.236702076760675
2026-09-07 20:19:12,20,W,Non-Peak,25.50008437768589
2026-09-13 18:43:22,18,W,Non-Peak,22.61452424241369
2026-09-20 09:29:02,9,S,Non-Peak,27.153869456505284
2025-09-15 18:59:52,18,N,Non-Peak,0.0
2026-09-01 06:47:07,6,E,Non-Peak,20.818968616078475
2026-09-21 08:25:15,8,W,Non-Peak,29.529411652448275
2026-09-23 10:03:03,10,E,Non-Peak,28.151768207337376
2026-09-28 21:49:04,21,S,Non-Peak,22.790286153252115
2026-09-03 07:59:40,7,N,Non-Peak,28.450026919983134
2026-09-22 08:09:12,8,W,Non-Peak,21.82003055964333
2026-09-19 21:04:02,21,E,Non-Peak,28.019893780057124
2026-09-25 11:17:34,11,N,Non-Peak,20.62199487530706
2025-09-18 16:42:46,16,N,Peak,0.0
2026-09-21 22:26:23,22,E,Non-Peak,28.827205663818333
2026-09-11 10:02:49,10,N,Non-Peak,23.63523738762141
2025-09-05 16:45:55,16,N,Peak,0.0
2026-09-29 08:35:17,8,E,Non-Peak,24.92043792283217
2025-09-24 18:25:13,18,N,Non-Peak,0.0
2026-09-23 16:16:37,16,E,Peak,12.750407464931556
2026-09-29 10:04:05,10,W,Non-Peak,28.797052056610795
2026-09-29 09:20:10,9,S,Non-Peak,24.44896895971741
2025-09-10 16:02:57,16,N,Peak,0.0
2026-09-29 20:24:50,20,N,Non-Peak,28.040293859156854
2025-09-28 16:25:18,16,N,Peak,0.0
2026-09-12 09:46:14,9,S,Non-Peak,27.25435105914732
2025-09-20 17:54:40,17,N,Peak,0.0
2025-09-28 18:54:55,18,N,Non-Peak,0.0
2025-09-30 17:05:43,17,N,Peak,0.0
2025-09-07 18:05:18,18,N,Non-Peak,0.0
2026-09-08 02:28:26,2,N,Non-Peak,22.58986614427897
2026-09-21 09:34:10,9,N,Non-Peak,26.4620373577395
2026-09-04 19:06:36,19,E,Non-Peak,21.74117668174293
2025-09-01 18:59:23,18,N,Non-Peak,0.0
2025-09-16 16:40:25,16,N,Peak,0.0
2026-09-27 16:41:37,16,E,Peak,16.316650584082637
2026-09-26 02:35:36,2,E,Non-Peak,20.03461776189203
2025-09-01 17:05:37,17,N,Peak,0.0
2025-09-12 16:23:39,16,N,Peak,0.0
2025-09-05 17:24:59,17,N,Peak,0.0
2025-09-24 18:35:58,18,N,Non-Peak,0.0
2026-09-07 13:01:31,13,E,Non-Peak,25.661641521032816
2025-09-07 16:17:44,16,N,Peak,0.0
2026-09-24 12:02:00,12,E,Non-Peak,22.3555683058974
2026-09-30 05:03:03,5,S,Non-Peak,21.003273109859165
2026-09-28 20:44:06,20,E,Non-Peak,24.5478311500736
2026-09-16 09:43:53,9,E,Non-Peak,27.83961098788749
2026-09-29 10:28:28,10,E,Non-Peak,28.18387642571792
2025-09-23 18:42:57,18,N,Non-Peak,0.0
2025-09-30 16:23:22,16,N,Peak,0.0
2025-09-29 16:00:20,16,N,Peak,0.0
2026-09-26 06:01:19,6,W,Non-Peak,25.035450486005114
2026-09-28 07:14:20,7,N,Non-Peak,28.75868350776136
2026-09-06 11:59:37,11,E,Non-Peak,29.92174728046908
2025-09-08 16:58:53,16,N,Peak,0.0
2026-09-12 23:53:58,23,W,Non-Peak,27.313075909870317
2026-09-02 06:12:41,6,S,Non-Peak,28.68238474474925
2026-09-08 01:43:06,1,S,Non-Peak,21.3762738004788
2025-09-07 16:49:32,16,N,Peak,0.0
2026-09-18 11:21:26,11,N,Non-Peak,20.690299506794265
2026-09-14 05:14:24,5,N,Non-Peak,27.079877859321027
2026-09-24 22:32:17,22,S,Non-Peak,22.43114831271607
2026-09-13 23:39:38,23,N,Non-Peak,22.862443252642805
2026-09-17 02:14:26,2,S,Non-Peak,25.861867872773985
2026-09-04 18:39:50,18,W,Non-Peak,22.61412236958402
2026-09-19 07:17:06,7,N,Non-Peak,21.728942524549357
2025-09-13 17:09:17,17,N,Peak,0.0
2025-09-13 16:21:04,16,N,Peak,0.0
2026-09-16 07:30:08,7,N,Non-Peak,23.400702027232786
2026-09-03 12:40:26,12,N,Non-Peak,24.94768840760644
2026-09-02 15:13:23,15,S,Non-Peak,26.522839309251616
2026-09-07 07:06:12,7,N,Non-Peak,20.90717043537948
2026-09-08 21:51:45,21,N,Non-Peak,25.53861316212723
2026-09-17 20:16:03,20,S,Non-Peak,28.96610897846599
2025-09-27 17:18:34,17,N,Peak,0.0
2025-09-11 18:01:41,18,N,Non-Peak,0.0
2025-09-29 17:11:44,17,N,Peak,0.0
2026-09-02 11:56:56,11,E,Non-Peak,21.10852092253741
2025-09-06 17:53:24,17,N,Peak,0.0
2026-09-27 13:40:24,13,N,Non-Peak,28.57769098838415
2026-09-20 10:59:07,10,W,Non-Peak,22.601333451380068
2026-09-24 00:32:57,0,E,Non-Peak,22.709269584331324
2026-09-11 10:54:46,10,E,Non-Peak,20.2719569040295
2026-09-12 21:17:07,21,S,Non-Peak,20.388908179576084
2025-09-13 16:38:18,16,N,Peak,0.0
2026-09-25 14:41:38,14,N,Non-Peak,23.625713462381498
2025-09-15 17:37:20,17,N,Peak,0.0
2026-09-02 16:26:43,16,S,Peak,15.432399374531784
2026-09-13 10:35:29,10,S,Non-Peak,26.480439627297475
2026-09-30 04:18:03,4,E,Non-Peak,21.572157064648422
2026-09-17 22:48:54,22,S,Non-Peak,24.715462478971816
2026-09-13 19:14:13,19,S,Non-Peak,28.35099669566716
2026-09-09 07:27:09,7,W,Non-Peak,20.35308357703561
2025-09-11 16:30:52,16,N,Peak,0.0
2025-09-10 18:44:27,18,N,Non-Peak,0.0
2026-09-08 09:22:50,9,S,Non-Peak,29.7291756189813
2026-09-27 16:29:51,16,E,Peak,11.972292991873363
2026-09-02 16:12:55,16,E,Peak,12.585855794461851
2026-09-02 14:53:53,14,N,Non-Peak,20.22689456564566
2026-09-23 05:07:00,5,E,Non-Peak,23.16591169256191
2026-09-28 11:12:47,11,N,Non-Peak,20.082420217318635
2026-09-16 19:43:45,19,E,Non-Peak,25.77556105500362
2026-09-11 14:17:22,14,S,Non-Peak,28.782601045817145
2025-09-24 16:20:19,16,N,Peak,0.0
2026-09-11 11:35:49,11,E,Non-Peak,22.12534813474944
2026-09-25 04:54:28,4,E,Non-Peak,28.03022634921026
2026-09-21 22:34:06,22,N,Non-Peak,21.14702606487335
2026-09-14 11:18:09,11,E,Non-Peak,23.96063914445593
2026-09-11 09:01:20,9,N,Non-Peak,28.6542751429064
2026-09-03 02:45:03,2,S,Non-Peak,26.07364890909321
2026-09-25 21:21:18,21,E,Non-Peak,20.94133926087297
2025-09-09 17:06:23,17,N,Peak,0.0
2026-09-14 04:08:15,4,S,Non-Peak,22.45974977626518
2026-09-08 15:12:22,15,S,Non-Peak,28.266208314225707
2026-09-11 10:24:17,10,W,Non-Peak,27.971979968397196
2026-09-13 00:53:42,0,N,Non-Peak,22.295480144754425
2026-09-24 18:48:35,18,N,Non-Peak,24.450370146976333
2025-09-26 18:48:51,18,N,Non-Peak,0.0
2026-09-05 03:55:37,3,N,Non-Peak,24.45647222429308
2026-09-27 13:39:57,13,N,Non-Peak,28.46959508753362
2025-09-21 17:17:06,17,N,Peak,0.0
2026-09-12 23:22:02,23,S,Non-Peak,22.163306121704448
2026-09-11 13:02:58,13,W,Non-Peak,27.18127091310929
2026-09-30 09:16:41,9,N,Non-Peak,24.961808602142003
2026-09-08 05:09:31,5,W,Non-Peak,22.796527553977167
2025-09-03 16:33:55,16,N,Peak,0.0
2026-09-16 18:39:21,18,E,Non-Peak,27.773113635241856
2026-09-12 07:37:21,7,N,Non-Peak,27.630076018422205
2025-09-05 17:09:14,17,N,Peak,0.0
2026-09-23 05:10:09,5,N,Non-Peak,20.55356876436007
2026-09-05 05:49:04,5,W,Non-Peak,28.428103785547208
2025-09-13 18:41:13,18,N,Non-Peak,0.0
2026-09-14 14:45:00,14,S,Non-Peak,26.954728915178013
2026-09-01 10:08:40,10,N,Non-Peak,20.603878786532235
2026-09-16 05:42:05,5,E,Non-Peak,26.64226473793752
2026-09-22 03:10:41,3,N,Non-Peak,24.45706068205439
2026-09-22 11:37:43,11,N,Non-Peak,24.114204933952795
2026-09-05 22:47:38,22,N,Non-Peak,23.675707466802137
2025-09-18 18:40:31,18,N,Non-Peak,0.0
2026-09-03 18:05:07,18,E,Non-Peak,28.301893740923425
2026-09-20 06:22:29,6,W,Non-Peak,22.37883176144457
2025-09-15 16:51:23,16,N,Peak,0.0
2026-09-21 16:07:10,16,W,Peak,12.0083444395488
2026-09-03 10:29:35,10,N,Non-Peak,28.429587149759087
2026-09-08 01:13:38,1,N,Non-Peak,21.0162094871311
2026-09-07 03:28:52,3,S,Non-Peak,26.32927299813529
2026-09-18 08:59:20,8,W,Non-Peak,20.72077238262344
2026-09-02 19:01:25,19,W,Non-Peak,23.091583092437265
2025-09-24 18:01:27,18,N,Non-Peak,0.0
2025-09-30 16:06:28,16,N,Peak,0.0
2026-09-06 06:07:31,6,E,Non-Peak,28.521006390380528
2026-09-18 20:07:38,20,W,Non-Peak,28.88146476792664
2026-09-19 03:59:01,3,N,Non-Peak,26.591346597296745
2026-09-23 11:34:15,11,E,Non-Peak,22.327575867287223
2026-09-28 11:43:33,11,N,Non-Peak,24.664055228474435
2025-09-06 16:39:24,16,N,Peak,0.0
2026-09-08 01:43:28,1,W,Non-Peak,24.4606198643299
2026-09-23 22:56:30,22,E,Non-Peak,27.269639552538
2026-09-02 18:18:33,18,S,Non-Peak,29.710851210733008
2025-09-03 18:49:33,18,N,Non-Peak,0.0
2026-09-05 11:31:45,11,W,Non-Peak,29.613506570813836
2025-09-18 18:42:46,18,N,Non-Peak,0.0
2026-09-06 16:23:20,16,N,Peak,17.51462301356406
2025-09-11 18:53:45,18,N,Non-Peak,0.0
2025-09-06 18:56:19,18,N,Non-Peak,0.0
2026-09-27 12:04:30,12,N,Non-Peak,21.202460702275157
2025-09-22 18:52:10,18,N,Non-Peak,0.0
2026-09-18 23:30:44,23,E,Non-Peak,25.19531864271812
2025-09-13 16:22:08,16,N,Peak,0.0
2025-09-18 16:51:46,16,N,Peak,0.0
2025-09-29 16:06:54,16,N,Peak,0.0
2026-09-08 05:59:54,5,W,Non-Peak,21.169712386233904
2025-09-26 17:52:22,17,N,Peak,0.0
2026-09-11 16:33:09,16,N,Peak,13.617037456335872
2025-09-21 17:12:07,17,N,Peak,0.0
2026-09-05 15:19:55,15,W,Non-Peak,20.07903355490781
2026-09-19 18:38:03,18,S,Non-Peak,23.30167036967432
2026-09-17 19:31:22,19,W,Non-Peak,29.83053936826972
2026-09-04 19:12:55,19,N,Non-Peak,22.721349090307385
2026-09-22 07:08:57,7,S,Non-Peak,27.19678474788457
2026-09-23 13:17:50,13,S,Non-Peak,22.53006364809241
2026-09-10 23:06:57,23,E,Non-Peak,24.2624865992575
2026-09-28 10:15:55,10,W,Non-Peak,27.62424596679567
2026-09-18 03:56:59,3,E,Non-Peak,25.2886576121966
2026-09-15 23:02:12,23,S,Non-Peak,23.649519708022776
2026-09-03 08:41:43,8,W,Non-Peak,27.04164637734525
2025-09-24 17:46:15,17,N,Peak,0.0
2026-09-02 02:27:33,2,W,Non-Peak,27.8458911405949
2026-09-21 03:26:32,3,N,Non-Peak,28.920207748087087
2025-09-21 16:10:32,16,N,Peak,0.0
2026-09-11 20:45:13,20,S,Non-Peak,28.563600930478376
2025-09-29 17:34:00,17,N,Peak,0.0
2026-09-13 16:46:45,16,W,Peak,12.755907382425114
2025-09-08 16:15:26,16,N,Peak,0.0
2026-09-10 04:00:00,4,E,Non-Peak,26.96570859573433
2025-09-23 17:47:44,17,N,Peak,0.0
2025-09-20 18:12:28,18,N,Non-Peak,0.0
2026-09-09 22:52:19,22,N,Non-Peak,25.17595395698813
2026-09-29 12:43:13,12,W,Non-Peak,29.168106609315
2026-09-02 11:48:13,11,N,Non-Peak,25.65300337747868
2025-09-10 16:58:20,16,N,Peak,0.0
2026-09-28 19:40:55,19,E,Non-Peak,28.82558598712072
2026-09-08 16:57:36,16,S,Peak,17.6627451500867
2026-09-11 14:38:41,14,N,Non-Peak,21.038514127267497
2026-09-03 02:57:00,2,E,Non-Peak,20.30965884097172
2026-09-19 00:58:51,0,N,Non-Peak,26.46338237802452
2026-09-19 06:15:06,6,N,Non-Peak,28.24489024400732
2026-09-19 02:04:11,2,S,Non-Peak,21.88588864001742
2026-09-26 13:58:10,13,W,Non-Peak,23.417619964751275
2026-09-02 09:46:36,9,N,Non-Peak,29.537039198082347
2025-09-04 16:36:15,16,N,Peak,0.0
2026-09-07 23:38:46,23,N,Non-Peak,24.570373029709263
2025-09-06 17:14:37,17,N,Peak,0.0
2026-09-03 02:22:31,2,E,Non-Peak,24.97567011028089
2025-09-16 16:21:35,16,N,Peak,0.0
2025-09-29 18:03:23,18,N,Non-Peak,0.0
2026-09-25 14:19:39,14,E,Non-Peak,23.998309167074147
2026-09-07 04:52:44,4,E,Non-Peak,26.43737475558114
2026-09-14 08:35:38,8,S,Non-Peak,26.059551233591385
2025-09-24 18:05:05,18,N,Non-Peak,0.0
2026-09-17 13:10:58,13,N,Non-Peak,26.29767629156217
2025-09-13 17:19:40,17,N,Peak,0.0
2025-09-06 18:30:34,18,N,Non-Peak,0.0
2026-09-16 11:12:04,11,S,Non-Peak,26.26490146656037
2026-09-27 03:14:22,3,N,Non-Peak,28.20219320244027
2026-09-22 19:36:25,19,W,Non-Peak,29.140276843374867
2026-09-12 08:01:47,8,S,Non-Peak,24.661414009974276
2025-09-09 17:24:50,17,N,Peak,0.0
2025-09-06 16:05:12,16,N,Peak,0.0
2025-09-06 16:53:30,16,N,Peak,0.0
2026-09-04 05:05:31,5,E,Non-Peak,26.8680354293165
2025-09-13 16:19:15,16,N,Peak,0.0
2025-09-24 18:35:12,18,N,Non-Peak,0.0
2026-09-16 17:00:54,17,N,Peak,12.9876458701444
2026-09-18 15:58:26,15,E,Non-Peak,22.230163323156773
2026-09-29 15:55:39,15,W,Non-Peak,24.070087052522755
2026-09-07 03:27:29,3,W,Non-Peak,28.62141550103017
2025-09-24 17:50:24,17,N,Peak,0.0
2026-09-12 00:04:31,0,E,Non-Peak,26.248169555560885
2026-09-30 08:22:49,8,S,Non-Peak,20.336566471365
2026-09-17 18:19:26,18,W,Non-Peak,28.903513390968683
2025-09-04 16:54:42,16,N,Peak,0.0
2025-09-23 17:51:12,17,N,Peak,0.0
2026-09-27 12:59:48,12,S,Non-Peak,21.413009891096134
2025-09-07 17:50:44,17,N,Peak,0.0
2026-09-29 15:39:36,15,W,Non-Peak,24.077905078244147
2026-09-07 08:56:49,8,W,Non-Peak,23.561822124071544
2025-09-03 18:01:12,18,N,Non-Peak,0.0
2026-09-23 04:30:21,4,N,Non-Peak,26.231976617621868
2025-09-20 18:24:40,18,N,Non-Peak,0.0
2025-09-03 17:16:08,17,N,Peak,0.0
2025-09-12 18:41:02,18,N,Non-Peak,0.0
2025-09-10 16:22:57,16,N,Peak,0.0
2026-09-27 00:11:36,0,W,Non-Peak,26.237022345877207
2025-09-13 18:15:08,18,N,Non-Peak,0.0
2026-09-19 05:19:07,5,W,Non-Peak,26.536942468228773
2026-09-30 05:24:56,5,S,Non-Peak,22.69148973194168
2026-09-16 17:31:22,17,W,Peak,13.690241805849276
2025-09-20 16:30:41,16,N,Peak,0.0
2026-09-02 01:51:27,1,W,Non-Peak,29.095100708492307
2026-09-07 06:50:04,6,E,Non-Peak,21.591795278923488
2025-09-12 17:39:19,17,N,Peak,0.0
2026-09-12 23:54:15,23,W,Non-Peak,27.203725994752794
2025-09-13 17:06:57,17,N,Peak,0.0
2026-09-28 18:12:01,18,E,Non-Peak,23.90884334514404
2026-09-02 21:24:11,21,E,Non-Peak,23.26757730085943
2026-09-04 06:00:21,6,N,Non-Peak,24.000272273170875
2026-09-04 11:20:26,11,N,Non-Peak,27.549326498341387
2026-09-05 09:21:34,9,E,Non-Peak,24.9109418080314
2026-09-14 11:46:39,11,N,Non-Peak,22.918847361836043
2025-09-01 18:00:03,18,N,Non-Peak,0.0
2026-09-21 04:40:12,4,E,Non-Peak,25.290000219628084
2026-09-27 05:00:19,5,E,Non-Peak,21.66232338095104
2026-09-30 13:59:55,13,E,Non-Peak,22.88520375540961
2026-09-02 02:27:33,2,W,Non-Peak,27.8458911405949
2026-09-24 19:59:18,19,E,Non-Peak,21.133224538120945
2026-09-07 19:44:40,19,W,Non-Peak,25.95478020102872
2025-09-23 18:40:45,18,N,Non-Peak,0.0
2025-09-24 18:08:33,18,N,Non-Peak,0.0
2025-09-16 18:12:38,18,N,Non-Peak,0.0
2026-09-16 13:35:30,13,E,Non-Peak,26.72644635288501
2026-09-20 00:22:39,0,S,Non-Peak,22.331127215428083
2026-09-10 10:57:16,10,S,Non-Peak,26.37635262195314
2025-09-26 17:44:30,17,N,Peak,0.0
2026-09-16 22:43:39,22,N,Non-Peak,20.624382425716405
2026-09-22 13:47:45,13,W,Non-Peak,26.52546586817789
2026-09-06 23:09:39,23,S,Non-Peak,25.457789642532845
2026-09-13 01:33:37,1,E,Non-Peak,27.668127320563688
2026-09-26 22:41:43,22,N,Non-Peak,29.992347981672403
2026-09-08 04:25:01,4,E,Non-Peak,23.723730478416837
2025-09-15 17:30:22,17,N,Peak,0.0
2025-09-27 18:35:41,18,N,Non-Peak,0.0
2026-09-30 17:40:11,17,N,Peak,14.979053983756828
2026-09-03 02:59:11,2,S,Non-Peak,27.56416215577076
2026-09-21 15:45:07,15,W,Non-Peak,26.487672152526404
2026-09-29 21:27:32,21,W,Non-Peak,27.498606524883435
2026-09-10 20:54:04,20,W,Non-Peak,29.876345930407
2026-09-16 04:46:35,4,N,Non-Peak,24.123035459233208
2026-09-09 22:44:32,22,E,Non-Peak,28.75740075162004
2025-09-24 18:24:37,18,N,Non-Peak,0.0
2025-09-28 18:38:10,18,N,Non-Peak,0.0
2025-09-09 18:43:05,18,N,Non-Peak,0.0
2025-09-30 18:50:36,18,N,Non-Peak,0.0
2026-09-10 13:01:24,13,N,Non-Peak,28.59012747328484
2026-09-11 13:07:16,13,W,Non-Peak,26.69391019621568
2026-09-22 17:28:55,17,N,Peak,17.241671545239647
2025-09-24 18:38:04,18,N,Non-Peak,0.0
2026-09-08 06:35:21,6,N,Non-Peak,22.45257868695686
2025-09-20 18:06:38,18,N,Non-Peak,0.0
2026-09-22 09:38:39,9,N,Non-Peak,28.7349541922838
2025-09-06 18:42:04,18,N,Non-Peak,0.0
2026-09-18 07:20:01,7,S,Non-Peak,26.796684328432523
2026-09-26 22:17:12,22,W,Non-Peak,24.04555067142281
2026-09-24 15:08:26,15,N,Non-Peak,20.3490410992065
2026-09-18 03:44:28,3,W,Non-Peak,22.92704212773724
2025-09-27 18:28:58,18,N,Non-Peak,0.0
2026-09-25 13:36:36,13,N,Non-Peak,28.73828549115765
2026-09-20 00:33:46,0,E,Non-Peak,22.45527474397638
2026-09-26 03:33:18,3,W,Non-Peak,29.543344163369188
2026-09-29 09:47:28,9,S,Non-Peak,26.83091765750324
2026-09-04 11:53:22,11,S,Non-Peak,25.314519164995065
2025-09-18 18:38:40,18,N,Non-Peak,0.0
2026-09-01 01:28:27,1,E,Non-Peak,21.459188381250577
2026-09-26 00:56:36,0,S,Non-Peak,20.56610945550852
2026-09-10 01:12:50,1,E,Non-Peak,29.90529683005505
2026-09-23 14:12:56,14,N,Non-Peak,26.12300110809968
2026-09-14 08:16:26,8,E,Non-Peak,20.79451254202632
2025-09-30 17:37:04,17,N,Peak,0.0
2026-09-06 15:06:46,15,N,Non-Peak,26.20376620077321
2025-09-02 17:50:05,17,N,Peak,0.0
2025-09-26 16:16:25,16,N,Peak,0.0
2025-09-26 18:45:29,18,N,Non-Peak,0.0
2026-09-19 09:14:11,9,N,Non-Peak,21.206675873912136
2026-09-23 19:21:19,19,S,Non-Peak,22.324028226659237
2025-09-19 17:45:58,17,N,Peak,0.0
2026-09-26 02:56:26,2,S,Non-Peak,26.85812167351505
2026-09-09 11:41:45,11,W,Non-Peak,25.781378148949223
2025-09-05 17:23:26,17,N,Peak,0.0
2026-09-28 22:09:58,22,N,Non-Peak,25.275530302651816
2025-09-06 16:05:44,16,N,Peak,0.0
2026-09-30 03:16:38,3,W,Non-Peak,20.023165096296378
2026-09-23 23:43:52,23,N,Non-Peak,21.09540821820684
2025-09-26 18:25:28,18,N,Non-Peak,0.0
2026-09-21 17:52:08,17,S,Peak,17.15280397669494
2025-09-22 16:29:58,16,N,Peak,0.0
2026-09-06 14:47:37,14,S,Non-Peak,20.73031703398272
2025-09-04 17:54:31,17,N,Peak,0.0
2025-09-05 16:06:44,16,N,Peak,0.0
2025-09-12 17:39:59,17,N,Peak,0.0
2025-09-28 17:06:31,17,N,Peak,0.0
2026-09-09 05:06:25,5,S,Non-Peak,25.182788175566788
2026-09-13 19:43:41,19,S,Non-Peak,26.20132289558701
2026-09-09 11:19:37,11,E,Non-Peak,27.872244149321
2026-09-19 06:59:38,6,W,Non-Peak,20.63792765158497
2026-09-02 14:56:58,14,W,Non-Peak,21.94180138000588
2026-09-20 03:46:57,3,S,Non-Peak,24.54510550535681
2025-09-13 17:03:36,17,N,Peak,0.0
2025-09-16 16:31:43,16,N,Peak,0.0
2026-09-09 03:31:07,3,S,Non-Peak,27.38554820351907
2025-09-16 18:46:41,18,N,Non-Peak,0.0
2026-09-26 00:11:15,0,W,Non-Peak,25.889617836534025
2026-09-13 12:33:59,12,E,Non-Peak,29.547754693588065
2026-09-13 21:54:23,21,E,Non-Peak,23.058293040139283
2026-09-16 09:08:40,9,S,Non-Peak,28.03876904830889
2026-09-07 01:52:01,1,S,Non-Peak,26.058501416746463
2025-09-23 16:40:34,16,N,Peak,0.0
2026-09-08 08:49:29,8,E,Non-Peak,29.482730008907325
2025-09-29 16:19:29,16,N,Peak,0.0
2026-09-24 17:32:45,17,W,Peak,17.97342959147193
2026-09-07 23:44:40,23,E,Non-Peak,20.497184898834924
2026-09-01 17:59:21,17,E,Peak,15.115601804506008
2026-09-28 10:29:49,10,W,Non-Peak,24.549857180595907
2026-09-16 19:43:32,19,E,Non-Peak,23.73362783654133
2026-09-24 19:01:16,19,E,Non-Peak,25.05271116705306
2026-09-21 17:01:23,17,W,Peak,12.928705303630164
2026-09-26 18:19:21,18,S,Non-Peak,26.762470884437818
2025-09-04 17:10:07,17,N,Peak,0.0
2026-09-28 10:40:01,10,S,Non-Peak,25.799094800950535
2026-09-29 00:32:49,0,N,Non-Peak,23.78531914899549
2026-09-19 18:22:35,18,N,Non-Peak,23.220811601626163
2026-09-01 22:14:38,22,W,Non-Peak,26.091124966436887
2026-09-15 10:40:23,10,W,Non-Peak,25.733462748027748
2025-09-13 16:09:46,16,N,Peak,0.0
2026-09-18 06:04:53,6,E,Non-Peak,20.16744386070378
2026-09-09 04:00:01,4,S,Non-Peak,22.88416295081722
2026-09-29 13:41:51,13,E,Non-Peak,22.675241926710903
2025-09-28 17:54:23,17,N,Peak,0.0
2026-09-19 00:07:11,0,W,Non-Peak,22.95906706443004
2025-09-10 18:42:10,18,N,Non-Peak,0.0
2025-09-07 16:06:04,16,N,Peak,0.0
2026-09-02 15:50:11,15,S,Non-Peak,27.887087942654414
2026-09-17 08:50:30,8,W,Non-Peak,27.683982207454857
2026-09-10 22:07:54,22,S,Non-Peak,28.702982120844812
2026-09-06 16:40:29,16,W,Peak,14.94261897668788
2026-09-30 10:42:19,10,S,Non-Peak,27.593633466927933
2026-09-03 08:57:06,8,N,Non-Peak,27.028821310012525
2026-09-27 10:41:40,10,W,Non-Peak,25.36307809221796
2026-09-29 22:02:57,22,E,Non-Peak,28.754803380052916
2026-09-13 01:49:21,1,E,Non-Peak,26.74646375977481
2026-09-22 13:03:26,13,N,Non-Peak,20.74546938532276
2025-09-26 16:22:01,16,N,Peak,0.0
2026-09-17 15:23:24,15,S,Non-Peak,20.12521798452037
2026-09-21 23:15:20,23,N,Non-Peak,25.443188440975465
2026-09-22 09:28:26,9,W,Non-Peak,27.36541978818871
2026-09-28 14:14:06,14,E,Non-Peak,27.280466482751063
2025-09-08 17:50:03,17,N,Peak,0.0
2026-09-15 00:43:22,0,W,Non-Peak,20.639572920417287
2025-09-19 18:18:42,18,N,Non-Peak,0.0
2026-09-08 14:06:07,14,E,Non-Peak,22.87756701859397
2026-09-01 09:57:19,9,S,Non-Peak,20.12500065981791
2026-09-28 12:16:17,12,N,Non-Peak,24.895442085259408
2026-09-16 19:31:20,19,W,Non-Peak,26.024538393515996
2026-09-19 11:38:42,11,E,Non-Peak,24.1239943205784
2026-09-18 15:49:15,15,N,Non-Peak,27.002988463378035
2026-09-15 05:49:26,5,W,Non-Peak,25.48648436991264
2026-09-15 19:50:48,19,E,Non-Peak,21.63256427137906
2026-09-07 06:04:19,6,S,Non-Peak,24.897310548645123
2025-09-02 18:49:51,18,N,Non-Peak,0.0
2026-09-01 06:43:57,6,E,Non-Peak,25.541741094154503
2025-09-08 17:50:25,17,N,Peak,0.0
2026-09-25 03:13:36,3,W,Non-Peak,27.552771801834066
2025-09-30 16:10:53,16,N,Peak,0.0
2025-09-01 16:00:02,16,N,Peak,0.0
2025-09-18 17:12:41,17,N,Peak,0.0
2025-09-07 18:42:09,18,N,Non-Peak,0.0
2025-09-11 16:02:56,16,N,Peak,0.0
2026-09-11 12:27:47,12,N,Non-Peak,24.27581376456312
2026-09-11 14:06:33,14,E,Non-Peak,22.91430993377312
2026-09-17 16:11:53,16,W,Peak,15.5294160187952
2026-09-02 10:55:32,10,S,Non-Peak,25.974823996186775
2026-09-27 12:24:17,12,W,Non-Peak,26.62734241634477
2025-09-26 17:43:06,17,N,Peak,0.0
2025-09-16 18:20:34,18,N,Non-Peak,0.0
2025-09-24 17:15:18,17,N,Peak,0.0
2025-09-12 16:01:36,16,N,Peak,0.0
2026-09-26 12:03:04,12,W,Non-Peak,28.63609066133269
2025-09-29 16:39:17,16,N,Peak,0.0
2026-09-19 23:50:54,23,N,Non-Peak,29.12830282730077
2026-09-22 05:06:55,5,W,Non-Peak,26.442351813580835
2025-09-28 18:06:36,18,N,Non-Peak,0.0
2026-09-23 02:38:30,2,N,Non-Peak,27.485561309366485
2025-09-24 16:50:50,16,N,Peak,0.0
2026-09-23 10:25:16,10,S,Non-Peak,24.237872398320427
2026-09-26 17:54:05,17,W,Peak,11.06778915956827
2025-09-29 18:21:38,18,N,Non-Peak,0.0
2025-09-11 16:25:57,16,N,Peak,0.0
2026-09-28 10:43:16,10,S,Non-Peak,26.34865105730452
2026-09-25 17:44:52,17,N,Peak,17.249698912102616
2026-09-02 16:02:53,16,S,Peak,13.337557819499631
2026-09-09 02:53:29,2,S,Non-Peak,20.986690932977737
2026-09-29 14:40:13,14,E,Non-Peak,22.483172822925173
2026-09-18 00:25:43,0,N,Non-Peak,21.94577425563425
2025-09-13 16:25:46,16,N,Peak,0.0
2026-09-30 10:54:49,10,E,Non-Peak,28.877960427281067
2026-09-19 00:52:20,0,S,Non-Peak,28.528875443599908
2026-09-02 20:00:09,20,E,Non-Peak,23.00644420197742
2026-09-20 20:45:10,20,S,Non-Peak,23.212969834210696
2026-09-20 14:53:54,14,W,Non-Peak,23.64094783399133
2025-09-28 18:46:02,18,N,Non-Peak,0.0
2026-09-30 13:11:47,13,S,Non-Peak,21.4997811416906
2026-09-26 02:17:13,2,E,Non-Peak,24.50698794016984
2025-09-24 17:41:38,17,N,Peak,0.0
2026-09-21 03:56:04,3,S,Non-Peak,25.80672105476251
2026-09-28 10:04:50,10,E,Non-Peak,25.558201317336422
2025-09-16 16:00:13,16,N,Peak,0.0
2025-09-20 17:20:21,17,N,Peak,0.0
2025-09-27 16:32:53,16,N,Peak,0.0
2026-09-27 09:55:49,9,S,Non-Peak,21.31066120228542
2026-09-28 11:53:53,11,S,Non-Peak,27.35431965369637
2026-09-21 10:06:28,10,S,Non-Peak,29.97309776159036
2025-09-21 18:33:51,18,N,Non-Peak,0.0
2026-09-30 09:06:26,9,E,Non-Peak,22.06837293302496
2026-09-21 10:38:14,10,E,Non-Peak,23.922007518497217
2026-09-23 09:44:00,9,E,Non-Peak,23.85923833274517
2025-09-29 16:53:13,16,N,Peak,0.0
2026-09-17 10:34:57,10,S,Non-Peak,23.847828644801197
2025-09-11 17:30:00,17,N,Peak,0.0
2026-09-15 03:03:16,3,N,Non-Peak,21.485534065348677
2025-09-24 18:20:43,18,N,Non-Peak,0.0
2025-09-12 16:22:42,16,N,Peak,0.0
2025-09-22 17:43:12,17,N,Peak,0.0
2026-09-11 05:26:53,5,S,Non-Peak,26.34151745352252
2026-09-10 20:58:44,20,S,Non-Peak,28.835264090833974
2026-09-15 04:20:22,4,S,Non-Peak,20.378005731275888
2026-09-08 11:10:10,11,N,Non-Peak,24.7671128578415
2026-09-30 07:44:44,7,S,Non-Peak,25.447774352245663
2026-09-27 17:31:07,17,W,Peak,17.384871043308422
2026-09-13 09:44:20,9,S,Non-Peak,21.436210773543543
2026-09-24 16:10:16,16,S,Peak,17.65549946414403
2026-09-20 22:26:43,22,W,Non-Peak,24.150163064239266
2026-09-24 00:18:21,0,S,Non-Peak,27.153832590717528
2025-09-24 18:02:01,18,N,Non-Peak,0.0
2026-09-19 03:47:52,3,W,Non-Peak,25.824533996756344
2026-09-16 10:58:31,10,W,Non-Peak,24.960772860841036
2026-09-09 00:47:42,0,S,Non-Peak,29.17691944589449
2026-09-28 16:50:25,16,E,Peak,18.23909052401126
2026-09-06 03:38:24,3,W,Non-Peak,22.820917057033885
2026-09-16 22:45:52,22,S,Non-Peak,27.20269635424013
2025-09-08 18:09:24,18,N,Non-Peak,0.0
2026-09-15 19:59:05,19,E,Non-Peak,29.7600912168571
2026-09-10 15:41:32,15,W,Non-Peak,26.957632966708942
2026-09-15 12:06:13,12,S,Non-Peak,23.72011905040667
2026-09-02 09:16:32,9,S,Non-Peak,22.86963071575276
2025-09-06 18:56:39,18,N,Non-Peak,0.0
2026-09-07 03:03:22,3,E,Non-Peak,23.027919835270428
2026-09-02 06:01:39,6,E,Non-Peak,29.94325664428156
2026-09-13 02:08:46,2,W,Non-Peak,25.00997656062524
2026-09-10 20:32:20,20,N,Non-Peak,21.52070160036911
2026-09-16 12:09:10,12,W,Non-Peak,22.16513735308681
2026-09-09 07:33:58,7,E,Non-Peak,20.476223569820306
2026-09-04 14:42:59,14,S,Non-Peak,22.872232533554325
2025-09-16 17:19:53,17,N,Peak,0.0
2026-09-18 03:56:12,3,N,Non-Peak,22.730582403560057
2025-09-16 16:37:13,16,N,Peak,0.0
2025-09-10 16:18:05,16,N,Peak,0.0
2026-09-21 12:22:45,12,S,Non-Peak,22.204835569271843
2026-09-20 20:54:08,20,W,Non-Peak,21.256473866547683
2026-09-25 06:47:41,6,N,Non-Peak,29.390844895076448
2026-09-02 20:02:45,20,S,Non-Peak,22.008163204112872
2025-09-28 17:24:19,17,N,Peak,0.0
2026-09-10 03:28:13,3,E,Non-Peak,29.435079814290876
2025-09-06 16:26:06,16,N,Peak,0.0
2026-09-18 09:48:29,9,W,Non-Peak,26.33123287161452
2026-09-12 14:16:07,14,W,Non-Peak,25.49169787546092
2026-09-26 12:10:17,12,W,Non-Peak,28.39730761229262
2026-09-23 14:02:19,14,E,Non-Peak,26.579883243595415
2025-09-24 16:58:53,16,N,Peak,0.0
2025-09-13 17:20:50,17,N,Peak,0.0
2026-09-18 11:53:34,11,W,Non-Peak,20.87485489423637
2026-09-01 06:37:17,6,W,Non-Peak,25.308162917353734
2026-09-09 10:23:37,10,S,Non-Peak,29.132064942509977
2026-09-13 21:27:35,21,S,Non-Peak,24.29592103482955
2026-09-09 08:40:31,8,N,Non-Peak,23.64324145046679
2026-09-19 23:12:19,23,E,Non-Peak,23.18803807514361
2026-09-28 01:22:22,1,W,Non-Peak,28.25844517153484
2025-09-26 17:52:08,17,N,Peak,0.0
2026-09-28 12:06:00,12,W,Non-Peak,26.622916520002825
2025-09-28 17:30:08,17,N,Peak,0.0
2025-09-19 17:26:35,17,N,Peak,0.0
2025-09-20 17:25:21,17,N,Peak,0.0
2026-09-03 09:57:56,9,N,Non-Peak,25.338306047001584
2026-09-03 22:42:04,22,S,Non-Peak,20.0710156773682
2026-09-03 08:01:28,8,W,Non-Peak,20.87544531355145
2026-09-08 13:24:29,13,E,Non-Peak,25.431657764215277
2026-09-27 19:21:17,19,E,Non-Peak,20.15517438778741
2026-09-03 12:32:02,12,N,Non-Peak,27.929701337408783
2026-09-30 23:21:04,23,S,Non-Peak,22.93750023887085
2026-09-20 10:33:39,10,N,Non-Peak,22.311903823306874
2026-09-12 19:59:20,19,E,Non-Peak,25.453611614671157
2025-09-05 18:37:52,18,N,Non-Peak,0.0
2026-09-18 19:37:31,19,W,Non-Peak,25.231745203061102
2025-09-11 16:07:25,16,N,Peak,0.0
2026-09-02 09:50:40,9,E,Non-Peak,21.868319414073145
2026-09-30 08:28:02,8,S,Non-Peak,29.4989408295526
2026-09-27 21:56:00,21,W,Non-Peak,28.064361581775177
2026-09-07 07:41:32,7,N,Non-Peak,26.74003483383232
2026-09-02 04:53:31,4,S,Non-Peak,22.71990711379943
2026-09-29 23:35:48,23,E,Non-Peak,27.30670855811333
2025-09-20 16:06:11,16,N,Peak,0.0
2026-09-06 15:38:48,15,E,Non-Peak,21.090484040651827
2025-09-16 16:06:27,16,N,Peak,0.0
2026-09-24 18:02:18,18,S,Non-Peak,23.069795120567
2026-09-05 19:04:18,19,E,Non-Peak,24.320204218141605
2026-09-07 01:38:32,1,S,Non-Peak,22.067361246943843
2026-09-21 21:59:44,21,E,Non-Peak,20.828732142520973
2025-09-15 17:52:45,17,N,Peak,0.0
2026-09-06 03:31:40,3,W,Non-Peak,28.94859446980352
2026-09-27 20:46:00,20,W,Non-Peak,28.38453069765064
2026-09-11 10:29:54,10,S,Non-Peak,23.50410000158601
2026-09-18 10:52:29,10,W,Non-Peak,29.30218836154992
2026-09-07 18:13:04,18,E,Non-Peak,28.07832815767307
2026-09-03 10:09:02,10,S,Non-Peak,23.044977979153558
2025-09-30 16:44:56,16,N,Peak,0.0
2026-09-13 09:30:45,9,W,Non-Peak,29.736309834365
2026-09-08 03:02:04,3,W,Non-Peak,25.10499966242987
2026-09-09 20:13:31,20,S,Non-Peak,29.925766023214702
2026-09-30 07:55:11,7,W,Non-Peak,29.323651274505124
2026-09-15 16:31:59,16,N,Peak,12.083530117978064
2026-09-20 15:15:18,15,E,Non-Peak,26.85403202552852
2026-09-29 00:48:05,0,S,Non-Peak,27.588878287290484
2026-09-01 12:38:54,12,N,Non-Peak,21.480489105351676
2026-09-05 11:08:29,11,E,Non-Peak,24.355583826907026
2026-09-28 18:54:21,18,W,Non-Peak,20.0082683289507
2026-09-09 17:05:50,17,S,Peak,14.306412556799264
2026-09-13 01:33:34,1,E,Non-Peak,25.48181222261046
2026-09-14 05:04:06,5,N,Non-Peak,25.888272842087957
2026-09-02 05:19:35,5,N,Non-Peak,27.307795304824356
2026-09-11 05:46:28,5,W,Non-Peak,24.19107442481031
2025-09-24 18:25:17,18,N,Non-Peak,0.0
2026-09-06 10:39:30,10,S,Non-Peak,20.078991188284103
2026-09-03 19:40:30,19,N,Non-Peak,29.661765334414536
2026-09-01 05:14:48,5,W,Non-Peak,23.398511183826013
2025-09-18 16:39:09,16,N,Peak,0.0
2026-09-28 07:49:00,7,N,Non-Peak,24.929267886919934
2026-09-27 05:45:54,5,W,Non-Peak,23.536355075503412
2026-09-14 22:04:58,22,S,Non-Peak,28.43006372768419
2026-09-17 00:05:03,0,N,Non-Peak,21.213081858264477
2025-09-27 18:23:40,18,N,Non-Peak,0.0
2026-09-26 22:16:50,22,W,Non-Peak,25.66926492593384
2025-09-29 18:28:19,18,N,Non-Peak,0.0
2026-09-18 00:31:17,0,N,Non-Peak,22.535928357852704
2026-09-14 15:54:06,15,E,Non-Peak,21.3587555246804
2026-09-03 23:26:12,23,S,Non-Peak,23.03218655674546
2026-09-13 13:01:35,13,S,Non-Peak,20.892218399610265
2025-09-11 17:41:22,17,N,Peak,0.0
2026-09-04 00:43:46,0,S,Non-Peak,25.18174872415262
2025-09-04 16:44:56,16,N,Peak,0.0
2026-09-25 14:35:25,14,N,Non-Peak,23.966061702918715
2025-09-27 18:11:17,18,N,Non-Peak,0.0
2025-09-30 16:33:34,16,N,Peak,0.0
2026-09-13 10:54:43,10,S,Non-Peak,29.89053395502425
2026-09-09 09:13:31,9,E,Non-Peak,21.24536594217909
2026-09-03 10:28:53,10,W,Non-Peak,22.87634987947331
2026-09-28 03:21:14,3,S,Non-Peak,24.790739100192056
2026-09-05 16:40:23,16,S,Peak,14.29523232000575
2026-09-27 20:12:14,20,W,Non-Peak,20.406196390026867
2025-09-01 17:36:58,17,N,Peak,0.0
2025-09-11 17:15:30,17,N,Peak,0.0
2026-09-12 14:31:26,14,W,Non-Peak,24.97692939693505
2026-09-28 12:37:12,12,W,Non-Peak,25.117858601319437
2025-09-19 17:16:11,17,N,Peak,0.0
2026-09-07 10:47:18,10,S,Non-Peak,20.40005209869461
2025-09-07 16:34:47,16,N,Peak,0.0
2025-09-23 16:46:36,16,N,Peak,0.0
2026-09-10 03:01:13,3,E,Non-Peak,23.82857288908828
2026-09-05 17:23:45,17,N,Peak,10.578818378602875
2026-09-30 04:52:12,4,S,Non-Peak,21.59582661151904
2026-09-23 06:22:19,6,N,Non-Peak,27.94198691479824
2026-09-03 13:51:17,13,E,Non-Peak,25.20079832971522
2025-09-23 18:45:41,18,N,Non-Peak,0.0
2025-09-13 17:17:57,17,N,Peak,0.0
2026-09-05 01:51:59,1,W,Non-Peak,28.385305126710943
2025-09-10 17:56:00,17,N,Peak,0.0
2026-09-27 15:52:01,15,N,Non-Peak,26.0776966916581
2025-09-30 18:51:54,18,N,Non-Peak,0.0
2025-09-30 16:12:28,16,N,Peak,0.0
2026-09-27 04:52:38,4,N,Non-Peak,27.53210460268168
2025-09-28 16:43:46,16,N,Peak,0.0
2026-09-23 08:35:11,8,N,Non-Peak,27.60213670123067
2025-09-21 17:55:39,17,N,Peak,0.0
2026-09-15 11:55:13,11,N,Non-Peak,23.170942030308797
2026-09-08 14:11:32,14,E,Non-Peak,29.60946559576326
2026-09-26 19:10:05,19,N,Non-Peak,24.00219269135404
2026-09-09 21:04:24,21,E,Non-Peak,27.283699329629133
2026-09-14 21:32:28,21,E,Non-Peak,26.496919297081256
2026-09-26 00:48:27,0,E,Non-Peak,28.35577790796491
2026-09-12 08:31:56,8,N,Non-Peak,29.302046434662884
2025-09-18 18:45:25,18,N,Non-Peak,0.0
2026-09-06 16:53:29,16,W,Peak,13.024938117880264
2026-09-02 16:30:05,16,N,Peak,10.384562259829732
2026-09-15 21:25:07,21,S,Non-Peak,21.127461769185903
2025-09-13 18:47:01,18,N,Non-Peak,0.0
2026-09-25 05:30:59,5,E,Non-Peak,21.975374998144225
2026-09-02 14:21:01,14,W,Non-Peak,21.78036958106693
2025-09-20 16:28:34,16,N,Peak,0.0
2026-09-14 08:56:51,8,W,Non-Peak,27.48512836371819
2026-09-11 16:27:15,16,E,Peak,12.163219700645064
2025-09-27 18:15:21,18,N,Non-Peak,0.0
2025-09-19 18:01:06,18,N,Non-Peak,0.0
2026-09-14 05:09:54,5,W,Non-Peak,22.19414353104653
2026-09-24 09:33:47,9,N,Non-Peak,22.1945309060167
2025-09-24 17:21:00,17,N,Peak,0.0
2026-09-28 06:46:52,6,S,Non-Peak,20.95936685487313
2026-09-05 18:44:57,18,W,Non-Peak,24.579749617275212
2026-09-01 07:22:58,7,W,Non-Peak,26.35667689997541
2026-09-27 23:32:41,23,S,Non-Peak,28.51964075978544
2026-09-10 09:26:35,9,S,Non-Peak,28.88632384205085
2026-09-08 01:43:38,1,S,Non-Peak,21.871137368919943
2026-09-07 07:40:12,7,S,Non-Peak,25.939747417814797
2026-09-08 18:11:33,18,N,Non-Peak,26.731041680544934
2026-09-15 11:10:03,11,S,Non-Peak,24.80371432078435
2026-09-09 01:32:46,1,S,Non-Peak,25.69384535846309
2026-09-08 19:36:59,19,N,Non-Peak,29.64814255665163
2026-09-10 16:18:33,16,E,Peak,16.1442744805668
2025-09-04 16:17:42,16,N,Peak,0.0
2025-09-21 18:11:18,18,N,Non-Peak,0.0
2026-09-18 02:25:07,2,N,Non-Peak,29.10330520541754
2026-09-21 10:07:01,10,W,Non-Peak,29.68493826917086
2026-09-08 14:47:45,14,S,Non-Peak,26.800414058892336
2025-09-28 18:18:14,18,N,Non-Peak,0.0
2026-09-05 14:20:32,14,S,Non-Peak,29.25975564526063
2025-09-15 17:41:03,17,N,Peak,0.0
2026-09-23 21:23:15,21,E,Non-Peak,27.191874921775437
2026-09-21 16:47:46,16,N,Peak,18.490597944491537
2025-09-27 16:02:37,16,N,Peak,0.0
2025-09-06 16:23:20,16,N,Peak,0.0
2026-09-10 04:02:43,4,E,Non-Peak,26.559250634123767
2026-09-19 08:57:38,8,W,Non-Peak,23.573781900852268
2025-09-23 17:20:50,17,N,Peak,0.0
2026-09-08 13:32:48,13,N,Non-Peak,25.55046601190261
2026-09-09 18:30:56,18,N,Non-Peak,26.079070381493832
2026-09-16 22:45:01,22,N,Non-Peak,24.200732550956584
2026-09-18 23:13:06,23,W,Non-Peak,21.261246256404576
2026-09-17 09:02:22,9,N,Non-Peak,25.83883694692407
2026-09-21 21:58:12,21,W,Non-Peak,20.58414005988817
2026-09-23 01:51:32,1,W,Non-Peak,29.361321017031187
2026-09-27 17:08:28,17,S,Peak,19.2787999437716
2026-09-28 16:35:28,16,S,Peak,10.78384979558056
2026-09-28 01:48:37,1,W,Non-Peak,26.44297474677744
2025-09-16 18:33:03,18,N,Non-Peak,0.0
2026-09-02 11:43:54,11,S,Non-Peak,29.281083649433604
2026-09-27 04:31:58,4,S,Non-Peak,23.726529474751867
2025-09-12 16:41:44,16,N,Peak,0.0
2026-09-02 20:14:50,20,E,Non-Peak,26.996988597284428
2026-09-17 19:01:02,19,S,Non-Peak,24.76094747451215
2025-09-23 16:18:02,16,N,Peak,0.0
2025-09-19 18:58:03,18,N,Non-Peak,0.0
2025-09-05 16:11:48,16,N,Peak,0.0
2025-09-12 16:55:53,16,N,Peak,0.0
2026-09-10 13:33:32,13,N,Non-Peak,28.242699414445383
2025-09-16 16:19:09,16,N,Peak,0.0
2026-09-18 10:13:17,10,W,Non-Peak,20.99811474477725
2026-09-20 01:41:45,1,W,Non-Peak,27.24180253899265
2026-09-27 08:54:44,8,S,Non-Peak,21.648375368825693
2025-09-13 16:27:58,16,N,Peak,0.0
2026-09-07 09:37:53,9,S,Non-Peak,27.194298298019557
2026-09-07 14:52:20,14,W,Non-Peak,22.48479097150438
2026-09-15 11:27:59,11,E,Non-Peak,21.737834857165417
2025-09-13 18:47:20,18,N,Non-Peak,0.0
2026-09-05 21:19:08,21,E,Non-Peak,20.193869037043346
2025-09-09 16:07:22,16,N,Peak,0.0
2025-09-26 18:54:10,18,N,Non-Peak,0.0
2026-09-20 10:15:38,10,E,Non-Peak,28.567825803824636
2026-09-25 10:51:45,10,W,Non-Peak,29.308747785723405
2026-09-06 14:58:00,14,W,Non-Peak,24.89807347008688
2026-09-10 07:21:21,7,S,Non-Peak,25.50399974026519
2025-09-11 16:50:10,16,N,Peak,0.0
2026-09-17 01:23:40,1,N,Non-Peak,23.54652783519268
2025-09-01 16:56:31,16,N,Peak,0.0
2026-09-27 15:59:41,15,W,Non-Peak,24.374833191760302
2025-09-05 16:06:55,16,N,Peak,0.0
2026-09-08 21:18:52,21,S,Non-Peak,28.19311065888969
2026-09-17 13:49:57,13,S,Non-Peak,28.26552685415929
2026-09-06 01:10:03,1,N,Non-Peak,29.4440020938399
2026-09-17 00:37:17,0,E,Non-Peak,28.886676233905305
2025-09-26 17:04:08,17,N,Peak,0.0
2026-09-08 14:20:21,14,S,Non-Peak,24.672270735209764
2025-09-15 17:58:27,17,N,Peak,0.0
2026-09-18 10:14:53,10,W,Non-Peak,20.036516839844044
2026-09-29 20:29:58,20,E,Non-Peak,29.659245217583557
2026-09-24 13:13:18,13,W,Non-Peak,23.48796060966101
2026-09-03 09:57:46,9,N,Non-Peak,23.55823753330431
2026-09-02 13:37:14,13,W,Non-Peak,26.63876343827348
2025-09-16 17:14:04,17,N,Peak,0.0
2026-09-06 00:18:13,0,W,Non-Peak,27.28967681915769
2026-09-14 18:09:53,18,S,Non-Peak,29.777755942643083
2025-09-16 18:25:56,18,N,Non-Peak,0.0
2026-09-14 14:32:25,14,N,Non-Peak,24.08840778187016
2026-09-19 01:55:48,1,S,Non-Peak,23.065435612189184
2026-09-26 10:56:06,10,N,Non-Peak,29.485553256799637
2026-09-08 18:07:56,18,W,Non-Peak,26.654719958287654
2026-09-24 03:59:22,3,N,Non-Peak,27.996452270999438
2026-09-17 23:22:45,23,N,Non-Peak,26.29847509997351
2026-09-05 19:12:55,19,E,Non-Peak,23.638917755650034
2026-09-02 13:21:02,13,S,Non-Peak,22.156647356425577
2025-09-13 17:10:54,17,N,Peak,0.0
2025-09-03 18:13:14,18,N,Non-Peak,0.0
2026-09-20 18:19:38,18,N,Non-Peak,27.139770326133096
2025-09-30 17:53:11,17,N,Peak,0.0
2026-09-07 01:47:32,1,N,Non-Peak,27.80300513268488
2026-09-05 16:15:53,16,E,Peak,10.679922535780827
2026-09-26 22:19:20,22,E,Non-Peak,29.821146321445774
2026-09-10 00:15:10,0,W,Non-Peak,24.8487893259904
2025-09-24 18:19:53,18,N,Non-Peak,0.0
2026-09-16 17:57:46,17,E,Peak,17.615977223980416
2025-09-26 18:03:58,18,N,Non-Peak,0.0
2026-09-28 05:10:46,5,E,Non-Peak,25.309580529070143
2026-09-21 13:30:02,13,E,Non-Peak,28.69403794095629
2026-09-20 16:06:44,16,W,Peak,16.839580259819428
2025-09-04 17:46:18,17,N,Peak,0.0
2025-09-21 18:51:14,18,N,Non-Peak,0.0
2026-09-04 10:45:55,10,S,Non-Peak,29.36288403514985
2026-09-16 17:44:47,17,E,Peak,15.233475041455243
2025-09-16 16:58:56,16,N,Peak,0.0
2026-09-02 01:41:46,1,S,Non-Peak,26.399904150566805
2025-09-22 17:59:06,17,N,Peak,0.0
2026-09-10 14:47:20,14,E,Non-Peak,23.63116237211325
2026-09-27 23:57:49,23,S,Non-Peak,28.34679464423879
2026-09-01 11:46:12,11,E,Non-Peak,27.30683608702461
2025-09-18 16:33:16,16,N,Peak,0.0
2026-09-07 07:15:30,7,W,Non-Peak,27.52079801100413
2025-09-16 17:54:58,17,N,Peak,0.0
2026-09-07 18:18:44,18,W,Non-Peak,27.816920922838975
2026-09-29 22:06:44,22,S,Non-Peak,22.147920255281964
2026-09-05 00:48:08,0,N,Non-Peak,29.820210379135585
2026-09-21 15:26:27,15,E,Non-Peak,24.385270376298365
2025-09-28 16:13:59,16,N,Peak,0.0
2025-09-26 18:21:28,18,N,Non-Peak,0.0
2025-09-24 16:12:05,16,N,Peak,0.0
2026-09-24 15:46:27,15,W,Non-Peak,27.30362415586942
2026-09-06 05:54:55,5,S,Non-Peak,26.14124021136574
2026-09-03 04:42:43,4,N,Non-Peak,29.834423308287874
2026-09-17 19:11:01,19,N,Non-Peak,21.561692263404257
2025-09-12 18:12:14,18,N,Non-Peak,0.0
2026-09-22 19:28:53,19,E,Non-Peak,21.629329549160808
2026-09-15 01:07:35,1,E,Non-Peak,26.52612266840827
2026-09-27 15:09:09,15,N,Non-Peak,24.108927688761653
2026-09-08 17:57:32,17,N,Peak,14.382229503441014
2025-09-04 17:48:30,17,N,Peak,0.0
2026-09-25 02:48:52,2,E,Non-Peak,26.677294442894883
2026-09-29 08:14:15,8,E,Non-Peak,26.44299771126608
2025-09-06 18:20:35,18,N,Non-Peak,0.0
2026-09-01 23:23:03,23,W,Non-Peak,21.509861280266453
2025-09-12 17:37:54,17,N,Peak,0.0
2026-09-03 11:57:47,11,E,Non-Peak,29.991507705166388
2026-09-09 12:19:10,12,S,Non-Peak,21.85707829585717
2026-09-19 21:56:13,21,S,Non-Peak,24.395297707012958
2026-09-19 10:53:36,10,N,Non-Peak,25.56353968063126
2026-09-29 00:03:25,0,E,Non-Peak,24.587218336810444
2026-09-22 00:52:31,0,E,Non-Peak,29.14213736457502
2025-09-28 16:48:54,16,N,Peak,0.0
2026-09-10 00:50:00,0,E,Non-Peak,20.566524268271785
2026-09-14 03:46:06,3,W,Non-Peak,20.88044637548504
2026-09-23 21:09:57,21,N,Non-Peak,21.79407552070979
2025-09-21 16:33:23,16,N,Peak,0.0
2026-09-21 03:02:30,3,S,Non-Peak,25.899815358680875
2026-09-23 17:35:26,17,N,Peak,11.402090191299177
2025-09-03 16:58:21,16,N,Peak,0.0
2025-09-05 17:16:54,17,N,Peak,0.0
2026-09-29 03:02:50,3,W,Non-Peak,24.746002047328183
2026-09-16 07:48:57,7,E,Non-Peak,28.79035060908513
2025-09-18 16:53:18,16,N,Peak,0.0
2026-09-28 00:55:24,0,E,Non-Peak,25.16211787362193
2026-09-17 21:04:38,21,W,Non-Peak,25.23008320634951
2025-09-18 16:25:09,16,N,Peak,0.0
2026-09-15 18:38:56,18,E,Non-Peak,24.027503075926813
2026-09-18 09:25:02,9,E,Non-Peak,24.334149687627274
2026-09-13 15:56:53,15,N,Non-Peak,25.740143980927304
2026-09-15 09:56:15,9,S,Non-Peak,25.03040350593797
2026-09-14 02:00:41,2,W,Non-Peak,22.534340631452416
2026-09-15 00:52:16,0,N,Non-Peak,26.52578876584864
2026-09-29 13:06:30,13,W,Non-Peak,23.47315181121057
2026-09-22 05:07:29,5,W,Non-Peak,28.283449821873138
2025-09-09 17:24:39,17,N,Peak,0.0
2026-09-30 21:34:35,21,E,Non-Peak,27.81545322489128
2026-09-25 19:01:47,19,W,Non-Peak,29.504507850341568
2026-09-08 05:52:03,5,S,Non-Peak,23.702035579275524
2025-09-01 17:36:30,17,N,Peak,0.0
2025-09-01 18:59:51,18,N,Non-Peak,0.0
2026-09-04 19:57:19,19,N,Non-Peak,24.119001240009197
2026-09-06 16:00:03,16,N,Peak,17.818557936962776
2025-09-04 18:14:38,18,N,Non-Peak,0.0
2026-09-03 22:52:52,22,N,Non-Peak,27.715632162969776
2025-09-27 18:22:53,18,N,Non-Peak,0.0
2025-09-06 17:52:09,17,N,Peak,0.0
2026-09-23 09:28:47,9,W,Non-Peak,21.340848431195564
2026-09-21 20:33:18,20,S,Non-Peak,26.02922069850565
2026-09-02 22:21:49,22,S,Non-Peak,28.122702972917352
2026-09-25 17:51:51,17,N,Peak,14.939455329080763
2025-09-04 18:26:11,18,N,Non-Peak,0.0
2026-09-23 03:09:26,3,S,Non-Peak,27.198439155320685
2025-09-12 18:14:31,18,N,Non-Peak,0.0
2026-09-16 02:13:55,2,N,Non-Peak,23.230630266100945
2026-09-01 09:27:42,9,E,Non-Peak,26.71271766802449
2026-09-05 00:51:46,0,E,Non-Peak,29.05541327966527
2025-09-26 18:16:01,18,N,Non-Peak,0.0
2025-09-24 17:51:42,17,N,Peak,0.0
2026-09-05 21:39:30,21,E,Non-Peak,25.472558036901876
2026-09-04 05:02:32,5,N,Non-Peak,28.059449934604253
2025-09-16 17:47:23,17,N,Peak,0.0
2025-09-02 17:03:37,17,N,Peak,0.0
2025-09-15 17:12:47,17,N,Peak,0.0
2026-09-26 17:15:22,17,W,Peak,16.99607469166266
2026-09-12 19:26:07,19,S,Non-Peak,26.08852756030329
2026-09-24 01:00:36,1,W,Non-Peak,22.30825128800837
2025-09-19 18:10:58,18,N,Non-Peak,0.0
2026-09-02 20:54:19,20,S,Non-Peak,29.87972915247196
2026-09-23 02:34:03,2,E,Non-Peak,24.750557445629063
2026-09-03 02:51:27,2,W,Non-Peak,21.536539111415003
2026-09-17 01:28:51,1,W,Non-Peak,29.357637739888997
2026-09-20 23:44:53,23,W,Non-Peak,27.493173535372843
2025-09-04 17:00:38,17,N,Peak,0.0
2026-09-25 18:24:17,18,N,Non-Peak,28.44656177312057
2026-09-14 01:40:48,1,E,Non-Peak,27.37780125432037
2026-09-12 03:06:24,3,W,Non-Peak,20.528506414804067
2025-09-16 17:35:07,17,N,Peak,0.0
2026-09-09 10:28:15,10,W,Non-Peak,29.447203955042195
2026-09-21 15:15:47,15,N,Non-Peak,21.370058621887203
2025-09-01 16:53:08,16,N,Peak,0.0
2026-09-05 20:43:14,20,E,Non-Peak,22.72600623395765
2025-09-16 18:15:31,18,N,Non-Peak,0.0
2026-09-24 02:18:49,2,S,Non-Peak,24.918615153929444
2026-09-15 04:26:50,4,E,Non-Peak,22.321511373380368
2026-09-08 18:47:15,18,W,Non-Peak,24.493566277627217
2026-09-18 18:29:42,18,N,Non-Peak,22.40343627992972
2026-09-09 20:07:23,20,N,Non-Peak,26.375246232221592
2026-09-30 09:47:15,9,S,Non-Peak,27.844912476136585
2026-09-23 08:08:02,8,S,Non-Peak,25.81372038746993
2026-09-06 04:24:18,4,W,Non-Peak,20.09091416128709
2026-09-27 23:39:55,23,W,Non-Peak,22.082979026640132
2025-09-16 16:09:53,16,N,Peak,0.0
2026-09-25 23:48:56,23,N,Non-Peak,23.35425055799365
2025-09-24 16:45:03,16,N,Peak,0.0
2026-09-02 00:56:29,0,S,Non-Peak,22.6440237223432
2025-09-07 18:03:11,18,N,Non-Peak,0.0
2026-09-19 06:26:21,6,N,Non-Peak,26.900712357788628
2026-09-11 21:12:52,21,S,Non-Peak,20.563642108040916
2026-09-03 08:21:48,8,W,Non-Peak,21.405161781501317
2026-09-28 11:31:03,11,E,Non-Peak,21.00845242862092
2026-09-20 19:32:44,19,S,Non-Peak,22.484951632408333
2026-09-16 18:32:49,18,N,Non-Peak,21.56321070168078
2026-09-10 08:55:07,8,N,Non-Peak,22.3866948557369
2026-09-04 02:36:08,2,E,Non-Peak,27.213641010498595
2025-09-02 17:02:10,17,N,Peak,0.0
2026-09-03 01:31:05,1,W,Non-Peak,25.754668130868115
2026-09-24 02:01:52,2,W,Non-Peak,23.048139419922343
2026-09-01 07:59:50,7,S,Non-Peak,24.183605975227398
2025-09-27 18:00:52,18,N,Non-Peak,0.0
2026-09-20 09:29:49,9,W,Non-Peak,22.76039960128585
2026-09-16 20:50:47,20,S,Non-Peak,28.321802787706403
2025-09-10 16:04:37,16,N,Peak,0.0
2026-09-17 22:07:46,22,N,Non-Peak,20.098620077394976
2026-09-29 08:41:55,8,W,Non-Peak,24.801226862571816
2026-09-07 12:14:55,12,W,Non-Peak,23.6819715923478
2025-09-11 17:28:21,17,N,Peak,0.0
2026-09-09 13:37:00,13,N,Non-Peak,21.36466720107809
2026-09-17 21:25:35,21,S,Non-Peak,24.387638436840497
2025-09-19 18:09:42,18,N,Non-Peak,0.0
2026-09-23 19:41:26,19,W,Non-Peak,23.62704426540813
2025-09-12 17:52:19,17,N,Peak,0.0
2026-09-29 23:35:44,23,S,Non-Peak,22.05299589731144
2025-09-08 18:54:51,18,N,Non-Peak,0.0
2026-09-08 01:16:48,1,N,Non-Peak,28.48767916883498
2026-09-19 18:50:45,18,W,Non-Peak,21.79289126267743
2025-09-16 18:02:41,18,N,Non-Peak,0.0
2026-09-06 19:59:22,19,W,Non-Peak,23.77760303435277
2025-09-13 17:16:47,17,N,Peak,0.0
2026-09-04 00:12:38,0,E,Non-Peak,21.468708899789306
2026-09-17 07:35:31,7,S,Non-Peak,23.25004860765627
2026-09-03 18:35:58,18,W,Non-Peak,21.27656332086138
2025-09-11 16:28:04,16,N,Peak,0.0
2025-09-28 16:43:46,16,N,Peak,0.0
2025-09-16 18:41:24,18,N,Non-Peak,0.0
2026-09-06 16:15:59,16,E,Peak,13.064509819581817
2026-09-18 17:15:09,17,N,Peak,12.261994143724063
2026-09-19 15:49:53,15,N,Non-Peak,28.68232560327549
2026-09-29 04:53:58,4,S,Non-Peak,22.025272476740327
2025-09-06 16:37:48,16,N,Peak,0.0
2026-09-18 22:10:11,22,W,Non-Peak,24.250862840043798
2025-09-03 16:35:48,16,N,Peak,0.0
2026-09-25 13:13:33,13,S,Non-Peak,22.322368691965853
2025-09-13 16:07:48,16,N,Peak,0.0
2026-09-03 22:25:06,22,E,Non-Peak,25.67131189188009
2026-09-07 13:40:06,13,S,Non-Peak,26.63394835446245
2026-09-23 04:13:42,4,N,Non-Peak,22.084598937653624
2026-09-04 11:14:15,11,E,Non-Peak,27.732641060440795
2025-09-24 18:09:39,18,N,Non-Peak,0.0
2026-09-23 20:24:37,20,W,Non-Peak,23.351834222262717
2025-09-16 18:03:12,18,N,Non-Peak,0.0
2026-09-17 13:04:44,13,N,Non-Peak,27.435998146028357
2026-09-13 10:24:11,10,N,Non-Peak,24.18714719822625
2026-09-14 10:28:58,10,N,Non-Peak,21.16536832545409
2026-09-12 13:42:09,13,W,Non-Peak,24.14328161882719
2026-09-21 13:45:22,13,W,Non-Peak,22.891126313511364
2026-09-24 04:44:56,4,N,Non-Peak,21.84646123879966
2025-09-21 17:32:52,17,N,Peak,0.0
2026-09-26 09:08:19,9,N,Non-Peak,24.657526684866664
2025-09-13 16:08:21,16,N,Peak,0.0
2026-09-11 07:26:04,7,S,Non-Peak,28.06526041624516
2026-09-27 16:57:39,16,E,Peak,17.46703100165351
2026-09-09 03:23:43,3,N,Non-Peak,26.330573127927074
2026-09-15 18:18:52,18,S,Non-Peak,21.250332401979797
2025-09-24 18:52:44,18,N,Non-Peak,0.0
2026-09-19 03:42:46,3,S,Non-Peak,27.041817335295768
2026-09-10 08:06:42,8,E,Non-Peak,20.08347819984013
2026-09-16 02:49:16,2,E,Non-Peak,27.06739048207317
2026-09-23 12:07:12,12,N,Non-Peak,23.500838984602733
2026-09-09 01:14:22,1,N,Non-Peak,20.681753787323203
2026-09-19 15:16:13,15,W,Non-Peak,26.369141188179448
2025-09-29 17:05:32,17,N,Peak,0.0
2026-09-20 01:45:52,1,S,Non-Peak,27.408046867425572
2026-09-09 23:12:00,23,W,Non-Peak,23.188244981144425
2026-09-25 11:15:51,11,S,Non-Peak,21.99784517765205
2026-09-25 08:43:55,8,E,Non-Peak,21.408820337424253
2026-09-21 18:38:48,18,S,Non-Peak,26.2052328178618
2026-09-24 05:55:18,5,S,Non-Peak,20.86331131234081
2026-09-17 07:58:09,7,W,Non-Peak,28.009209370864227
2026-09-13 06:52:09,6,S,Non-Peak,25.15378595233966
2026-09-20 05:38:22,5,E,Non-Peak,21.302138831869584
2026-09-01 19:46:18,19,S,Non-Peak,29.434885880240373
2026-09-19 05:28:27,5,W,Non-Peak,21.571054460285016
2026-09-15 15:17:18,15,N,Non-Peak,26.45783083312918
2025-09-16 18:41:16,18,N,Non-Peak,0.0
2026-09-27 17:39:12,17,E,Peak,15.03122619760818
2025-09-27 17:56:25,17,N,Peak,0.0
2025-09-21 18:56:54,18,N,Non-Peak,0.0
2026-09-26 18:18:10,18,W,Non-Peak,20.618960441362265
2026-09-09 03:07:17,3,W,Non-Peak,27.317665471630495
2026-09-12 14:08:18,14,N,Non-Peak,20.436637931729503
2025-09-16 17:58:15,17,N,Peak,0.0
2026-09-13 16:48:58,16,W,Peak,14.275290126513855
2025-09-20 16:54:44,16,N,Peak,0.0
2025-09-05 16:54:56,16,N,Peak,0.0
2026-09-01 01:10:15,1,W,Non-Peak,29.80669254346031
2025-09-29 17:58:17,17,N,Peak,0.0
2026-09-06 15:07:09,15,W,Non-Peak,29.39129288098017
2026-09-19 07:53:04,7,W,Non-Peak,21.494775495223408
2026-09-15 08:14:18,8,W,Non-Peak,24.58357078177976
2026-09-25 00:21:00,0,W,Non-Peak,21.45039284047516
2026-09-19 06:36:02,6,N,Non-Peak,28.94809769485626
2026-09-30 04:18:42,4,E,Non-Peak,25.55604586324828
2026-09-26 16:27:41,16,W,Peak,11.905369198959132
2026-09-23 17:00:48,17,S,Peak,11.01685788154684
2026-09-26 05:04:33,5,E,Non-Peak,28.863609133096418
2026-09-06 11:21:25,11,N,Non-Peak,20.179123629868624
2026-09-15 22:33:14,22,S,Non-Peak,29.895552135741745
2026-09-13 18:55:30,18,S,Non-Peak,23.446409535847124
2025-09-19 16:45:33,16,N,Peak,0.0
2025-09-15 16:45:08,16,N,Peak,0.0
2025-09-03 16:21:51,16,N,Peak,0.0
2026-09-23 11:22:42,11,E,Non-Peak,26.07235750245149
2026-09-12 11:17:10,11,W,Non-Peak,23.374707771103463
2025-09-09 16:27:55,16,N,Peak,0.0
2026-09-16 15:53:34,15,S,Non-Peak,29.706834014859936
2026-09-09 22:15:08,22,W,Non-Peak,27.912876194140217
2026-09-10 21:38:36,21,W,Non-Peak,22.48990076595821
2025-09-18 17:48:18,17,N,Peak,0.0
2026-09-10 23:17:37,23,W,Non-Peak,24.48966663671477
2025-09-20 16:59:07,16,N,Peak,0.0
2025-09-03 16:40:05,16,N,Peak,0.0
2026-09-06 14:56:28,14,W,Non-Peak,25.92554879039719
2026-09-03 11:16:01,11,S,Non-Peak,25.27508248097459
2026-09-29 12:32:36,12,S,Non-Peak,29.34495062312876
2026-09-30 02:01:45,2,W,Non-Peak,22.478839801450004
2025-09-09 18:42:24,18,N,Non-Peak,0.0
2025-09-29 16:46:31,16,N,Peak,0.0
2026-09-01 21:01:04,21,W,Non-Peak,29.94227061714045
2026-09-30 00:27:17,0,N,Non-Peak,23.541028887607983
2026-09-19 21:24:43,21,E,Non-Peak,27.110167154185053
2025-09-24 18:14:57,18,N,Non-Peak,0.0
2026-09-25 01:27:10,1,S,Non-Peak,26.77360650889528
2026-09-10 19:25:31,19,N,Non-Peak,25.026470580621396
2026-09-09 14:26:47,14,E,Non-Peak,23.184957639255195
2026-09-04 19:07:36,19,S,Non-Peak,23.503688308878136
2025-09-15 17:37:20,17,N,Peak,0.0
2026-09-22 04:03:36,4,S,Non-Peak,26.650226029761388
2025-09-18 16:39:15,16,N,Peak,0.0
2025-09-19 18:28:50,18,N,Non-Peak,0.0
2026-09-24 06:57:43,6,W,Non-Peak,25.08402965898818
2026-09-11 00:04:50,0,W,Non-Peak,27.05813673715837
2026-09-07 19:43:46,19,S,Non-Peak,27.027308928576527
2026-09-28 04:20:51,4,S,Non-Peak,20.651133688124716
2025-09-19 17:48:09,17,N,Peak,0.0
2026-09-20 05:35:14,5,S,Non-Peak,24.573784666100977
2025-09-26 16:12:31,16,N,Peak,0.0
2025-09-13 18:46:24,18,N,Non-Peak,0.0
2026-09-21 11:38:54,11,N,Non-Peak,28.38369025646349
2025-09-26 16:52:28,16,N,Peak,0.0
2025-09-01 18:10:27,18,N,Non-Peak,0.0
2026-09-27 04:58:50,4,N,Non-Peak,27.918424653002564
2026-09-07 06:54:27,6,E,Non-Peak,23.372529051373835
2026-09-22 22:10:36,22,W,Non-Peak,22.392549551952357
2025-09-24 17:36:45,17,N,Peak,0.0
2026-09-11 00:12:55,0,S,Non-Peak,27.59762662057769
2026-09-04 04:51:43,4,N,Non-Peak,24.71924817476436
2025-09-20 17:11:04,17,N,Peak,0.0
2026-09-01 21:00:07,21,S,Non-Peak,21.97109464643011
2026-09-22 05:58:01,5,N,Non-Peak,26.83762581374744
2025-09-10 16:28:25,16,N,Peak,0.0
2026-09-14 23:35:53,23,E,Non-Peak,29.53230487657341
2026-09-17 01:06:17,1,E,Non-Peak,28.959952739580363
2025-09-05 18:10:42,18,N,Non-Peak,0.0
2026-09-28 09:26:46,9,W,Non-Peak,28.304217365348094
2026-09-23 21:13:35,21,W,Non-Peak,28.4592900609352
2026-09-16 06:55:31,6,W,Non-Peak,24.88333260638264
2026-09-29 07:30:57,7,S,Non-Peak,22.06045613098674
2026-09-29 13:49:35,13,S,Non-Peak,20.266902069134844
2025-09-26 18:22:09,18,N,Non-Peak,0.0
2025-09-09 18:07:48,18,N,Non-Peak,0.0
2026-09-08 11:50:37,11,N,Non-Peak,22.395540299366917
2026-09-02 10:23:45,10,E,Non-Peak,23.67493618444512
2025-09-28 16:03:34,16,N,Peak,0.0
2026-09-25 13:52:06,13,N,Non-Peak,27.292571287285156
2026-09-23 17:46:47,17,W,Peak,12.512733834839963
2025-09-16 17:39:37,17,N,Peak,0.0
2026-09-06 09:29:14,9,E,Non-Peak,25.984406174859195
2026-09-29 12:03:38,12,S,Non-Peak,27.170357142125443
2026-09-17 11:27:48,11,W,Non-Peak,24.820702923795334
2025-09-16 17:20:10,17,N,Peak,0.0
2026-09-10 06:46:10,6,E,Non-Peak,24.67144655728516
2025-09-12 17:31:58,17,N,Peak,0.0
2025-09-08 16:47:15,16,N,Peak,0.0
2026-09-25 09:58:28,9,N,Non-Peak,28.21803946706368
2025-09-07 17:24:17,17,N,Peak,0.0
2026-09-03 09:29:17,9,N,Non-Peak,22.108515218339168
2026-09-19 04:31:08,4,S,Non-Peak,24.18013417209874
2026-09-13 10:48:10,10,S,Non-Peak,28.16201696768116
2026-09-03 00:55:01,0,E,Non-Peak,24.55833125832944
2026-09-07 19:15:58,19,N,Non-Peak,29.456617842662627
2026-09-11 20:47:15,20,W,Non-Peak,25.56749452612685
2026-09-15 05:44:07,5,W,Non-Peak,22.79664519416944
2026-09-21 12:51:15,12,E,Non-Peak,27.41426981374642
2026-09-09 06:42:01,6,E,Non-Peak,21.67164671183575
2025-09-03 18:45:38,18,N,Non-Peak,0.0
2026-09-02 03:24:17,3,W,Non-Peak,25.275165304529903
2026-09-10 18:34:25,18,E,Non-Peak,20.290400062642203
2026-09-19 10:34:25,10,W,Non-Peak,22.406773366910272
2025-09-10 16:57:43,16,N,Peak,0.0
2026-09-19 01:20:59,1,E,Non-Peak,23.119001766378894
2025-09-30 18:28:28,18,N,Non-Peak,0.0
2026-09-05 00:45:08,0,S,Non-Peak,27.380264089714657
2026-09-13 03:32:31,3,W,Non-Peak,25.54223733064241
2026-09-26 22:19:20,22,E,Non-Peak,29.821146321445774
2025-09-09 18:15:46,18,N,Non-Peak,0.0
2026-09-14 13:41:29,13,N,Non-Peak,22.8570787543118
2026-09-08 20:42:40,20,N,Non-Peak,29.509496441322295
2026-09-22 02:33:42,2,W,Non-Peak,29.70889241579845
2025-09-24 17:34:31,17,N,Peak,0.0
2026-09-07 02:55:17,2,W,Non-Peak,27.02565365748947
2026-09-25 16:06:20,16,S,Peak,13.897094935112907
2026-09-02 13:22:29,13,S,Non-Peak,25.306290837266783
2026-09-27 17:51:39,17,E,Peak,10.30678860531996
2026-09-14 19:12:19,19,E,Non-Peak,28.605675904464963
2026-09-11 07:10:32,7,W,Non-Peak,28.878949325879823
2025-09-02 18:26:22,18,N,Non-Peak,0.0
2025-09-02 18:26:08,18,N,Non-Peak,0.0
2025-09-05 16:13:15,16,N,Peak,0.0
2026-09-15 07:47:03,7,W,Non-Peak,25.37600614607657
2026-09-11 00:23:41,0,W,Non-Peak,29.38628751660692
2026-09-06 15:36:56,15,N,Non-Peak,21.327102776009177
2025-09-19 17:39:59,17,N,Peak,0.0
2025-09-06 17:09:24,17,N,Peak,0.0
2025-09-02 18:16:01,18,N,Non-Peak,0.0
2026-09-04 21:39:51,21,W,Non-Peak,28.82582007834437
2026-09-15 09:22:34,9,E,Non-Peak,25.44987934072107
2025-09-15 17:32:57,17,N,Peak,0.0
2026-09-30 21:11:01,21,N,Non-Peak,20.55983237839336
2026-09-29 03:22:24,3,E,Non-Peak,27.951938991198237
2026-09-19 06:45:28,6,W,Non-Peak,29.339448382671712
2025-09-13 18:26:35,18,N,Non-Peak,0.0
2025-09-24 17:48:50,17,N,Peak,0.0
2026-09-07 01:43:09,1,N,Non-Peak,20.495924688375304
2026-09-01 15:46:45,15,W,Non-Peak,27.61996737010206
2026-09-19 15:39:52,15,W,Non-Peak,27.07324719789114
2025-09-21 18:17:41,18,N,Non-Peak,0.0
2025-09-29 17:27:56,17,N,Peak,0.0
2025-09-12 18:13:52,18,N,Non-Peak,0.0
2025-09-30 18:12:14,18,N,Non-Peak,0.0
2026-09-09 08:19:51,8,W,Non-Peak,24.03376016891128
2026-09-16 16:16:43,16,E,Peak,19.486001694351664
2025-09-03 17:34:04,17,N,Peak,0.0
2026-09-04 06:53:25,6,N,Non-Peak,22.788865651291413
2026-09-26 16:03:09,16,W,Peak,14.120348247238514
2026-09-08 18:29:07,18,E,Non-Peak,22.34100502241864
2025-09-27 16:20:25,16,N,Peak,0.0
2025-09-29 18:01:57,18,N,Non-Peak,0.0
2026-09-22 22:21:07,22,E,Non-Peak,29.46591044926784
2026-09-21 00:42:17,0,N,Non-Peak,28.371608221142647
2026-09-14 22:52:39,22,W,Non-Peak,26.79621589213836
2025-09-29 18:32:29,18,N,Non-Peak,0.0
2026-09-24 12:58:50,12,E,Non-Peak,20.7853780653774
2026-09-21 09:24:47,9,W,Non-Peak,22.279354096409968
2026-09-24 08:38:15,8,S,Non-Peak,25.92290733921383
2025-09-03 17:43:04,17,N,Peak,0.0
2026-09-08 03:19:15,3,E,Non-Peak,29.729286627479237
2025-09-04 18:07:04,18,N,Non-Peak,0.0
2025-09-12 17:23:57,17,N,Peak,0.0
2026-09-15 09:26:45,9,S,Non-Peak,23.4715471917906
2026-09-27 01:37:43,1,S,Non-Peak,26.343655486365936
2026-09-19 11:12:03,11,S,Non-Peak,24.074369698952506
2025-09-08 16:30:44,16,N,Peak,0.0
2025-09-03 17:04:15,17,N,Peak,0.0
2025-09-19 17:37:38,17,N,Peak,0.0
2026-09-18 11:04:49,11,N,Non-Peak,22.291735844246386
2026-09-12 14:37:25,14,N,Non-Peak,23.54433713600478
2026-09-07 23:14:02,23,E,Non-Peak,23.09477071713812
2026-09-15 15:39:26,15,S,Non-Peak,26.186876190486217
2025-09-05 18:17:00,18,N,Non-Peak,0.0
2026-09-24 13:51:46,13,N,Non-Peak,23.982941760884657
2026-09-14 12:42:05,12,E,Non-Peak,24.37508502405773
2026-09-10 12:24:22,12,W,Non-Peak,29.901278168744547
2025-09-08 17:01:47,17,N,Peak,0.0
2026-09-03 18:04:52,18,W,Non-Peak,22.120959254954528
2026-09-28 08:32:02,8,S,Non-Peak,26.917935038383938
2026-09-28 00:52:56,0,W,Non-Peak,29.94619093762232
2026-09-13 19:10:12,19,W,Non-Peak,29.610997905860778
2026-09-16 13:43:21,13,W,Non-Peak,26.195206244630427
2025-09-13 17:35:51,17,N,Peak,0.0
2026-09-25 03:13:51,3,W,Non-Peak,27.571548782637876
2026-09-22 21:57:44,21,W,Non-Peak,28.07726696291668
2026-09-03 11:03:21,11,N,Non-Peak,20.34988702657373
2025-09-27 16:31:38,16,N,Peak,0.0
2026-09-13 03:25:19,3,N,Non-Peak,26.04866293720511
2026-09-12 21:21:49,21,S,Non-Peak,28.402927424704792
2025-09-16 17:16:29,17,N,Peak,0.0
2025-09-30 17:41:03,17,N,Peak,0.0
2026-09-11 08:52:59,8,S,Non-Peak,25.51269533693016
2026-09-19 16:34:05,16,E,Peak,14.588399986627628
2026-09-28 13:21:50,13,S,Non-Peak,27.50593466691024
2025-09-05 17:33:35,17,N,Peak,0.0
2026-09-11 14:13:43,14,S,Non-Peak,24.372051294803768
2025-09-13 17:06:07,17,N,Peak,0.0
2026-09-17 20:04:22,20,W,Non-Peak,20.29234906854593
2025-09-13 18:29:52,18,N,Non-Peak,0.0
2026-09-26 14:34:42,14,S,Non-Peak,24.719357780333
2026-09-29 04:01:39,4,E,Non-Peak,21.875839526929884
2026-09-17 22:13:26,22,N,Non-Peak,25.132051116027394
2026-09-25 16:48:26,16,E,Peak,13.001405247670377
2026-09-08 12:07:57,12,S,Non-Peak,29.84427346695822
2025-09-05 18:04:15,18,N,Non-Peak,0.0
2026-09-06 05:12:38,5,E,Non-Peak,21.14376457528356
2026-09-24 06:13:50,6,E,Non-Peak,28.15922232391489
2025-09-07 18:02:45,18,N,Non-Peak,0.0
2025-09-15 18:51:55,18,N,Non-Peak,0.0
2026-09-05 21:22:28,21,S,Non-Peak,27.794690806525917
2026-09-07 21:27:45,21,S,Non-Peak,28.826198993780032
2025-09-26 16:59:40,16,N,Peak,0.0
2026-09-16 10:00:59,10,W,Non-Peak,22.01472114799683
2025-09-13 16:36:07,16,N,Peak,0.0
2025-09-02 18:13:50,18,N,Non-Peak,0.0
2025-09-16 17:45:34,17,N,Peak,0.0
2026-09-11 18:06:43,18,E,Non-Peak,23.938855090826745
2026-09-06 20:49:00,20,W,Non-Peak,27.37767825321668
2026-09-11 05:09:39,5,N,Non-Peak,28.01782677862078
2026-09-05 08:06:44,8,W,Non-Peak,20.768989521947983
2026-09-11 17:57:13,17,E,Peak,15.96691987351102
2026-09-11 19:53:48,19,E,Non-Peak,28.647146617807245
2025-09-21 17:43:54,17,N,Peak,0.0
2026-09-15 09:53:38,9,E,Non-Peak,23.836312086761748
2026-09-24 04:13:39,4,S,Non-Peak,27.279313126888773
2026-09-20 19:49:31,19,W,Non-Peak,20.69280340168386
2026-09-21 15:50:02,15,W,Non-Peak,25.74994646631859
2026-09-08 23:33:40,23,E,Non-Peak,22.80971931328404
2026-09-29 21:17:48,21,W,Non-Peak,21.48149704835792
2026-09-30 21:53:35,21,E,Non-Peak,26.637222586333426
2025-09-06 17:32:13,17,N,Peak,0.0
2026-09-01 09:55:42,9,E,Non-Peak,28.768268654865736
2026-09-09 07:58:07,7,S,Non-Peak,25.092122816100435
2026-09-07 09:26:08,9,W,Non-Peak,26.01036329599138
2026-09-12 02:17:42,2,S,Non-Peak,20.232950239833183
2026-09-01 08:13:32,8,S,Non-Peak,23.983763137100567
2026-09-21 12:40:53,12,E,Non-Peak,28.158691355643253
2025-09-20 16:52:30,16,N,Peak,0.0
2026-09-20 10:07:01,10,W,Non-Peak,25.98689998652116
2026-09-07 14:19:11,14,W,Non-Peak,24.602541793297565
2026-09-28 08:46:50,8,E,Non-Peak,21.510519648935983
2026-09-11 18:46:39,18,S,Non-Peak,20.04758116233336
2026-09-10 03:41:43,3,S,Non-Peak,20.43622632060729
2026-09-25 05:43:21,5,W,Non-Peak,23.56772866252812
2026-09-28 10:04:50,10,E,Non-Peak,25.558201317336422
2026-09-20 22:55:14,22,E,Non-Peak,21.323166434228376
2026-09-19 16:37:48,16,E,Peak,10.234295326170113
2026-09-03 07:22:03,7,N,Non-Peak,27.66367648782252
2026-09-23 07:37:19,7,E,Non-Peak,21.611595402626705
2026-09-14 01:41:22,1,S,Non-Peak,26.419993965308784
2026-09-19 10:32:36,10,N,Non-Peak,21.44954359078416
2026-09-10 17:21:35,17,N,Peak,18.775287498973537
2026-09-29 08:00:21,8,W,Non-Peak,27.85882870118904
2026-09-30 06:50:54,6,E,Non-Peak,24.88879292180248
2026-09-09 12:27:49,12,W,Non-Peak,27.052014770099174
2025-09-01 17:19:55,17,N,Peak,0.0
2025-09-28 18:16:12,18,N,Non-Peak,0.0
2026-09-12 04:18:03,4,S,Non-Peak,25.44815869754248
2026-09-22 07:20:18,7,N,Non-Peak,20.238206117173146
2025-09-02 17:21:26,17,N,Peak,0.0
2025-09-21 18:02:13,18,N,Non-Peak,0.0
2025-09-06 17:25:00,17,N,Peak,0.0
2026-09-04 19:18:16,19,E,Non-Peak,24.23418752167265
2026-09-11 08:40:41,8,S,Non-Peak,21.947841814684327
2025-09-09 17:42:44,17,N,Peak,0.0
2026-09-22 03:44:35,3,E,Non-Peak,24.407367628347615
2026-09-03 20:21:17,20,N,Non-Peak,22.125738730311923
2025-09-08 16:24:48,16,N,Peak,0.0
2026-09-04 15:43:35,15,N,Non-Peak,20.529951294284345
2026-09-11 07:17:12,7,S,Non-Peak,20.443275483764
2026-09-24 14:13:14,14,S,Non-Peak,27.933068878378545
2026-09-30 04:18:06,4,S,Non-Peak,20.46021956354401
2026-09-14 07:41:39,7,S,Non-Peak,26.083945913304014
2026-09-11 10:19:25,10,S,Non-Peak,29.62183923978263
2026-09-21 15:13:03,15,N,Non-Peak,21.245213222804885
2026-09-20 21:21:40,21,N,Non-Peak,26.96766378480622
2025-09-24 16:04:31,16,N,Peak,0.0
2026-09-13 00:38:51,0,N,Non-Peak,23.377494182421906
2026-09-07 14:09:34,14,S,Non-Peak,26.939393618346664
2026-09-11 20:09:12,20,E,Non-Peak,27.43572666419752
2026-09-20 13:25:48,13,W,Non-Peak,23.61403914486434
2026-09-21 13:51:53,13,E,Non-Peak,22.531495073047378
2026-09-06 13:25:31,13,N,Non-Peak,29.411530691376424
2025-09-08 16:47:09,16,N,Peak,0.0
2026-09-29 16:36:39,16,N,Peak,12.476664483214511
2025-09-27 18:16:27,18,N,Non-Peak,0.0
2025-09-26 17:38:14,17,N,Peak,0.0
2026-09-21 07:34:14,7,W,Non-Peak,24.936746382627213
2026-09-22 14:57:48,14,E,Non-Peak,29.584558078285436
2026-09-11 05:12:44,5,N,Non-Peak,28.223851636313007
2026-09-01 12:29:54,12,N,Non-Peak,26.71493475895548
2025-09-27 16:55:05,16,N,Peak,0.0
2026-09-09 09:48:23,9,W,Non-Peak,27.572634471853863
2026-09-07 07:28:19,7,N,Non-Peak,22.216031828440546
2026-09-19 03:57:23,3,E,Non-Peak,28.2989441905871
2026-09-21 23:57:59,23,W,Non-Peak,22.74642130331448
2026-09-06 21:47:42,21,S,Non-Peak,26.05425230767176
2026-09-08 05:22:09,5,E,Non-Peak,28.65360805643063
2025-09-11 17:14:37,17,N,Peak,0.0
2026-09-14 07:03:45,7,N,Non-Peak,20.97034244151667
2025-09-19 17:12:59,17,N,Peak,0.0
2025-09-29 17:13:06,17,N,Peak,0.0
2025-09-27 16:07:40,16,N,Peak,0.0
2025-09-30 16:45:03,16,N,Peak,0.0
2026-09-05 07:48:04,7,W,Non-Peak,23.27630547305841
2026-09-10 04:16:08,4,S,Non-Peak,28.41870945854847
2025-09-27 16:37:04,16,N,Peak,0.0
2026-09-13 19:13:13,19,E,Non-Peak,25.439097619060327
2026-09-20 10:39:01,10,E,Non-Peak,21.865012521887945
2026-09-22 16:39:41,16,E,Peak,10.440556205063936
2026-09-06 11:06:14,11,S,Non-Peak,26.183616737502646
2026-09-08 02:52:35,2,N,Non-Peak,21.464582494090237
2026-09-05 09:44:40,9,S,Non-Peak,23.975557657992702
2026-09-04 08:10:06,8,W,Non-Peak,23.674380320594324
2025-09-15 18:22:55,18,N,Non-Peak,0.0
2026-09-24 22:25:02,22,N,Non-Peak,20.12454667646121
2026-09-10 07:22:27,7,W,Non-Peak,24.65075650599732
2025-09-16 18:47:06,18,N,Non-Peak,0.0
2025-09-26 18:21:32,18,N,Non-Peak,0.0
2026-09-18 06:21:26,6,E,Non-Peak,23.483573711434182
2026-09-14 11:08:32,11,E,Non-Peak,29.227835916498844
2026-09-24 02:42:05,2,E,Non-Peak,24.52785962135027
2026-09-25 19:42:09,19,W,Non-Peak,24.5096478100396
2026-09-16 22:10:53,22,W,Non-Peak,28.18581270966736
2025-09-27 17:03:00,17,N,Peak,0.0
2026-09-25 07:12:18,7,S,Non-Peak,22.447757050163872
2026-09-24 02:16:26,2,E,Non-Peak,23.100800234352832
2026-09-23 23:32:37,23,S,Non-Peak,25.69820293520671
2026-09-04 19:30:43,19,N,Non-Peak,28.0674833682791
2026-09-04 02:06:04,2,S,Non-Peak,20.72531330489105
2026-09-20 16:40:24,16,E,Peak,16.952649910317863
2025-09-27 16:55:10,16,N,Peak,0.0
2026-09-30 05:32:22,5,W,Non-Peak,25.653750320223786
2025-09-04 17:15:03,17,N,Peak,0.0
2025-09-24 16:50:32,16,N,Peak,0.0
2026-09-16 19:51:49,19,E,Non-Peak,24.005335777106158
2026-09-20 14:45:27,14,W,Non-Peak,29.11160088893072
2025-09-28 16:43:57,16,N,Peak,0.0
2026-09-01 22:14:21,22,E,Non-Peak,24.68307935077062
2026-09-19 04:44:36,4,W,Non-Peak,22.43341659881311
2026-09-25 04:51:18,4,S,Non-Peak,23.54174638362588
2026-09-14 17:48:12,17,N,Peak,17.287756137661173
2026-09-11 23:05:04,23,W,Non-Peak,27.44691850445596
2025-09-10 16:04:35,16,N,Peak,0.0
2025-09-24 16:42:02,16,N,Peak,0.0
2025-09-24 18:44:24,18,N,Non-Peak,0.0
2025-09-10 17:23:06,17,N,Peak,0.0
2026-09-24 02:32:44,2,E,Non-Peak,29.38663122539888
2026-09-29 19:30:20,19,W,Non-Peak,22.51302577133795
2026-09-17 17:01:46,17,E,Peak,14.022711350720844
2026-09-21 20:36:54,20,E,Non-Peak,27.294892647410208
2026-09-03 19:35:13,19,N,Non-Peak,29.65725314857838
2026-09-04 17:40:06,17,N,Peak,13.62187814105621
2026-09-07 09:15:05,9,N,Non-Peak,26.703092380818777
2026-09-26 16:19:38,16,N,Peak,11.65372608147876
2025-09-12 16:39:43,16,N,Peak,0.0
2025-09-13 17:44:14,17,N,Peak,0.0
2026-09-15 04:06:10,4,N,Non-Peak,21.790476919827835
2026-09-12 23:15:33,23,E,Non-Peak,23.9381293935576
2025-09-05 17:57:58,17,N,Peak,0.0
2026-09-21 02:49:03,2,S,Non-Peak,20.473942649600072
2026-09-03 16:39:57,16,W,Peak,12.305336205655836
2026-09-24 07:17:20,7,E,Non-Peak,21.88016302140128
2025-09-18 16:09:37,16,N,Peak,0.0
2026-09-04 06:34:20,6,S,Non-Peak,23.675722355031272
2025-09-28 17:13:19,17,N,Peak,0.0
2026-09-27 06:30:23,6,E,Non-Peak,29.69895653752128
2026-09-15 18:33:03,18,E,Non-Peak,20.187570422612268
2026-09-27 22:29:08,22,E,Non-Peak,23.97355212091046
2026-09-21 04:28:47,4,S,Non-Peak,21.98822812674519
2025-09-21 16:57:18,16,N,Peak,0.0
2026-09-13 03:31:55,3,S,Non-Peak,28.11621226507826
2026-09-25 15:35:19,15,S,Non-Peak,22.48446033594424
2026-09-16 01:07:56,1,W,Non-Peak,28.82385665140137
2026-09-01 14:32:13,14,E,Non-Peak,29.042080927227577
2026-09-27 19:39:54,19,W,Non-Peak,22.6653603541478
2025-09-27 17:25:29,17,N,Peak,0.0
2026-09-06 17:07:07,17,N,Peak,19.885081910162118
2025-09-29 17:34:12,17,N,Peak,0.0
2026-09-28 03:22:22,3,W,Non-Peak,29.82323517883227
2025-09-23 18:58:21,18,N,Non-Peak,0.0
2025-09-19 17:14:29,17,N,Peak,0.0
2026-09-28 12:44:17,12,N,Non-Peak,21.929583600886744
2025-09-15 16:20:15,16,N,Peak,0.0
2026-09-07 00:20:37,0,N,Non-Peak,22.16317319718636
2026-09-24 03:45:09,3,N,Non-Peak,24.38049815398192
2025-09-12 16:42:18,16,N,Peak,0.0
2026-09-12 07:14:16,7,W,Non-Peak,28.03372226960358
2026-09-14 04:28:48,4,W,Non-Peak,24.00942296176784
2026-09-09 12:14:57,12,E,Non-Peak,27.265475623032504
2026-09-15 02:27:41,2,N,Non-Peak,28.973096901385063
2025-09-11 16:00:25,16,N,Peak,0.0
2025-09-03 17:58:10,17,N,Peak,0.0
2026-09-26 20:15:46,20,N,Non-Peak,21.3258264689642
2026-09-24 01:40:49,1,E,Non-Peak,23.28482086590484
2026-09-18 01:18:43,1,W,Non-Peak,23.883424144014192
2025-09-01 17:39:02,17,N,Peak,0.0
2026-09-24 06:31:36,6,W,Non-Peak,24.62033049117025
2026-09-12 16:09:44,16,W,Peak,17.455913735474393
2026-09-19 16:45:21,16,W,Peak,18.90824928555375
2025-09-21 16:16:32,16,N,Peak,0.0
2026-09-06 10:49:08,10,S,Non-Peak,25.363867783421068
2025-09-10 17:07:59,17,N,Peak,0.0
2026-09-25 20:21:41,20,S,Non-Peak,29.026478847775167
2025-09-13 17:34:17,17,N,Peak,0.0
2026-09-27 16:49:46,16,S,Peak,19.416380794259368
2026-09-19 19:34:59,19,S,Non-Peak,24.797556336903963
2026-09-15 10:36:06,10,W,Non-Peak,29.26620041228636
2025-09-30 17:08:14,17,N,Peak,0.0
2026-09-08 03:29:37,3,W,Non-Peak,20.243105880989702
2026-09-25 23:34:51,23,W,Non-Peak,21.63242379125936
2026-09-28 01:54:54,1,E,Non-Peak,25.26955268119126
2026-09-10 12:31:45,12,S,Non-Peak,25.115754811191103
2026-09-12 04:49:00,4,E,Non-Peak,23.1057164491874
2026-09-06 02:36:40,2,W,Non-Peak,21.64463888271133
2026-09-30 16:22:29,16,N,Peak,18.57868849225202
2026-09-24 15:09:49,15,W,Non-Peak,29.54070916499022
2026-09-14 20:37:48,20,S,Non-Peak,25.634490889124063
2025-09-03 17:58:46,17,N,Peak,0.0
2026-09-01 11:16:51,11,E,Non-Peak,25.78130376584696
2026-09-17 21:32:47,21,E,Non-Peak,22.575379790262108
2026-09-22 14:31:52,14,N,Non-Peak,25.87816657813015
2026-09-19 02:12:07,2,S,Non-Peak,26.358681193248746
2025-09-09 18:25:57,18,N,Non-Peak,0.0
2026-09-05 09:06:44,9,N,Non-Peak,27.79270098398308
2026-09-30 04:13:29,4,N,Non-Peak,23.063288246808376
2026-09-02 10:12:15,10,S,Non-Peak,27.84974991078966
2026-09-06 03:25:10,3,W,Non-Peak,23.706938569992342
2025-09-13 17:18:15,17,N,Peak,0.0
2026-09-25 23:19:15,23,N,Non-Peak,25.273258206477315
2026-09-27 10:45:37,10,N,Non-Peak,21.002597922770583
2026-09-01 13:48:57,13,S,Non-Peak,23.481704057870605
2026-09-06 16:09:31,16,W,Peak,18.385546634427683
2026-09-07 10:28:09,10,N,Non-Peak,27.935172836732804
2025-09-07 16:29:18,16,N,Peak,0.0
2026-09-17 03:03:47,3,S,Non-Peak,25.23252945024802
2026-09-11 19:51:55,19,S,Non-Peak,28.94578817422016
2026-09-14 14:27:28,14,W,Non-Peak,21.25816822164853
2025-09-28 17:57:18,17,N,Peak,0.0
2026-09-20 05:57:42,5,E,Non-Peak,27.98275079504129
2026-09-07 16:49:03,16,N,Peak,15.775610246695464
2026-09-26 22:25:52,22,W,Non-Peak,24.7402351192376
2025-09-05 18:55:16,18,N,Non-Peak,0.0
2025-09-06 18:12:16,18,N,Non-Peak,0.0
2026-09-07 22:55:48,22,W,Non-Peak,24.64699998599852
2025-09-13 18:45:40,18,N,Non-Peak,0.0
2025-09-12 16:42:47,16,N,Peak,0.0
2026-09-03 00:35:02,0,E,Non-Peak,23.69266256955892
2026-09-26 09:09:40,9,S,Non-Peak,29.721995297670368
2025-09-11 16:53:05,16,N,Peak,0.0
2026-09-06 23:04:18,23,N,Non-Peak,23.097109197057453
2025-09-23 16:06:53,16,N,Peak,0.0
2026-09-15 23:11:00,23,W,Non-Peak,26.918098759882305
2025-09-23 16:45:28,16,N,Peak,0.0
2025-09-04 18:52:46,18,N,Non-Peak,0.0
2026-09-24 22:43:29,22,S,Non-Peak,25.953799134227864
2026-09-17 11:11:56,11,N,Non-Peak,26.60294216522761
2026-09-01 07:03:40,7,E,Non-Peak,25.680248867851432
2026-09-16 07:21:26,7,N,Non-Peak,27.62526199372
2026-09-13 05:12:41,5,E,Non-Peak,26.84871713329085
2026-09-01 02:08:09,2,W,Non-Peak,21.424008618332746
2026-09-22 21:13:57,21,E,Non-Peak,25.36620789812765
2026-09-19 14:51:03,14,W,Non-Peak,21.318182011589563
2026-09-04 00:33:09,0,E,Non-Peak,22.95662434986464
2025-09-19 16:33:40,16,N,Peak,0.0
2026-09-25 15:07:03,15,S,Non-Peak,24.54972273925476
2026-09-16 03:21:57,3,W,Non-Peak,26.655366590682085
2026-09-09 12:13:41,12,W,Non-Peak,20.523454435926524
2026-09-24 13:51:46,13,N,Non-Peak,23.982941760884657
2026-09-30 07:42:23,7,N,Non-Peak,22.88653465153096
2026-09-22 23:54:19,23,E,Non-Peak,28.44470029336265
2025-09-19 16:49:28,16,N,Peak,0.0
2026-09-23 01:35:01,1,E,Non-Peak,21.23233294284985
2026-09-21 11:22:38,11,S,Non-Peak,28.402400669684628
2025-09-12 16:49:15,16,N,Peak,0.0
2026-09-06 10:27:12,10,N,Non-Peak,28.470609451448667
2026-09-30 18:56:33,18,W,Non-Peak,26.659068432229795
2026-09-01 17:58:40,17,S,Peak,16.289125630912142
2026-09-17 00:30:29,0,W,Non-Peak,26.643764831008912
2025-09-13 17:22:09,17,N,Peak,0.0
2026-09-22 12:18:25,12,E,Non-Peak,29.59885117578421
2025-09-06 17:45:16,17,N,Peak,0.0
2025-09-05 16:51:23,16,N,Peak,0.0
2025-09-29 16:37:16,16,N,Peak,0.0
2026-09-03 06:30:52,6,S,Non-Peak,23.31842813327296
2026-09-09 21:27:27,21,E,Non-Peak,28.91871407102529
2026-09-06 13:42:26,13,W,Non-Peak,25.354902192448385
2026-09-10 13:14:09,13,S,Non-Peak,24.996068625158763
2026-09-16 20:17:51,20,W,Non-Peak,29.82913618633216
2025-09-24 18:38:56,18,N,Non-Peak,0.0
2026-09-10 05:07:48,5,S,Non-Peak,21.197903540713405
2025-09-20 18:28:06,18,N,Non-Peak,0.0
2026-09-11 20:03:31,20,W,Non-Peak,27.68525983394076
2026-09-02 11:56:21,11,S,Non-Peak,29.80786909894156
2026-09-08 21:19:18,21,E,Non-Peak,28.220169603422296
2026-09-09 02:06:01,2,S,Non-Peak,25.19867848790863
2026-09-23 21:17:24,21,E,Non-Peak,23.89389044056098
2025-09-05 18:37:40,18,N,Non-Peak,0.0
2026-09-27 09:35:26,9,E,Non-Peak,25.086099429686985
2025-09-10 17:15:12,17,N,Peak,0.0
2026-09-24 18:01:58,18,S,Non-Peak,25.628332365462946
2026-09-16 07:34:05,7,W,Non-Peak,29.03086864012125
2026-09-23 13:59:24,13,N,Non-Peak,23.308169043599666
2025-09-26 16:01:10,16,N,Peak,0.0
2026-09-03 01:54:17,1,W,Non-Peak,27.32803098795241
2025-09-05 17:45:25,17,N,Peak,0.0
2026-09-22 23:13:26,23,E,Non-Peak,28.76870561877212
2026-09-03 03:41:38,3,E,Non-Peak,24.34246860633646
2026-09-16 17:00:19,17,W,Peak,17.357278982493597
2026-09-27 12:25:20,12,N,Non-Peak,25.34491496816857
2026-09-13 07:05:15,7,E,Non-Peak,23.441057416056584
2025-09-12 18:57:38,18,N,Non-Peak,0.0
2026-09-18 19:11:14,19,W,Non-Peak,25.54904144573625
2026-09-03 00:34:16,0,S,Non-Peak,21.05288791175956
2026-09-16 01:32:18,1,S,Non-Peak,22.621072307185955
2026-09-05 14:59:19,14,N,Non-Peak,27.0993063155148
2025-09-13 18:47:23,18,N,Non-Peak,0.0
2026-09-15 02:07:42,2,N,Non-Peak,29.90713790704527
2026-09-18 20:43:41,20,S,Non-Peak,21.760821014180085
2026-09-13 15:19:15,15,N,Non-Peak,21.696782356595243
2026-09-25 01:13:27,1,S,Non-Peak,21.933526029609837
2026-09-03 10:25:32,10,N,Non-Peak,23.503608252156944
2026-09-23 11:22:47,11,W,Non-Peak,23.532727528145777
2026-09-26 08:52:04,8,S,Non-Peak,25.842603095657992
2026-09-25 00:54:00,0,N,Non-Peak,24.75877825799249
2025-09-11 17:25:44,17,N,Peak,0.0
2026-09-14 20:37:48,20,S,Non-Peak,25.634490889124063
2026-09-24 16:59:21,16,N,Peak,15.347012422999128
2025-09-09 16:54:28,16,N,Peak,0.0
2026-09-26 22:32:16,22,S,Non-Peak,23.06644145839641
2026-09-27 08:29:30,8,E,Non-Peak,25.26900768996392
2026-09-23 03:15:56,3,E,Non-Peak,27.562614034060847
2025-09-20 17:20:57,17,N,Peak,0.0
2026-09-19 23:36:19,23,W,Non-Peak,26.924678787041067
2026-09-17 14:23:33,14,S,Non-Peak,26.85394453410681
2026-09-15 04:44:25,4,E,Non-Peak,28.408478794497263
2025-09-16 18:43:59,18,N,Non-Peak,0.0
2026-09-27 18:54:05,18,N,Non-Peak,29.96678814815353
2026-09-22 21:02:44,21,S,Non-Peak,28.494436205308528
2026-09-20 10:38:57,10,N,Non-Peak,24.974509134907827
2026-09-19 08:44:24,8,S,Non-Peak,26.618202207153715
2026-09-20 04:50:38,4,W,Non-Peak,20.633784460797983
2026-09-12 13:37:20,13,W,Non-Peak,23.487247785818703
2026-09-08 05:51:33,5,N,Non-Peak,25.581434473407647
2026-09-13 00:47:59,0,S,Non-Peak,26.416814092350368
2026-09-28 07:49:46,7,S,Non-Peak,29.40402054573767
2026-09-02 19:37:04,19,N,Non-Peak,26.63404080883731
2026-09-09 19:57:07,19,W,Non-Peak,27.480712854976197
2025-09-23 16:24:43,16,N,Peak,0.0
2025-09-01 18:30:44,18,N,Non-Peak,0.0
2026-09-06 17:50:23,17,S,Peak,19.58919285208907
2026-09-17 02:53:18,2,S,Non-Peak,23.82641629563894
2025-09-22 17:39:26,17,N,Peak,0.0
2026-09-01 06:33:51,6,E,Non-Peak,25.282734234442746
2026-09-09 08:50:02,8,W,Non-Peak,23.79438676058168
2026-09-02 23:21:58,23,W,Non-Peak,29.45646507631429
2026-09-06 19:22:06,19,S,Non-Peak,21.05153115787501
2026-09-12 10:15:23,10,N,Non-Peak,21.00912346411645
2025-09-21 17:56:40,17,N,Peak,0.0
2026-09-25 12:36:12,12,N,Non-Peak,20.15703443050296
2025-09-26 18:27:51,18,N,Non-Peak,0.0
2026-09-10 03:25:32,3,S,Non-Peak,22.486732947810783
2026-09-20 12:50:29,12,E,Non-Peak,21.865883858855
2025-09-29 16:38:22,16,N,Peak,0.0
2025-09-03 16:48:48,16,N,Peak,0.0
2026-09-04 09:04:08,9,N,Non-Peak,26.28766878925188
2026-09-30 10:13:33,10,S,Non-Peak,23.979095684647547
2025-09-24 17:45:41,17,N,Peak,0.0
2026-09-23 06:07:12,6,W,Non-Peak,20.2807504402183
2026-09-09 12:12:46,12,N,Non-Peak,21.54686396931984
2026-09-22 18:59:15,18,N,Non-Peak,21.60241482350077
2026-09-01 07:10:46,7,N,Non-Peak,21.0384917675048
2025-09-05 16:59:32,16,N,Peak,0.0
2026-09-16 19:50:27,19,E,Non-Peak,20.634840894275303
2026-09-16 06:07:16,6,N,Non-Peak,21.321313207894185
2026-09-06 15:03:23,15,N,Non-Peak,24.76001400690606
2025-09-16 16:46:47,16,N,Peak,0.0
2026-09-28 22:29:48,22,S,Non-Peak,27.573764053158524
2026-09-26 21:27:09,21,E,Non-Peak,21.40202261376403
2026-09-25 03:45:10,3,W,Non-Peak,24.18471505138804
2025-09-30 16:48:34,16,N,Peak,0.0
2026-09-17 01:32:06,1,S,Non-Peak,23.60596637587555
2026-09-04 05:40:18,5,N,Non-Peak,27.02767547705938
2025-09-20 18:54:17,18,N,Non-Peak,0.0
2026-09-20 16:56:12,16,E,Peak,15.685236340155846
2026-09-08 09:11:50,9,W,Non-Peak,20.4781577426241
2026-09-15 00:56:13,0,S,Non-Peak,21.900501698737514
2026-09-16 05:48:45,5,N,Non-Peak,26.6360054477544
2026-09-04 20:44:35,20,N,Non-Peak,28.429195557823025
2025-09-06 17:35:28,17,N,Peak,0.0
2026-09-08 23:00:30,23,N,Non-Peak,20.476189438084777
2026-09-12 12:45:07,12,W,Non-Peak,22.518827088129548
2026-09-09 17:37:01,17,W,Peak,13.319825688512235
2026-09-23 21:41:50,21,W,Non-Peak,26.531379686681383
2026-09-18 06:27:47,6,W,Non-Peak,21.707472738104688
2025-09-08 18:11:28,18,N,Non-Peak,0.0
2025-09-05 16:24:52,16,N,Peak,0.0
2025-09-20 17:37:39,17,N,Peak,0.0
2026-09-19 19:21:03,19,S,Non-Peak,25.162971009336424
2026-09-07 03:41:07,3,W,Non-Peak,21.448435476411877
2026-09-21 06:00:34,6,N,Non-Peak,24.045415425871557
2025-09-02 16:26:50,16,N,Peak,0.0
2026-09-18 11:47:24,11,E,Non-Peak,26.26302812456107
2026-09-10 07:05:21,7,E,Non-Peak,23.086366842145505
2026-09-14 18:26:33,18,W,Non-Peak,23.100031039584227
2026-09-13 19:18:39,19,W,Non-Peak,23.30218103811774
2026-09-18 00:38:11,0,W,Non-Peak,21.2437729230844
2026-09-05 12:06:40,12,W,Non-Peak,27.37751484697302
2026-09-08 11:40:26,11,S,Non-Peak,28.050970512048643
2025-09-20 16:10:02,16,N,Peak,0.0
2025-09-20 18:07:45,18,N,Non-Peak,0.0
2026-09-05 11:18:01,11,N,Non-Peak,24.822883278572046
2026-09-01 06:59:28,6,N,Non-Peak,26.78291590390257
2025-09-01 16:44:25,16,N,Peak,0.0
2026-09-23 05:11:09,5,W,Non-Peak,28.86233955704648
2025-09-27 17:11:39,17,N,Peak,0.0
2025-09-21 16:46:00,16,N,Peak,0.0
2026-09-26 07:49:27,7,E,Non-Peak,21.813050702513934
2026-09-10 00:45:22,0,E,Non-Peak,28.128801588565423
2025-09-03 16:30:00,16,N,Peak,0.0
2026-09-30 12:54:22,12,N,Non-Peak,24.36877229139425
2026-09-19 13:18:35,13,S,Non-Peak,25.453641678501484
2026-09-16 14:49:32,14,N,Non-Peak,28.34849178413377
2026-09-26 22:32:16,22,S,Non-Peak,23.06644145839641
2026-09-01 12:14:15,12,S,Non-Peak,26.03176812344221
2026-09-02 18:19:13,18,W,Non-Peak,29.939747378969415
2026-09-05 22:58:37,22,S,Non-Peak,21.402089183917244
2026-09-27 20:00:29,20,E,Non-Peak,20.251403837441927
2026-09-20 12:56:05,12,E,Non-Peak,24.96846934661013
2026-09-29 00:24:39,0,S,Non-Peak,23.931221676906635
2026-09-16 21:45:07,21,E,Non-Peak,23.659803313604986
2025-09-09 17:58:06,17,N,Peak,0.0
2026-09-25 14:16:39,14,E,Non-Peak,25.19995606968395
2025-09-27 17:19:30,17,N,Peak,0.0
2025-09-26 17:57:36,17,N,Peak,0.0
2026-09-29 15:24:44,15,N,Non-Peak,29.96067437672078
2025-09-11 17:53:41,17,N,Peak,0.0
2026-09-12 06:25:46,6,W,Non-Peak,22.568572801421688
2026-09-23 15:59:58,15,W,Non-Peak,29.1198794523837
2026-09-26 06:30:04,6,W,Non-Peak,26.760811267820603
2026-09-25 04:15:33,4,W,Non-Peak,29.591951504737743
2026-09-09 18:05:46,18,E,Non-Peak,23.23212506618864
2026-09-28 05:08:17,5,W,Non-Peak,26.597967300828277
2026-09-23 16:25:57,16,W,Peak,15.385231061055912
2025-09-16 17:15:54,17,N,Peak,0.0
2026-09-21 00:00:31,0,W,Non-Peak,25.323971943779785
2025-09-20 17:17:37,17,N,Peak,0.0
2025-09-16 16:57:55,16,N,Peak,0.0
2026-09-22 08:27:49,8,S,Non-Peak,21.823876457375537
2026-09-26 07:09:32,7,N,Non-Peak,27.435384758181904
2025-09-19 17:49:12,17,N,Peak,0.0
2026-09-27 21:45:51,21,S,Non-Peak,25.857599679265505
2026-09-06 07:41:32,7,N,Non-Peak,28.8806506579016
2026-09-27 19:20:40,19,N,Non-Peak,27.24137879737048
2026-09-07 07:12:45,7,W,Non-Peak,25.005768318582227
2026-09-13 08:43:28,8,N,Non-Peak,28.45576951299988
2026-09-02 03:26:33,3,S,Non-Peak,21.686207439343704
2026-09-02 22:27:13,22,W,Non-Peak,20.249283847451142
2026-09-08 19:05:33,19,S,Non-Peak,22.174428042506143
2025-09-20 18:07:41,18,N,Non-Peak,0.0
2026-09-19 21:25:32,21,S,Non-Peak,20.63060246076988
2026-09-27 11:00:45,11,E,Non-Peak,21.824185642193584
2026-09-15 06:11:17,6,N,Non-Peak,25.189093552980932
2026-09-18 23:44:43,23,N,Non-Peak,29.50031235541406
2026-09-06 12:27:48,12,W,Non-Peak,29.775406575155472
2026-09-29 16:04:10,16,S,Peak,14.662498123208406
2025-09-23 18:02:41,18,N,Non-Peak,0.0
2025-09-24 17:36:48,17,N,Peak,0.0
2026-09-14 10:01:51,10,W,Non-Peak,22.17515693243334
2026-09-02 13:05:12,13,S,Non-Peak,28.558325699200605
2025-09-24 18:15:03,18,N,Non-Peak,0.0
2026-09-12 04:20:05,4,W,Non-Peak,20.69041319201048
2026-09-04 20:23:48,20,S,Non-Peak,23.494656381982136
2025-09-24 16:43:41,16,N,Peak,0.0
2026-09-02 04:11:11,4,W,Non-Peak,26.984299217289504
2025-09-30 16:14:11,16,N,Peak,0.0
2026-09-11 03:08:51,3,E,Non-Peak,29.0934592667697
2026-09-17 22:36:35,22,N,Non-Peak,26.515698110171435
2026-09-22 16:33:26,16,W,Peak,19.448381368508198
2026-09-18 13:50:24,13,E,Non-Peak,28.257211960680717
2026-09-01 17:50:12,17,E,Peak,15.034780316636812
2025-09-19 16:22:50,16,N,Peak,0.0
2026-09-28 06:55:14,6,S,Non-Peak,20.70323782270593
2026-09-14 08:31:27,8,N,Non-Peak,27.829844696037178
2025-09-01 16:21:20,16,N,Peak,0.0
2026-09-09 22:55:04,22,W,Non-Peak,20.742274415409398
2026-09-06 17:11:33,17,E,Peak,17.769820345985785
2025-09-02 17:05:59,17,N,Peak,0.0
2026-09-01 04:12:09,4,W,Non-Peak,24.833741897815138
2026-09-17 19:46:04,19,N,Non-Peak,27.024805393856298
2025-09-06 17:03:42,17,N,Peak,0.0
2025-09-23 17:33:56,17,N,Peak,0.0
2026-09-24 19:17:25,19,E,Non-Peak,20.06178748340783
2025-09-29 18:27:03,18,N,Non-Peak,0.0
2026-09-16 18:35:11,18,E,Non-Peak,25.406860768315603
2026-09-09 08:10:32,8,N,Non-Peak,27.05149114115142
2025-09-20 18:00:05,18,N,Non-Peak,0.0
2026-09-23 03:07:42,3,N,Non-Peak,28.70453965065753
2025-09-13 16:40:06,16,N,Peak,0.0
2025-09-08 16:52:23,16,N,Peak,0.0
2025-09-18 18:18:48,18,N,Non-Peak,0.0
2026-09-12 09:13:47,9,E,Non-Peak,21.71302191852139
2025-09-27 17:47:42,17,N,Peak,0.0
2025-09-01 18:48:50,18,N,Non-Peak,0.0
2026-09-27 19:12:24,19,N,Non-Peak,28.68820762800852
2025-09-09 18:11:43,18,N,Non-Peak,0.0
2026-09-02 15:37:05,15,S,Non-Peak,21.71773800174383
2026-09-20 23:49:16,23,S,Non-Peak,26.212186766648475
2026-09-11 12:09:11,12,W,Non-Peak,23.234733769606017
2026-09-13 21:49:30,21,W,Non-Peak,24.99189543769241
2026-09-08 07:21:51,7,W,Non-Peak,21.21867732420647
2025-09-22 16:02:26,16,N,Peak,0.0
2026-09-08 08:45:26,8,S,Non-Peak,23.55554186071586
2026-09-20 10:42:48,10,E,Non-Peak,28.524700675932568
2026-09-05 21:45:12,21,W,Non-Peak,22.06243327945317
2025-09-15 16:24:45,16,N,Peak,0.0
2025-09-06 16:35:20,16,N,Peak,0.0
2026-09-18 07:22:11,7,S,Non-Peak,27.329621733986325
2025-09-27 16:34:01,16,N,Peak,0.0
2025-09-01 16:22:15,16,N,Peak,0.0
2026-09-25 04:13:50,4,E,Non-Peak,29.870082359205096
2026-09-20 22:52:32,22,N,Non-Peak,20.69284017795546
2025-09-28 17:33:06,17,N,Peak,0.0
2026-09-23 20:52:56,20,S,Non-Peak,22.0502090861693
2026-09-05 01:19:31,1,W,Non-Peak,21.642429300110216
2025-09-07 16:20:23,16,N,Peak,0.0
2026-09-17 08:29:38,8,S,Non-Peak,20.31327068656893
2026-09-24 15:58:44,15,S,Non-Peak,24.904309693558552
2026-09-10 01:57:31,1,S,Non-Peak,27.5754459988351
2026-09-14 00:50:01,0,E,Non-Peak,25.54121946682392
2025-09-18 17:27:57,17,N,Peak,0.0
2026-09-27 07:25:34,7,W,Non-Peak,29.23819495083145
2026-09-19 20:11:15,20,E,Non-Peak,25.069805195568712
2025-09-01 18:23:06,18,N,Non-Peak,0.0
2026-09-01 09:58:14,9,E,Non-Peak,22.80573600695737
2026-09-27 03:17:17,3,S,Non-Peak,25.362067905023068
2026-09-16 00:09:40,0,W,Non-Peak,25.140147467358197
2025-09-30 16:12:41,16,N,Peak,0.0
2025-09-21 16:04:10,16,N,Peak,0.0
2025-09-22 16:09:10,16,N,Peak,0.0
2026-09-20 22:40:51,22,N,Non-Peak,20.73217076400088
2026-09-26 21:05:10,21,E,Non-Peak,29.71706295493999
2025-09-03 16:56:55,16,N,Peak,0.0
2025-09-20 17:29:54,17,N,Peak,0.0
2026-09-01 14:32:13,14,E,Non-Peak,29.042080927227577
2026-09-19 16:13:45,16,S,Peak,17.788470250171315
2025-09-13 17:42:47,17,N,Peak,0.0
2025-09-29 18:10:54,18,N,Non-Peak,0.0
2025-09-03 16:10:04,16,N,Peak,0.0
2026-09-28 05:39:23,5,N,Non-Peak,26.89353597466467
2026-09-23 12:07:56,12,S,Non-Peak,23.4291603861547
2026-09-18 11:04:49,11,N,Non-Peak,22.291735844246386
2026-09-30 03:53:42,3,S,Non-Peak,22.31525832075116
2025-09-07 17:36:47,17,N,Peak,0.0
2026-09-28 07:12:26,7,E,Non-Peak,27.49243283314205
2026-09-23 05:04:10,5,N,Non-Peak,25.85050322880313
2026-09-01 02:19:27,2,W,Non-Peak,25.69516629574465
2025-09-03 18:46:53,18,N,Non-Peak,0.0
2026-09-01 17:53:43,17,N,Peak,12.152749965315078
2026-09-23 15:09:05,15,E,Non-Peak,26.731237161258065
2026-09-14 21:47:43,21,W,Non-Peak,20.572845449703525
2026-09-03 19:00:40,19,E,Non-Peak,22.07433123719765
2026-09-28 19:09:18,19,W,Non-Peak,27.395554479594125
2025-09-15 16:47:39,16,N,Peak,0.0
2026-09-21 19:40:13,19,S,Non-Peak,23.700998041129047
2026-09-05 12:25:37,12,S,Non-Peak,24.464304353248487
2026-09-28 04:17:00,4,S,Non-Peak,28.81204356783425
2026-09-13 10:08:07,10,E,Non-Peak,27.313792752901023
2026-09-29 12:16:39,12,W,Non-Peak,21.962758220260486
2026-09-06 07:22:37,7,S,Non-Peak,26.39171336139321
2025-09-24 18:35:40,18,N,Non-Peak,0.0
2026-09-20 13:37:51,13,N,Non-Peak,24.59770785353136
2026-09-07 17:53:07,17,E,Peak,12.935599975821646
2026-09-12 01:18:14,1,W,Non-Peak,24.43627707880501
2025-09-08 16:35:38,16,N,Peak,0.0
2026-09-17 04:08:21,4,S,Non-Peak,25.40076152742369
2025-09-06 16:37:47,16,N,Peak,0.0
2026-09-02 22:09:23,22,W,Non-Peak,25.87363913228233
2026-09-14 07:10:40,7,S,Non-Peak,23.54593305770107
2026-09-07 06:38:11,6,W,Non-Peak,21.9857533077436
2026-09-23 11:56:35,11,S,Non-Peak,20.49318720271264
2025-09-24 17:51:54,17,N,Peak,0.0
2026-09-27 08:34:42,8,S,Non-Peak,29.82589089182864
2026-09-25 03:15:40,3,S,Non-Peak,22.70199843887016
2026-09-14 19:27:53,19,E,Non-Peak,29.021717790159187
2026-09-24 07:35:22,7,N,Non-Peak,25.497244089247264
2025-09-24 16:33:59,16,N,Peak,0.0
2026-09-22 12:52:34,12,E,Non-Peak,21.296783595853547
2025-09-09 17:32:01,17,N,Peak,0.0
2026-09-08 13:45:21,13,E,Non-Peak,22.213470102487985
2026-09-17 15:04:16,15,S,Non-Peak,21.876754815599565
2026-09-13 08:42:29,8,E,Non-Peak,21.404709815535085
2026-09-27 06:39:40,6,W,Non-Peak,22.35097141451756
2026-09-07 13:37:29,13,E,Non-Peak,28.693289511223988
2026-09-12 10:00:16,10,N,Non-Peak,29.07400710358959
2026-09-27 12:00:24,12,E,Non-Peak,21.29580006562897
2026-09-17 06:41:15,6,N,Non-Peak,23.37530049517353
2026-09-29 04:20:03,4,N,Non-Peak,24.77551491248927
2026-09-25 06:54:20,6,N,Non-Peak,27.97818406942576
2025-09-20 18:47:31,18,N,Non-Peak,0.0
2025-09-10 17:38:24,17,N,Peak,0.0
2026-09-13 22:55:34,22,E,Non-Peak,21.963181145265885
2026-09-02 09:08:01,9,N,Non-Peak,28.426384711677
2025-09-12 16:38:13,16,N,Peak,0.0
2025-09-18 16:51:52,16,N,Peak,0.0
2025-09-10 18:42:11,18,N,Non-Peak,0.0
2026-09-18 13:58:15,13,S,Non-Peak,25.861919255903224
2026-09-16 20:58:35,20,W,Non-Peak,23.13580932655669
2026-09-17 04:20:25,4,W,Non-Peak,22.85654610588544
2026-09-09 08:58:26,8,E,Non-Peak,22.710975748391043
2026-09-06 21:57:54,21,E,Non-Peak,24.148758010107485
2026-09-22 01:23:04,1,E,Non-Peak,25.13334375235576
2025-09-10 18:54:19,18,N,Non-Peak,0.0
2026-09-20 01:59:43,1,E,Non-Peak,28.318476536792843
2026-09-11 10:27:15,10,S,Non-Peak,20.60345076564352
2026-09-11 03:19:52,3,W,Non-Peak,23.23812738240322
2026-09-07 21:54:26,21,S,Non-Peak,26.92675675733417
2025-09-18 16:08:31,16,N,Peak,0.0
2026-09-04 05:47:29,5,S,Non-Peak,20.93718555777137
2025-09-04 17:54:59,17,N,Peak,0.0
2026-09-23 07:28:26,7,N,Non-Peak,21.10764244035203
2025-09-21 18:36:41,18,N,Non-Peak,0.0
2026-09-26 13:36:16,13,S,Non-Peak,24.971557001543232
2026-09-11 19:17:31,19,W,Non-Peak,21.068658178606025
2026-09-11 22:17:45,22,N,Non-Peak,22.716804325455143
2026-09-18 15:02:38,15,W,Non-Peak,28.21065887174241
2025-09-01 17:06:35,17,N,Peak,0.0
2026-09-03 23:37:24,23,N,Non-Peak,28.895459632849352
2026-09-25 15:13:55,15,N,Non-Peak,29.809824146535743
2026-09-03 08:47:50,8,N,Non-Peak,29.62658233775558
2026-09-09 20:29:24,20,E,Non-Peak,23.869503938262756
2025-09-08 18:37:30,18,N,Non-Peak,0.0
2026-09-09 01:09:28,1,E,Non-Peak,22.916565753296748
2026-09-18 14:45:41,14,W,Non-Peak,29.35601173866445
2026-09-25 14:58:49,14,E,Non-Peak,23.735789188220103
2026-09-10 07:41:00,7,S,Non-Peak,27.964691052339056
2026-09-05 12:33:35,12,N,Non-Peak,23.37456981944175
2025-09-01 17:07:25,17,N,Peak,0.0
2026-09-21 05:14:35,5,W,Non-Peak,21.963742251728664
2026-09-09 02:19:29,2,N,Non-Peak,23.468097217748507
2026-09-29 12:11:10,12,E,Non-Peak,27.47563883595827
2025-09-13 17:37:26,17,N,Peak,0.0
2026-09-28 17:48:15,17,N,Peak,10.06721988532544
2026-09-16 03:55:24,3,W,Non-Peak,25.791930406499908
2025-09-18 17:59:54,17,N,Peak,0.0
2025-09-12 16:47:35,16,N,Peak,0.0
2026-09-12 05:30:57,5,E,Non-Peak,27.91545103575536
2026-09-02 12:21:22,12,E,Non-Peak,24.21980787351337
2026-09-23 07:00:33,7,N,Non-Peak,23.059757117478224
2026-09-05 09:37:14,9,S,Non-Peak,26.60464732369225
2026-09-07 18:08:03,18,N,Non-Peak,24.03570893143562
2026-09-25 04:56:34,4,W,Non-Peak,28.859645972290515
2026-09-16 07:54:42,7,N,Non-Peak,20.353894244265376
2026-09-11 23:46:19,23,N,Non-Peak,26.807449251828963
2026-09-07 20:02:58,20,N,Non-Peak,27.362792779816328
2025-09-11 17:33:15,17,N,Peak,0.0
2026-09-14 04:19:22,4,E,Non-Peak,29.43151381029867
2025-09-13 17:13:59,17,N,Peak,0.0
2026-09-13 18:55:30,18,S,Non-Peak,23.446409535847124
2025-09-01 17:46:47,17,N,Peak,0.0
2026-09-12 05:42:39,5,E,Non-Peak,23.223198063391536
2026-09-01 12:06:03,12,N,Non-Peak,28.03868793757298
2026-09-02 04:43:06,4,W,Non-Peak,23.321235208413228
2025-09-15 17:13:18,17,N,Peak,0.0
2026-09-01 19:12:38,19,W,Non-Peak,23.65430646857224
2025-09-16 18:12:37,18,N,Non-Peak,0.0
2025-09-04 18:30:10,18,N,Non-Peak,0.0
2026-09-15 18:49:14,18,S,Non-Peak,22.57591052342537
2025-09-20 17:01:10,17,N,Peak,0.0
2025-09-30 17:12:31,17,N,Peak,0.0
2025-09-26 16:59:34,16,N,Peak,0.0
2026-09-12 19:34:43,19,S,Non-Peak,27.481277368664383
2026-09-26 00:33:57,0,S,Non-Peak,27.52966050796912
2025-09-11 18:27:18,18,N,Non-Peak,0.0
2026-09-28 00:54:05,0,S,Non-Peak,29.57046509595496
2026-09-29 09:04:52,9,S,Non-Peak,20.38110188859852
2026-09-25 07:47:49,7,E,Non-Peak,23.91033845961214
2025-09-30 16:40:34,16,N,Peak,0.0
2026-09-18 23:00:43,23,W,Non-Peak,21.12922192027917
2025-09-06 18:08:11,18,N,Non-Peak,0.0
2026-09-13 04:58:37,4,E,Non-Peak,23.731692007712724
2026-09-29 12:02:34,12,S,Non-Peak,28.78832022948393
2025-09-03 16:14:46,16,N,Peak,0.0
2026-09-23 15:21:50,15,E,Non-Peak,26.850996217413645
2026-09-23 14:32:11,14,E,Non-Peak,23.56407338633393
2025-09-16 18:45:51,18,N,Non-Peak,0.0
2025-09-06 17:00:48,17,N,Peak,0.0
2026-09-01 21:47:49,21,N,Non-Peak,21.917032243294344
2026-09-03 07:10:50,7,S,Non-Peak,24.58622620078205
2025-09-13 17:56:40,17,N,Peak,0.0
2026-09-29 11:32:09,11,W,Non-Peak,21.045045783762745
2026-09-06 06:35:37,6,N,Non-Peak,23.1367544933248
2025-09-03 16:48:51,16,N,Peak,0.0
2026-09-08 06:30:28,6,W,Non-Peak,22.13040247327865
2026-09-09 01:03:08,1,W,Non-Peak,23.91403363500141
2026-09-26 00:42:39,0,E,Non-Peak,26.21889301722014
2026-09-16 15:20:25,15,S,Non-Peak,27.167018591474747
2026-09-15 07:14:14,7,S,Non-Peak,29.2639617674113
2025-09-29 16:45:37,16,N,Peak,0.0
2026-09-30 11:07:11,11,E,Non-Peak,27.368876057439472
2026-09-22 19:22:23,19,S,Non-Peak,20.22117856038007
2025-09-08 16:58:33,16,N,Peak,0.0
2026-09-15 19:30:38,19,W,Non-Peak,23.86655367856106
2026-09-13 05:47:29,5,N,Non-Peak,22.48266612030252
2025-09-19 18:04:16,18,N,Non-Peak,0.0
2025-09-29 17:01:35,17,N,Peak,0.0
2026-09-13 05:56:26,5,S,Non-Peak,27.194625749877996
2026-09-02 18:24:15,18,N,Non-Peak,25.45824031479839
2026-09-29 05:06:08,5,S,Non-Peak,22.50116177873245
2025-09-09 16:12:41,16,N,Peak,0.0
2026-09-01 19:55:58,19,W,Non-Peak,21.718659666416897
2025-09-13 18:55:30,18,N,Non-Peak,0.0
2025-09-28 16:45:23,16,N,Peak,0.0
2026-09-17 20:30:23,20,N,Non-Peak,21.152197443406067
2025-09-29 16:06:43,16,N,Peak,0.0
2026-09-25 00:23:12,0,S,Non-Peak,21.03133739988604
2025-09-19 18:05:30,18,N,Non-Peak,0.0
2026-09-05 08:46:49,8,S,Non-Peak,25.809017419335376
2026-09-13 03:46:17,3,S,Non-Peak,25.46424561525128
2026-09-30 06:33:08,6,E,Non-Peak,29.55814562829452
2025-09-05 16:34:55,16,N,Peak,0.0
2025-09-16 16:33:25,16,N,Peak,0.0
2026-09-26 22:26:53,22,S,Non-Peak,28.168425821030176
2025-09-12 16:00:22,16,N,Peak,0.0
2026-09-21 13:01:32,13,E,Non-Peak,22.60743909297788
2026-09-29 12:10:13,12,S,Non-Peak,25.40205766419533
2025-09-06 17:09:36,17,N,Peak,0.0
2025-09-29 17:45:57,17,N,Peak,0.0
2025-09-09 18:44:00,18,N,Non-Peak,0.0
2026-09-02 21:02:26,21,S,Non-Peak,22.90522380354519
2026-09-17 21:20:36,21,N,Non-Peak,28.210997293726315
2026-09-02 05:30:13,5,N,Non-Peak,25.64273224156723
2026-09-23 15:28:19,15,W,Non-Peak,21.719696244013136
2026-09-17 14:24:19,14,S,Non-Peak,27.56088489402365
2026-09-06 19:43:42,19,S,Non-Peak,24.50217178914188
2026-09-01 14:16:01,14,S,Non-Peak,26.383447252330427
2025-09-11 16:05:57,16,N,Peak,0.0
2026-09-11 08:01:55,8,S,Non-Peak,21.62695681748225
2025-09-07 16:38:14,16,N,Peak,0.0
2026-09-16 14:01:17,14,E,Non-Peak,25.13496995573106
2025-09-15 18:23:37,18,N,Non-Peak,0.0
2025-09-04 16:39:30,16,N,Peak,0.0
2026-09-03 10:44:04,10,W,Non-Peak,27.03504052643858
2026-09-02 03:00:31,3,E,Non-Peak,22.63892414258274
2026-09-12 15:02:02,15,E,Non-Peak,27.82451614223388
2026-09-22 04:12:17,4,S,Non-Peak,21.25852446572329
2026-09-14 15:22:40,15,E,Non-Peak,23.309753795073487
2026-09-22 14:27:16,14,W,Non-Peak,28.2877799450117
2026-09-14 15:04:10,15,E,Non-Peak,27.51406792968676
2026-09-02 05:39:23,5,E,Non-Peak,22.296610146434794
2026-09-23 09:27:05,9,W,Non-Peak,28.13775460435444
2026-09-23 18:42:23,18,W,Non-Peak,23.99974596230929
2026-09-21 19:37:32,19,W,Non-Peak,24.146396683124763
2025-09-10 16:51:11,16,N,Peak,0.0
2026-09-29 01:52:01,1,N,Non-Peak,28.261151156730826
2026-09-22 04:37:50,4,W,Non-Peak,23.622979007718424
2026-09-08 22:53:43,22,S,Non-Peak,25.248813729101656
2026-09-26 22:31:40,22,W,Non-Peak,27.83135235351636
2025-09-19 17:48:48,17,N,Peak,0.0
2026-09-07 12:25:43,12,E,Non-Peak,22.117522939413497
2026-09-28 01:49:51,1,N,Non-Peak,26.024473213959556
2025-09-05 16:26:57,16,N,Peak,0.0
2025-09-22 17:57:04,17,N,Peak,0.0
2025-09-16 17:08:37,17,N,Peak,0.0
2026-09-25 19:58:42,19,N,Non-Peak,28.91364369766529
2026-09-24 22:43:41,22,W,Non-Peak,28.319301466639992
2026-09-29 19:44:13,19,N,Non-Peak,25.677713531205697
2026-09-17 12:17:38,12,E,Non-Peak,29.63197779175689
2026-09-19 19:41:28,19,E,Non-Peak,25.529535102920537
2025-09-29 16:44:28,16,N,Peak,0.0
2026-09-20 16:45:30,16,W,Peak,13.311064905062306
2026-09-22 17:23:08,17,W,Peak,15.942948034024756
2025-09-04 18:30:21,18,N,Non-Peak,0.0
2026-09-02 23:40:58,23,S,Non-Peak,28.92415270172397
2026-09-04 05:47:09,5,N,Non-Peak,23.84797383736301
2025-09-02 18:37:52,18,N,Non-Peak,0.0
2025-09-29 16:09:50,16,N,Peak,0.0
2026-09-04 18:28:21,18,N,Non-Peak,28.556480534390275
2026-09-13 20:26:43,20,W,Non-Peak,20.338747810758424
2026-09-07 04:04:40,4,W,Non-Peak,20.458516463603733
2026-09-24 14:54:23,14,S,Non-Peak,21.834508972547766
2026-09-19 18:57:18,18,E,Non-Peak,22.14123074177408
2026-09-23 05:54:45,5,W,Non-Peak,25.115563508064213
2026-09-05 04:11:54,4,N,Non-Peak,23.014405542663923
2026-09-23 07:47:00,7,W,Non-Peak,28.8868105242756
2025-09-22 16:23:48,16,N,Peak,0.0
2026-09-15 16:58:41,16,S,Peak,15.37486770454942
2026-09-12 10:49:35,10,S,Non-Peak,22.58672670054592
2025-09-05 18:07:39,18,N,Non-Peak,0.0
2026-09-21 21:36:42,21,S,Non-Peak,22.423613163947746
2026-09-09 18:18:48,18,E,Non-Peak,29.88036863939837
2025-09-26 18:31:03,18,N,Non-Peak,0.0
2026-09-09 05:16:41,5,W,Non-Peak,29.590597095796795
2026-09-30 22:34:13,22,N,Non-Peak,23.507698249377427
2025-09-30 17:23:39,17,N,Peak,0.0
2026-09-05 04:42:48,4,W,Non-Peak,29.202601864210123
2026-09-30 21:47:40,21,W,Non-Peak,25.699528440128425
2026-09-11 02:49:46,2,S,Non-Peak,28.19996273824041
2026-09-23 09:01:45,9,W,Non-Peak,20.824355773722065
2026-09-14 13:32:32,13,N,Non-Peak,23.50921015418993
2025-09-07 18:36:45,18,N,Non-Peak,0.0
2026-09-09 02:47:56,2,N,Non-Peak,29.92143047065049
2026-09-24 13:06:10,13,S,Non-Peak,21.214005470259163
2026-09-08 09:43:22,9,E,Non-Peak,23.026111443471407
2026-09-08 05:18:01,5,N,Non-Peak,25.153154675411
2026-09-25 03:34:05,3,W,Non-Peak,24.946793204029333
2025-09-20 17:05:11,17,N,Peak,0.0
2026-09-08 07:47:46,7,E,Non-Peak,20.439052629518
2026-09-04 02:55:09,2,S,Non-Peak,20.655189966831948
2026-09-29 12:16:39,12,W,Non-Peak,21.962758220260486
2026-09-08 23:20:57,23,E,Non-Peak,25.38819117691105
2026-09-03 19:20:38,19,W,Non-Peak,23.35785530906645
2025-09-24 16:46:03,16,N,Peak,0.0
2026-09-12 15:21:03,15,W,Non-Peak,24.614136996238457
2026-09-06 09:38:49,9,W,Non-Peak,22.51810520159719
2026-09-09 23:44:10,23,S,Non-Peak,22.891637384804238
2026-09-18 20:08:12,20,S,Non-Peak,20.75057149759092
2026-09-08 02:40:43,2,W,Non-Peak,23.84120681593416
2025-09-08 17:40:22,17,N,Peak,0.0
2025-09-11 18:11:44,18,N,Non-Peak,0.0
2026-09-07 08:08:53,8,N,Non-Peak,29.34850442937353
2026-09-18 01:11:13,1,S,Non-Peak,21.337671477764214
2025-09-15 17:35:08,17,N,Peak,0.0
2026-09-17 01:06:03,1,W,Non-Peak,24.070476750103197
2026-09-26 17:49:18,17,W,Peak,10.296689963176595
2025-09-18 16:18:35,16,N,Peak,0.0
2026-09-02 16:43:47,16,E,Peak,11.258526926735298
2026-09-24 04:29:36,4,N,Non-Peak,24.343634850601244
2026-09-19 22:10:55,22,N,Non-Peak,24.068304391560275
2025-09-04 17:10:01,17,N,Peak,0.0
2026-09-02 18:27:39,18,W,Non-Peak,23.752635632659583
2026-09-03 11:40:33,11,W,Non-Peak,29.081078046697684
2026-09-15 15:43:09,15,E,Non-Peak,21.59212377898383
2025-09-16 16:30:18,16,N,Peak,0.0
2026-09-14 10:26:09,10,N,Non-Peak,22.96301908882508
2026-09-19 01:36:49,1,S,Non-Peak,24.665567800055182
2026-09-14 23:25:24,23,N,Non-Peak,27.10827997674079
2026-09-30 21:59:17,21,N,Non-Peak,26.684082925395547
2026-09-21 18:13:58,18,S,Non-Peak,26.321055473783623
2026-09-26 08:00:42,8,E,Non-Peak,24.76577131096133
2026-09-13 10:53:19,10,W,Non-Peak,28.453297380271785
2026-09-23 08:14:34,8,S,Non-Peak,26.716899638586188
2026-09-03 00:16:52,0,S,Non-Peak,27.42818687616575
2026-09-25 06:17:21,6,W,Non-Peak,29.06637611637854
2026-09-22 22:49:13,22,E,Non-Peak,29.69889650809885
2025-09-02 17:50:59,17,N,Peak,0.0
2026-09-02 05:02:38,5,E,Non-Peak,28.96354364858567
2026-09-23 23:07:02,23,W,Non-Peak,24.511133886220776
2026-09-04 03:18:22,3,W,Non-Peak,24.379295530130413
2025-09-23 17:51:31,17,N,Peak,0.0
2026-09-22 03:53:04,3,E,Non-Peak,25.125904826889624
2026-09-17 09:43:33,9,S,Non-Peak,25.381522805215223
2026-09-09 08:33:49,8,W,Non-Peak,29.23637033194324
2026-09-11 18:19:13,18,N,Non-Peak,27.46855511570041
2026-09-09 15:19:19,15,E,Non-Peak,21.370227979777503
2026-09-24 09:41:19,9,W,Non-Peak,21.92257307780761
2026-09-08 15:14:04,15,N,Non-Peak,29.170372117426616
2025-09-18 18:56:24,18,N,Non-Peak,0.0
2026-09-08 03:15:50,3,E,Non-Peak,20.119576541375388
2026-09-03 15:33:08,15,E,Non-Peak,22.984553217560883
2026-09-19 20:25:08,20,N,Non-Peak,22.60392776395428
2026-09-08 16:09:35,16,N,Peak,16.131007570936553
2026-09-03 01:32:56,1,S,Non-Peak,22.69560028772838
2026-09-06 02:29:52,2,S,Non-Peak,29.330336568877108
2026-09-04 20:50:01,20,N,Non-Peak,28.100802733033973
2026-09-04 19:45:26,19,N,Non-Peak,25.802902068747837
2025-09-27 17:01:17,17,N,Peak,0.0
2025-09-08 18:32:53,18,N,Non-Peak,0.0
2026-09-25 20:04:49,20,N,Non-Peak,22.969676241586733
2025-09-15 18:36:54,18,N,Non-Peak,0.0
2026-09-07 15:01:41,15,W,Non-Peak,28.387033848743464
2026-09-11 09:41:08,9,N,Non-Peak,29.00562876266304
2026-09-25 10:16:02,10,E,Non-Peak,28.885588982845142
2026-09-14 21:45:21,21,E,Non-Peak,29.292050221620173
2026-09-14 13:02:44,13,W,Non-Peak,21.56202147934917
2026-09-15 18:48:00,18,S,Non-Peak,25.63351627048588
2026-09-02 14:58:54,14,S,Non-Peak,27.502882541645608
2026-09-25 01:29:38,1,W,Non-Peak,28.57156771691129
2026-09-13 09:29:15,9,S,Non-Peak,26.401741233033096
2026-09-11 13:44:35,13,E,Non-Peak,21.855479167607253
2026-09-10 16:38:06,16,S,Peak,13.245561768331028
2026-09-29 06:01:37,6,E,Non-Peak,26.63466737790196
2025-09-16 17:40:03,17,N,Peak,0.0
2026-09-16 18:00:55,18,W,Non-Peak,28.07148747060646
2025-09-24 16:59:36,16,N,Peak,0.0
2025-09-27 18:09:10,18,N,Non-Peak,0.0
2025-09-18 16:07:24,16,N,Peak,0.0
2026-09-01 21:10:26,21,W,Non-Peak,23.553728214911136
2026-09-29 08:48:24,8,E,Non-Peak,20.1300996488154
2026-09-01 21:29:09,21,N,Non-Peak,25.07817778318006
2026-09-20 02:33:26,2,S,Non-Peak,28.52771295974596
2026-09-19 04:54:20,4,N,Non-Peak,20.53871843001521
2026-09-17 04:43:37,4,N,Non-Peak,25.18373263344937
2026-09-18 21:26:22,21,W,Non-Peak,20.77648421824048
2026-09-30 04:45:18,4,N,Non-Peak,28.03267604406797
2026-09-10 06:32:09,6,E,Non-Peak,28.4776395984136
2025-09-23 16:17:58,16,N,Peak,0.0
2026-09-26 18:12:07,18,N,Non-Peak,27.84530358570572
2026-09-25 02:19:02,2,E,Non-Peak,25.795314176262373
2026-09-09 03:54:32,3,E,Non-Peak,28.156430467954596
2026-09-29 19:21:06,19,W,Non-Peak,20.75173614395409
2026-09-03 08:49:42,8,N,Non-Peak,23.96097085256345
2026-09-19 07:50:58,7,S,Non-Peak,25.06706875693861
2026-09-19 01:55:48,1,S,Non-Peak,23.065435612189184
2026-09-23 04:19:05,4,S,Non-Peak,20.22645931958249
2026-09-09 21:04:52,21,S,Non-Peak,21.99733139801592
2025-09-16 16:56:37,16,N,Peak,0.0
2025-09-16 16:20:12,16,N,Peak,0.0
2026-09-29 15:07:45,15,N,Non-Peak,27.14802612511693
2026-09-07 00:41:36,0,N,Non-Peak,25.37538131434995
2026-09-18 21:29:11,21,E,Non-Peak,28.96459764180929
2026-09-02 16:44:20,16,W,Peak,14.4860051477076
2026-09-01 11:00:05,11,N,Non-Peak,25.271377929833346
2026-09-06 20:09:19,20,S,Non-Peak,27.55374835948849
2025-09-29 17:15:49,17,N,Peak,0.0
2026-09-09 04:37:55,4,W,Non-Peak,29.31228763611001
2026-09-06 20:10:28,20,E,Non-Peak,23.795397547058336
2025-09-16 17:43:54,17,N,Peak,0.0
2026-09-21 23:54:50,23,S,Non-Peak,24.039877801701117
2026-09-10 16:01:12,16,W,Peak,15.531893222547357
2026-09-15 07:46:46,7,N,Non-Peak,23.96367879935596
2026-09-20 14:57:46,14,E,Non-Peak,29.301973966229475
2026-09-18 23:40:46,23,S,Non-Peak,27.85714236910409
2026-09-05 02:52:54,2,S,Non-Peak,23.863247204367056
2026-09-25 18:06:33,18,N,Non-Peak,23.5419405107011
2026-09-27 22:54:52,22,W,Non-Peak,26.54076459611092
2026-09-26 13:35:36,13,E,Non-Peak,26.737406013510224
2025-09-15 17:12:53,17,N,Peak,0.0
2026-09-26 16:48:26,16,E,Peak,17.862277566241794
2026-09-16 22:27:45,22,W,Non-Peak,22.986554695929108
2026-09-10 10:56:12,10,S,Non-Peak,24.04898618602852
2025-09-06 18:34:10,18,N,Non-Peak,0.0
2026-09-14 19:39:04,19,E,Non-Peak,23.065500687288743
2026-09-26 06:26:38,6,W,Non-Peak,29.271619513818504
2026-09-16 17:12:31,17,N,Peak,12.414286630634567
2025-09-24 18:44:36,18,N,Non-Peak,0.0
2026-09-15 08:34:36,8,N,Non-Peak,27.781704041901698
2025-09-13 18:01:39,18,N,Non-Peak,0.0
2026-09-26 13:18:34,13,E,Non-Peak,29.039677095430733
2026-09-06 21:02:19,21,W,Non-Peak,21.06596638432086
2026-09-20 08:56:40,8,S,Non-Peak,22.44330114638503
2026-09-25 21:51:24,21,S,Non-Peak,29.2129839252112
2026-09-28 10:38:57,10,S,Non-Peak,24.47428455643657
2025-09-09 16:25:29,16,N,Peak,0.0
2026-09-14 21:54:53,21,N,Non-Peak,24.346662635875877
2026-09-05 10:21:27,10,W,Non-Peak,29.199700588289208
2026-09-14 03:33:06,3,N,Non-Peak,29.46896661045951
2026-09-03 13:45:14,13,W,Non-Peak,24.36363466013306
2026-09-11 19:32:10,19,S,Non-Peak,22.83098554537252
2026-09-09 17:17:04,17,S,Peak,19.658648893386196
2026-09-24 00:37:37,0,N,Non-Peak,24.19126799442397
2026-09-09 18:16:14,18,W,Non-Peak,20.509737393295502
2026-09-17 00:25:43,0,E,Non-Peak,25.08958508244838
2025-09-19 16:05:30,16,N,Peak,0.0
2026-09-03 16:55:03,16,N,Peak,14.23939374856713
2026-09-06 22:49:24,22,N,Non-Peak,25.320079876923607
2025-09-02 16:14:36,16,N,Peak,0.0
2026-09-27 07:04:00,7,S,Non-Peak,25.412912518030232
2026-09-18 17:12:30,17,S,Peak,12.56745669316231
2026-09-13 03:07:02,3,E,Non-Peak,22.416063748629742
2025-09-07 17:36:47,17,N,Peak,0.0
2026-09-07 14:17:53,14,E,Non-Peak,26.34829505049772
2026-09-05 22:40:14,22,E,Non-Peak,20.84993795795112
2026-09-08 22:25:23,22,E,Non-Peak,29.805959866492984
2026-09-18 04:26:23,4,E,Non-Peak,25.818481591632576
2026-09-26 07:31:31,7,S,Non-Peak,20.134567324526216
2026-09-26 16:25:54,16,W,Peak,17.09200462854294
2025-09-16 16:42:10,16,N,Peak,0.0
2026-09-28 13:55:36,13,W,Non-Peak,25.188318209812884
2026-09-21 02:05:34,2,N,Non-Peak,27.724887961689888
2026-09-09 09:38:49,9,N,Non-Peak,22.151102763605333
2026-09-08 08:10:49,8,N,Non-Peak,28.500814620907548
2025-09-02 17:39:28,17,N,Peak,0.0
2026-09-19 01:34:54,1,E,Non-Peak,23.688547753961355
2025-09-12 17:06:03,17,N,Peak,0.0
2026-09-07 18:05:28,18,E,Non-Peak,28.37383042613749
2026-09-27 13:18:13,13,N,Non-Peak,26.62723080758895
2025-09-28 18:58:43,18,N,Non-Peak,0.0
2026-09-25 03:14:11,3,E,Non-Peak,26.12198241598393
2026-09-10 16:04:14,16,N,Peak,14.733886027710769
2026-09-25 18:35:46,18,W,Non-Peak,22.66672844254092
2026-09-20 17:31:29,17,E,Peak,15.124530093497352
2025-09-19 17:11:43,17,N,Peak,0.0
2025-09-13 17:06:17,17,N,Peak,0.0
2025-09-19 18:29:12,18,N,Non-Peak,0.0
2026-09-15 21:37:23,21,N,Non-Peak,26.238194262334755
2026-09-27 23:36:33,23,E,Non-Peak,26.093394195880915
2026-09-17 01:05:16,1,N,Non-Peak,22.089454829961163
2025-09-15 17:43:46,17,N,Peak,0.0
2026-09-27 04:31:14,4,W,Non-Peak,25.28473212895446
2026-09-22 15:51:47,15,W,Non-Peak,26.210990101799894
2026-09-05 22:03:35,22,W,Non-Peak,23.93831210805186
2026-09-10 10:12:18,10,E,Non-Peak,22.97042633073588
2026-09-23 00:37:08,0,E,Non-Peak,26.88791718252832
2025-09-12 16:21:43,16,N,Peak,0.0
2026-09-19 17:58:58,17,W,Peak,14.336220029122018
2026-09-09 03:45:40,3,E,Non-Peak,25.47835674442883
2026-09-01 01:30:05,1,W,Non-Peak,27.79697335154075
2025-09-19 17:31:46,17,N,Peak,0.0
2026-09-09 15:18:09,15,S,Non-Peak,24.158225089946317
2025-09-10 16:02:54,16,N,Peak,0.0
2026-09-23 11:16:43,11,E,Non-Peak,21.839376280363208
2026-09-12 21:32:00,21,N,Non-Peak,24.59202713158917
2026-09-13 07:54:35,7,N,Non-Peak,24.12505864919328
2026-09-25 02:04:50,2,N,Non-Peak,27.902483285110065
2026-09-28 15:04:35,15,N,Non-Peak,28.370658649362355
2026-09-05 11:09:04,11,S,Non-Peak,25.1780561941048
2026-09-26 03:54:52,3,N,Non-Peak,24.30386302041584
2026-09-20 17:14:22,17,N,Peak,12.888502239287291
2026-09-05 22:41:11,22,N,Non-Peak,24.51974204225543
2026-09-02 04:25:34,4,W,Non-Peak,29.248655258883907
2026-09-09 22:35:49,22,N,Non-Peak,25.64190922331806
2026-09-07 20:20:23,20,W,Non-Peak,24.30568308667036
2026-09-04 13:21:42,13,N,Non-Peak,24.86699576125846
2026-09-23 21:41:43,21,N,Non-Peak,26.99391704570518
2026-09-09 02:57:44,2,W,Non-Peak,29.351607939590533
2025-09-30 17:19:31,17,N,Peak,0.0
2026-09-13 16:33:42,16,E,Peak,17.16082034047545
2026-09-24 00:59:15,0,E,Non-Peak,27.33581727686881
2026-09-08 21:46:30,21,E,Non-Peak,21.130595194289043
2026-09-09 09:38:09,9,W,Non-Peak,26.24372813899896
2026-09-14 10:30:00,10,W,Non-Peak,25.41311141884791
2026-09-05 00:43:46,0,W,Non-Peak,21.32709793228817
2026-09-28 15:13:07,15,E,Non-Peak,22.902036357832568
2025-09-07 17:40:22,17,N,Peak,0.0
2026-09-25 23:35:23,23,N,Non-Peak,26.88236015622642
2026-09-20 22:03:12,22,N,Non-Peak,21.27804526662269
2026-09-22 05:57:42,5,E,Non-Peak,26.417576759667103
2025-09-03 17:57:54,17,N,Peak,0.0
2026-09-15 07:58:19,7,S,Non-Peak,22.3945894140117
2025-09-13 17:14:26,17,N,Peak,0.0
2026-09-04 21:45:17,21,E,Non-Peak,22.05689966155475
2025-09-02 18:06:51,18,N,Non-Peak,0.0
2025-09-08 17:18:11,17,N,Peak,0.0
2025-09-06 16:15:41,16,N,Peak,0.0
2026-09-14 09:34:40,9,E,Non-Peak,26.98147531398564
2026-09-15 00:39:52,0,E,Non-Peak,22.585473070060186
2026-09-04 16:50:10,16,N,Peak,12.006489871088688
2026-09-03 11:23:59,11,N,Non-Peak,27.216436095489147
2025-09-09 17:01:44,17,N,Peak,0.0
2026-09-01 16:06:00,16,E,Peak,17.974030419498536
2026-09-15 05:17:59,5,N,Non-Peak,25.70376169087881
2026-09-16 06:49:26,6,W,Non-Peak,20.120280974731955
2026-09-09 07:33:30,7,N,Non-Peak,23.51833913469405
2025-09-01 16:04:21,16,N,Peak,0.0
2026-09-23 01:27:55,1,W,Non-Peak,21.21654041733573
2026-09-04 19:17:24,19,E,Non-Peak,24.775105431903
2025-09-16 16:56:36,16,N,Peak,0.0
2026-09-24 12:06:31,12,W,Non-Peak,20.258668963410045
2026-09-13 19:49:13,19,N,Non-Peak,21.31234603812633
2026-09-20 14:05:49,14,W,Non-Peak,21.039756736712928
2026-09-12 00:10:54,0,S,Non-Peak,24.239358588264125
2025-09-26 17:41:28,17,N,Peak,0.0
2026-09-09 02:42:00,2,W,Non-Peak,28.883830995005063
2026-09-18 09:13:16,9,E,Non-Peak,23.7094261276863
2026-09-19 06:36:56,6,W,Non-Peak,22.98823072319912
2026-09-08 05:33:15,5,E,Non-Peak,26.49701537667569
2026-09-18 06:49:05,6,S,Non-Peak,28.90118128246529
2026-09-18 13:06:36,13,S,Non-Peak,22.370584065842948
2025-09-16 17:28:24,17,N,Peak,0.0
2026-09-28 08:39:38,8,N,Non-Peak,21.506081703951285
2025-09-04 16:19:21,16,N,Peak,0.0
2026-09-02 02:21:02,2,W,Non-Peak,20.38365575629905
2026-09-12 14:28:01,14,S,Non-Peak,23.059890965339942
2026-09-08 03:52:15,3,N,Non-Peak,23.315659074997644
2026-09-22 04:59:27,4,S,Non-Peak,23.529083501871185
2026-09-04 07:28:17,7,W,Non-Peak,20.21514234800117
2026-09-20 09:37:20,9,E,Non-Peak,20.055535788450317
2026-09-02 19:49:00,19,S,Non-Peak,20.80477107042909
2025-09-01 17:10:27,17,N,Peak,0.0
2025-09-16 18:05:02,18,N,Non-Peak,0.0
2026-09-02 10:14:53,10,W,Non-Peak,27.7576615349002
2026-09-11 09:06:51,9,E,Non-Peak,23.41452526665353
2026-09-20 13:26:18,13,N,Non-Peak,23.13768374208477
2026-09-11 06:15:20,6,W,Non-Peak,28.343653698858105
2026-09-24 22:23:12,22,S,Non-Peak,24.180560270405785
2026-09-20 23:44:04,23,N,Non-Peak,24.60021586477937
2026-09-30 15:46:52,15,S,Non-Peak,20.82931337433437
2026-09-04 02:06:04,2,S,Non-Peak,20.72531330489105
2026-09-10 21:25:58,21,W,Non-Peak,27.20542693010842
2026-09-12 06:08:53,6,W,Non-Peak,24.035260834283196
2025-09-13 17:40:37,17,N,Peak,0.0
2026-09-23 01:46:24,1,S,Non-Peak,22.355346836433373
2025-09-13 16:06:38,16,N,Peak,0.0
2025-09-05 17:25:59,17,N,Peak,0.0
2025-09-19 18:28:12,18,N,Non-Peak,0.0
2026-09-05 14:15:50,14,W,Non-Peak,23.81301140633425
2026-09-04 01:35:53,1,W,Non-Peak,29.291445357992743
2026-09-19 00:32:42,0,W,Non-Peak,29.87232899423791
2026-09-18 22:11:13,22,W,Non-Peak,23.366760946902676
2026-09-22 21:11:39,21,W,Non-Peak,23.62763997571428
2026-09-24 17:11:12,17,N,Peak,10.411238331946418
2026-09-24 23:52:18,23,N,Non-Peak,21.2341553933597
2026-09-02 22:40:25,22,E,Non-Peak,25.575090908399005
2026-09-11 14:03:40,14,E,Non-Peak,29.942427935143108
2026-09-26 15:02:20,15,S,Non-Peak,21.9737847632902
2026-09-27 11:11:30,11,W,Non-Peak,29.198859337188143
2026-09-19 16:52:16,16,W,Peak,15.663721898850143
2026-09-26 20:58:23,20,S,Non-Peak,29.44342435092114
2026-09-20 04:50:24,4,N,Non-Peak,28.29978123758133
2026-09-14 17:56:12,17,E,Peak,13.643579240043808
2025-09-05 18:33:40,18,N,Non-Peak,0.0
2026-09-25 11:30:49,11,N,Non-Peak,29.39313589527669
2025-09-24 16:46:01,16,N,Peak,0.0
2026-09-13 09:23:47,9,S,Non-Peak,23.036555193808624
2026-09-25 10:41:37,10,S,Non-Peak,26.966240009892463
2025-09-27 17:34:35,17,N,Peak,0.0
2026-09-13 16:46:30,16,N,Peak,14.602634114553403
2026-09-01 12:45:59,12,N,Non-Peak,22.13866358570107
2026-09-03 18:08:15,18,E,Non-Peak,24.727667284850394
2025-09-29 18:03:32,18,N,Non-Peak,0.0
2026-09-07 15:04:37,15,W,Non-Peak,24.75459690737028
2026-09-09 02:59:37,2,S,Non-Peak,28.326430354015805
2026-09-04 03:44:36,3,E,Non-Peak,24.347654569429466
2026-09-02 02:59:42,2,E,Non-Peak,24.481125585231737
2026-09-27 04:21:16,4,N,Non-Peak,27.853447970603675
2025-09-10 17:05:00,17,N,Peak,0.0
2026-09-02 20:33:19,20,N,Non-Peak,27.42734883036756
2025-09-04 18:21:02,18,N,Non-Peak,0.0
2026-09-18 20:29:52,20,W,Non-Peak,24.257955121129903
2026-09-08 06:22:17,6,S,Non-Peak,28.171360448086965
2026-09-25 00:20:23,0,N,Non-Peak,29.036936912494653
2025-09-21 18:31:30,18,N,Non-Peak,0.0
2026-09-23 01:23:39,1,E,Non-Peak,23.430942174036616
2026-09-11 03:01:27,3,W,Non-Peak,25.680921012878045
2025-09-04 18:39:47,18,N,Non-Peak,0.0
2025-09-06 17:56:16,17,N,Peak,0.0
2026-09-11 05:12:22,5,E,Non-Peak,28.073734198090914
2025-09-18 18:21:47,18,N,Non-Peak,0.0
2026-09-07 05:51:26,5,E,Non-Peak,24.288239807063007
2026-09-27 03:31:45,3,W,Non-Peak,24.035321931869245
2026-09-01 22:23:29,22,E,Non-Peak,28.74819531143132
2026-09-17 21:02:24,21,S,Non-Peak,23.14445071653322
2026-09-09 07:07:03,7,N,Non-Peak,29.60451151429895
2026-09-10 03:22:59,3,S,Non-Peak,28.984434305703157
2026-09-24 14:56:54,14,W,Non-Peak,20.897175135261257
2026-09-24 09:00:15,9,E,Non-Peak,27.38172351583473
2026-09-22 04:06:54,4,W,Non-Peak,29.02708332419912
2025-09-03 18:02:42,18,N,Non-Peak,0.0
2026-09-25 09:58:28,9,N,Non-Peak,28.21803946706368
2026-09-17 07:18:03,7,N,Non-Peak,22.180680932529068
2025-09-05 17:51:16,17,N,Peak,0.0
2026-09-19 13:16:09,13,N,Non-Peak,27.18146798522185
2025-09-13 17:06:17,17,N,Peak,0.0
2026-09-17 23:54:02,23,W,Non-Peak,29.20393633155168
2026-09-17 12:04:48,12,S,Non-Peak,25.84228314382649
2026-09-23 15:12:35,15,N,Non-Peak,23.445681444059232
2026-09-23 10:14:38,10,E,Non-Peak,25.81846026783344
2025-09-16 18:44:03,18,N,Non-Peak,0.0
2026-09-22 14:09:28,14,E,Non-Peak,24.344515126618155
2025-09-02 17:09:52,17,N,Peak,0.0
2026-09-18 08:02:11,8,W,Non-Peak,25.162904248972968
2026-09-17 14:20:58,14,S,Non-Peak,27.512417604284
2026-09-02 11:51:21,11,S,Non-Peak,24.656347754837096
2025-09-28 16:43:13,16,N,Peak,0.0
2026-09-19 05:44:09,5,N,Non-Peak,20.058497031833475
2026-09-01 09:17:26,9,W,Non-Peak,24.09673768538354
2026-09-19 23:43:18,23,S,Non-Peak,21.694649551450485
2026-09-25 04:30:08,4,N,Non-Peak,23.588590677405968
2026-09-09 18:01:12,18,E,Non-Peak,23.46539053700392
2026-09-20 03:59:36,3,N,Non-Peak,27.288416718543026
2026-09-18 19:24:34,19,E,Non-Peak,29.65613849729405
2026-09-19 20:25:00,20,N,Non-Peak,25.6755029594479
2026-09-24 08:49:15,8,N,Non-Peak,28.699072981816045
2025-09-28 16:06:21,16,N,Peak,0.0
2026-09-13 01:01:08,1,E,Non-Peak,23.484758596189085
2026-09-03 21:22:45,21,S,Non-Peak,27.99923973679745
2025-09-13 16:01:53,16,N,Peak,0.0
2026-09-26 15:36:21,15,N,Non-Peak,24.427644461751072
2025-09-28 17:27:11,17,N,Peak,0.0
2026-09-19 21:54:25,21,S,Non-Peak,29.919846089425874
2026-09-13 18:51:27,18,E,Non-Peak,20.381372407659804
2026-09-27 05:01:26,5,S,Non-Peak,28.685173951310148
2026-09-23 17:53:30,17,S,Peak,13.779110277721989
2026-09-08 18:47:15,18,W,Non-Peak,24.493566277627217
2026-09-11 15:27:08,15,N,Non-Peak,29.791708403032302
2026-09-18 05:05:14,5,E,Non-Peak,28.71189659799427
2026-09-12 09:53:22,9,W,Non-Peak,23.4278109803751
2026-09-12 06:03:05,6,N,Non-Peak,26.211640329375147
2025-09-27 17:24:11,17,N,Peak,0.0
2026-09-07 23:08:39,23,W,Non-Peak,28.949816256623315
2026-09-11 14:29:52,14,W,Non-Peak,27.85556171701446
2026-09-24 05:51:59,5,E,Non-Peak,20.313110687449104
2026-09-23 11:32:14,11,N,Non-Peak,26.0327406388745
2026-09-11 16:16:59,16,S,Peak,11.868924121571196
2026-09-30 18:52:05,18,E,Non-Peak,26.15942396141607
2026-09-04 08:24:20,8,S,Non-Peak,28.69293836011886
2026-09-17 11:49:06,11,S,Non-Peak,28.23285791016619
2025-09-01 17:16:09,17,N,Peak,0.0
2026-09-09 07:55:03,7,S,Non-Peak,21.66606958801504
2025-09-19 17:53:55,17,N,Peak,0.0
2026-09-22 11:18:43,11,N,Non-Peak,29.734740047448405
2025-09-04 17:04:33,17,N,Peak,0.0
2026-09-02 04:48:23,4,W,Non-Peak,27.36767564894168
2025-09-27 17:27:43,17,N,Peak,0.0
2026-09-07 21:29:00,21,N,Non-Peak,26.1148716660784
2025-09-26 16:40:16,16,N,Peak,0.0
2026-09-23 02:22:12,2,S,Non-Peak,25.735836879063694
2026-09-13 22:47:27,22,N,Non-Peak,25.14488161767124
2026-09-22 12:43:43,12,E,Non-Peak,22.958657855020967
2026-09-21 23:26:21,23,W,Non-Peak,21.96632753898785
2026-09-08 06:28:06,6,E,Non-Peak,29.274758870156468
2025-09-20 16:34:57,16,N,Peak,0.0
2025-09-15 16:02:09,16,N,Peak,0.0
2026-09-08 20:08:20,20,E,Non-Peak,26.85936351969159
2026-09-30 22:00:21,22,W,Non-Peak,29.44935230146409
2026-09-17 03:49:32,3,S,Non-Peak,20.6902085773232
2026-09-29 02:44:37,2,W,Non-Peak,27.505004929262164
2025-09-22 18:15:18,18,N,Non-Peak,0.0
2026-09-14 02:26:09,2,N,Non-Peak,23.949111580035733
2025-09-11 18:37:09,18,N,Non-Peak,0.0
2026-09-17 13:06:46,13,E,Non-Peak,21.28387914645449
2026-09-23 03:45:33,3,N,Non-Peak,28.994600228634084
2025-09-10 17:25:49,17,N,Peak,0.0
2026-09-01 01:29:48,1,S,Non-Peak,21.09709230717649
2026-09-02 18:19:49,18,E,Non-Peak,26.50875839238397
2025-09-07 18:05:42,18,N,Non-Peak,0.0
2026-09-08 12:44:11,12,W,Non-Peak,22.08034019501219
2026-09-22 08:46:37,8,W,Non-Peak,29.1192890550794
2026-09-23 00:22:02,0,N,Non-Peak,20.66941570307275
2025-09-06 18:34:43,18,N,Non-Peak,0.0
2026-09-18 11:27:32,11,E,Non-Peak,27.73685597405123
2026-09-26 16:55:13,16,E,Peak,18.538679089688387
2026-09-02 05:55:42,5,S,Non-Peak,27.175997991088863
2025-09-13 18:44:44,18,N,Non-Peak,0.0
2025-09-05 18:31:32,18,N,Non-Peak,0.0
2026-09-11 00:43:50,0,N,Non-Peak,20.16033875623852
2026-09-30 09:57:06,9,W,Non-Peak,29.88481079948984
2025-09-19 17:18:26,17,N,Peak,0.0
2026-09-14 15:03:21,15,W,Non-Peak,27.22585192975498
2025-09-06 17:32:01,17,N,Peak,0.0
2026-09-27 01:02:42,1,N,Non-Peak,22.1178225196202
2026-09-29 01:39:08,1,N,Non-Peak,22.202887710633256
2026-09-06 05:39:36,5,E,Non-Peak,29.06682045585947
2026-09-11 08:36:05,8,N,Non-Peak,20.988894518364276
2025-09-01 16:57:34,16,N,Peak,0.0
2026-09-08 10:03:30,10,W,Non-Peak,26.80136597809595
2025-09-22 18:54:02,18,N,Non-Peak,0.0
2025-09-24 18:41:18,18,N,Non-Peak,0.0
2026-09-15 06:27:32,6,W,Non-Peak,27.98179099331644
2026-09-07 15:14:58,15,N,Non-Peak,28.268089390433744
2025-09-27 17:31:18,17,N,Peak,0.0
2025-09-13 16:14:25,16,N,Peak,0.0
2026-09-13 11:36:45,11,W,Non-Peak,27.861513067465424
2025-09-27 17:45:22,17,N,Peak,0.0
2026-09-22 21:54:58,21,S,Non-Peak,25.99376471006329
2026-09-11 22:16:48,22,W,Non-Peak,28.526376981705894
2025-09-10 18:42:37,18,N,Non-Peak,0.0
2026-09-13 13:58:24,13,N,Non-Peak,28.23461014179294
2026-09-20 22:43:34,22,S,Non-Peak,28.569168557650453
2026-09-13 13:50:09,13,N,Non-Peak,23.73908139061541
2025-09-06 18:23:57,18,N,Non-Peak,0.0
2025-09-02 16:52:43,16,N,Peak,0.0
2025-09-05 16:09:56,16,N,Peak,0.0
2025-09-02 17:07:35,17,N,Peak,0.0
2026-09-13 05:02:51,5,E,Non-Peak,28.73812359781384
2026-09-07 06:43:05,6,W,Non-Peak,26.60857390133187
2026-09-09 10:02:17,10,E,Non-Peak,24.262013856009347
2025-09-28 16:46:28,16,N,Peak,0.0
2026-09-06 18:40:13,18,W,Non-Peak,20.20014488454647
2026-09-22 19:27:48,19,N,Non-Peak,22.276592742169008
2026-09-23 17:55:24,17,S,Peak,15.79132391461018
2025-09-11 18:05:42,18,N,Non-Peak,0.0
2026-09-14 14:29:30,14,W,Non-Peak,28.121593509656968
2025-09-23 16:26:50,16,N,Peak,0.0
2026-09-21 16:15:32,16,N,Peak,16.678492446881926
2026-09-17 06:51:03,6,N,Non-Peak,29.315693421132696
2025-09-16 17:03:50,17,N,Peak,0.0
2026-09-13 17:46:30,17,N,Peak,16.809654055673676
2025-09-02 17:50:06,17,N,Peak,0.0
2026-09-25 04:50:18,4,S,Non-Peak,23.999792472799317
2026-09-17 22:11:46,22,N,Non-Peak,24.194738914401945
2025-09-01 18:19:11,18,N,Non-Peak,0.0
2026-09-14 10:25:26,10,E,Non-Peak,27.02500330169106
2026-09-26 17:41:47,17,E,Peak,13.907773237208248
2026-09-28 13:20:18,13,N,Non-Peak,20.153218528608885
2026-09-23 19:22:55,19,N,Non-Peak,23.068810732801865
2025-09-03 17:38:58,17,N,Peak,0.0
2026-09-26 07:38:39,7,S,Non-Peak,20.28306718273192
2025-09-28 16:15:17,16,N,Peak,0.0
2025-09-20 18:09:29,18,N,Non-Peak,0.0
2026-09-26 19:44:53,19,S,Non-Peak,22.00699145722243
2025-09-24 17:55:14,17,N,Peak,0.0
2026-09-15 16:58:41,16,S,Peak,15.37486770454942
2026-09-17 05:26:07,5,W,Non-Peak,21.707431592672904
2026-09-08 19:39:32,19,N,Non-Peak,28.58928775835317
2025-09-13 18:53:55,18,N,Non-Peak,0.0
2026-09-10 17:48:46,17,S,Peak,18.259821386385084
2026-09-06 21:23:37,21,W,Non-Peak,27.262994997795804
2025-09-13 16:36:27,16,N,Peak,0.0
2026-09-07 04:52:55,4,E,Non-Peak,23.373384655347927
2026-09-03 03:36:58,3,S,Non-Peak,21.91786689676409
2026-09-19 09:03:41,9,E,Non-Peak,24.809338863065395
2026-09-10 11:24:29,11,N,Non-Peak,24.63437799898887
2026-09-26 23:47:05,23,E,Non-Peak,25.82627024351968
2025-09-16 16:49:51,16,N,Peak,0.0
2026-09-14 09:58:01,9,E,Non-Peak,21.204041783427023
2026-09-30 17:58:33,17,W,Peak,13.96375039670894
2026-09-25 22:50:45,22,S,Non-Peak,24.75273060540307
2026-09-30 19:49:31,19,N,Non-Peak,24.68955516909504
2026-09-30 13:49:11,13,N,Non-Peak,24.2444493639094
2026-09-22 14:05:43,14,S,Non-Peak,26.20879899623929
2026-09-06 01:31:11,1,E,Non-Peak,20.52529153780325
2025-09-18 16:43:24,16,N,Peak,0.0
2026-09-30 03:18:52,3,W,Non-Peak,26.920820596431064
2025-09-27 16:30:14,16,N,Peak,0.0
2025-09-24 18:55:32,18,N,Non-Peak,0.0
2026-09-16 13:50:01,13,W,Non-Peak,28.80908954076789
2026-09-01 07:34:20,7,E,Non-Peak,29.31609179051924
2026-09-01 02:16:35,2,W,Non-Peak,29.713624200469184
2026-09-16 08:33:19,8,E,Non-Peak,26.446025417910484
2026-09-23 06:35:20,6,N,Non-Peak,27.16201426780286
2025-09-16 18:53:50,18,N,Non-Peak,0.0
2026-09-26 05:29:03,5,W,Non-Peak,23.269094717210194
2026-09-30 01:09:17,1,E,Non-Peak,27.629336370415867
2026-09-05 18:30:40,18,N,Non-Peak,29.679521836900214
2025-09-07 18:40:56,18,N,Non-Peak,0.0
2025-09-16 18:10:17,18,N,Non-Peak,0.0
2026-09-14 10:59:13,10,W,Non-Peak,22.7408027560174
2026-09-02 01:40:52,1,E,Non-Peak,20.76666334635387
2025-09-15 16:46:00,16,N,Peak,0.0
2026-09-27 19:15:17,19,S,Non-Peak,29.84716006804895
2025-09-04 16:48:34,16,N,Peak,0.0
2026-09-03 22:46:40,22,E,Non-Peak,29.799261636903392
2026-09-01 02:36:14,2,N,Non-Peak,29.200315168741238
2026-09-08 14:10:00,14,S,Non-Peak,23.5359767237614
2026-09-25 19:55:15,19,S,Non-Peak,22.413641961212672
2026-09-24 12:14:28,12,N,Non-Peak,28.73905880333913
2025-09-05 17:13:17,17,N,Peak,0.0
2025-09-19 18:37:06,18,N,Non-Peak,0.0
2026-09-06 08:37:19,8,E,Non-Peak,26.36064854437761
2026-09-30 17:39:51,17,W,Peak,14.324498673839338
2026-09-12 09:19:27,9,S,Non-Peak,22.360891545083376
2026-09-25 10:37:26,10,S,Non-Peak,23.512919338190954
2026-09-17 01:14:17,1,E,Non-Peak,25.49854406157405
2025-09-20 17:27:24,17,N,Peak,0.0
2026-09-23 06:27:01,6,W,Non-Peak,29.153766271020192
2025-09-22 17:36:22,17,N,Peak,0.0
2026-09-30 23:39:43,23,W,Non-Peak,25.71312013157579
2025-09-06 18:27:17,18,N,Non-Peak,0.0
2026-09-30 18:17:37,18,S,Non-Peak,27.689794884179157
2026-09-21 12:22:45,12,S,Non-Peak,22.204835569271843
2025-09-04 17:59:04,17,N,Peak,0.0
2026-09-24 18:26:47,18,E,Non-Peak,26.134286916209398
2026-09-07 00:28:36,0,W,Non-Peak,26.814376661564065
2026-09-09 04:19:06,4,W,Non-Peak,28.845392004129284
2025-09-23 18:41:17,18,N,Non-Peak,0.0
2026-09-10 01:12:33,1,N,Non-Peak,29.541105432154275
2026-09-17 22:56:30,22,E,Non-Peak,22.40091429181672
2026-09-19 11:35:54,11,W,Non-Peak,22.311358520859308
2026-09-19 14:32:27,14,S,Non-Peak,25.168859004711138
2026-09-13 06:04:07,6,E,Non-Peak,21.31062630884767
2025-09-08 18:00:34,18,N,Non-Peak,0.0
2026-09-05 08:29:01,8,W,Non-Peak,22.194327487956304
2026-09-25 15:35:43,15,N,Non-Peak,26.32879242998868
2026-09-04 03:19:31,3,W,Non-Peak,27.480067375057136
2025-09-16 16:06:56,16,N,Peak,0.0
2026-09-02 20:41:26,20,W,Non-Peak,20.007873746941385
2025-09-18 17:43:40,17,N,Peak,0.0
2026-09-12 18:07:48,18,S,Non-Peak,22.559088686400557
2026-09-20 05:08:36,5,W,Non-Peak,22.62408785379789
2025-09-27 18:27:24,18,N,Non-Peak,0.0
2026-09-11 16:06:07,16,N,Peak,15.058130986520728
2026-09-29 18:07:33,18,E,Non-Peak,28.66742200432858
2025-09-07 17:00:07,17,N,Peak,0.0
2026-09-09 08:12:37,8,N,Non-Peak,26.16150341144152
2026-09-19 11:10:03,11,N,Non-Peak,21.45754427769617
2026-09-17 14:34:45,14,S,Non-Peak,23.90137047110024
2026-09-20 14:28:04,14,E,Non-Peak,28.637654605257733
2026-09-11 16:37:43,16,S,Peak,16.83956584227483
2026-09-14 01:16:44,1,W,Non-Peak,29.57555767490784
2026-09-18 01:09:37,1,N,Non-Peak,26.288562839077773
2025-09-01 16:44:46,16,N,Peak,0.0
2026-09-25 07:41:36,7,N,Non-Peak,23.337962058741137
2026-09-07 13:20:41,13,W,Non-Peak,28.140708055711208
2025-09-28 16:07:48,16,N,Peak,0.0
2026-09-09 08:20:27,8,W,Non-Peak,23.360821432513696
2026-09-25 20:29:50,20,N,Non-Peak,21.41796553482749
2026-09-12 02:45:39,2,N,Non-Peak,26.670772219064094
2026-09-26 13:14:34,13,E,Non-Peak,23.137625329511163
2025-09-02 17:41:20,17,N,Peak,0.0
2026-09-01 18:35:34,18,N,Non-Peak,29.32971811440282
2025-09-28 16:56:24,16,N,Peak,0.0
2026-09-01 02:20:36,2,N,Non-Peak,22.840427077679216
2025-09-07 16:43:14,16,N,Peak,0.0
2026-09-22 00:26:23,0,W,Non-Peak,24.774432525830157
2026-09-18 09:57:07,9,S,Non-Peak,22.46679124917928
2026-09-14 22:18:27,22,W,Non-Peak,25.23437450628093
2026-09-27 16:28:22,16,N,Peak,14.104831167342075
2025-09-06 17:25:30,17,N,Peak,0.0
2025-09-27 16:14:38,16,N,Peak,0.0
2026-09-09 12:58:01,12,W,Non-Peak,23.941117270227103
2026-09-19 08:42:19,8,S,Non-Peak,23.457780204591096
2026-09-29 10:16:49,10,W,Non-Peak,21.615777531671284
2026-09-21 22:25:52,22,W,Non-Peak,29.93201430773981
2026-09-04 10:20:53,10,N,Non-Peak,21.248997122688333
2026-09-06 00:14:24,0,W,Non-Peak,29.598403914316265
2026-09-02 00:05:21,0,E,Non-Peak,25.818672984441665
2026-09-18 18:56:14,18,E,Non-Peak,21.78489975025639
2025-09-16 17:07:15,17,N,Peak,0.0
2025-09-29 18:23:17,18,N,Non-Peak,0.0
2026-09-03 14:11:12,14,N,Non-Peak,22.48219718388785
2026-09-16 19:53:33,19,N,Non-Peak,23.187047249041623
2025-09-20 17:52:25,17,N,Peak,0.0
2026-09-21 07:33:59,7,E,Non-Peak,25.71376196183396
2026-09-01 13:35:42,13,W,Non-Peak,24.803520074944053
2026-09-02 16:43:06,16,N,Peak,17.046104389319915
2026-09-30 07:21:36,7,W,Non-Peak,20.93841788463069
2025-09-26 16:37:46,16,N,Peak,0.0
2025-09-20 17:18:21,17,N,Peak,0.0
2026-09-26 17:48:55,17,W,Peak,12.169621264543975
2025-09-16 17:19:52,17,N,Peak,0.0
2026-09-22 18:18:27,18,E,Non-Peak,24.74973258551818
2025-09-03 18:33:32,18,N,Non-Peak,0.0
2026-09-13 20:21:00,20,S,Non-Peak,29.82509569871135
2026-09-07 15:01:42,15,N,Non-Peak,20.803763844920148
2026-09-19 22:24:34,22,N,Non-Peak,24.29855975039928
2026-09-18 14:20:39,14,N,Non-Peak,29.262950368975464
2026-09-17 03:06:58,3,W,Non-Peak,27.833096909337428
2025-09-01 18:57:45,18,N,Non-Peak,0.0
2026-09-14 10:35:05,10,W,Non-Peak,23.006111611362325
2025-09-08 18:04:46,18,N,Non-Peak,0.0
2026-09-10 05:52:25,5,W,Non-Peak,20.008546262217884
2026-09-25 19:00:36,19,E,Non-Peak,23.603034076351275
2025-09-10 17:41:07,17,N,Peak,0.0
2025-09-07 17:59:13,17,N,Peak,0.0
2026-09-07 19:58:49,19,W,Non-Peak,20.562937317848768
2026-09-07 11:11:05,11,S,Non-Peak,22.21517028168895
2026-09-29 23:45:05,23,N,Non-Peak,28.14836888632488
2025-09-13 16:39:04,16,N,Peak,0.0
2026-09-08 16:32:23,16,W,Peak,18.433321537135093
2026-09-23 14:58:52,14,E,Non-Peak,23.2066104137234
2026-09-25 10:16:00,10,N,Non-Peak,28.355921143683588
2026-09-07 19:00:25,19,N,Non-Peak,29.61928587784879
2026-09-22 03:52:13,3,E,Non-Peak,26.482463534701274
2026-09-04 14:28:07,14,W,Non-Peak,26.864913493594837
2026-09-10 07:10:25,7,N,Non-Peak,26.30396583892889
2025-09-06 16:57:12,16,N,Peak,0.0
2025-09-24 18:32:38,18,N,Non-Peak,0.0
2026-09-03 22:25:41,22,W,Non-Peak,24.980336958901272
2026-09-05 02:07:10,2,S,Non-Peak,22.01799671776609
2026-09-29 18:13:50,18,E,Non-Peak,24.70952743594372
2025-09-24 16:25:31,16,N,Peak,0.0
2026-09-26 02:32:45,2,W,Non-Peak,27.19988044512213
2026-09-30 07:44:48,7,W,Non-Peak,29.058608941748037
2025-09-09 16:35:24,16,N,Peak,0.0
2026-09-08 14:27:20,14,W,Non-Peak,24.069683055452103
2025-09-10 16:20:24,16,N,Peak,0.0
2026-09-18 19:44:59,19,E,Non-Peak,27.32039826553971
2025-09-27 16:22:40,16,N,Peak,0.0
2026-09-30 17:01:12,17,S,Peak,18.996046412317327
2026-09-01 02:24:04,2,S,Non-Peak,22.101174746863727
2026-09-01 23:34:22,23,S,Non-Peak,21.46178302397199
2026-09-10 02:19:58,2,E,Non-Peak,22.714926264649907
2026-09-07 22:28:30,22,S,Non-Peak,21.162198010583623
2026-09-22 00:02:46,0,E,Non-Peak,20.56757506870865
2026-09-29 18:29:29,18,E,Non-Peak,20.996108567208907
2026-09-08 05:09:31,5,W,Non-Peak,22.796527553977167
2026-09-06 14:07:11,14,E,Non-Peak,24.93246362791565
2026-09-04 06:59:52,6,N,Non-Peak,27.774324092383026
2026-09-07 19:05:12,19,W,Non-Peak,28.67501266994205
2026-09-22 23:47:14,23,S,Non-Peak,26.301159439522586
2025-09-15 17:05:41,17,N,Peak,0.0
2026-09-01 17:13:43,17,W,Peak,15.829580530466927
2026-09-06 17:10:24,17,W,Peak,19.70101673312123
2026-09-17 16:30:53,16,W,Peak,14.835790045811734
2026-09-16 06:23:01,6,N,Non-Peak,26.436761098465677
2026-09-16 12:48:57,12,S,Non-Peak,26.784588631269123
2025-09-26 16:42:08,16,N,Peak,0.0
2025-09-12 18:09:35,18,N,Non-Peak,0.0
2026-09-28 06:57:39,6,W,Non-Peak,26.836019822702347
2026-09-10 04:09:57,4,N,Non-Peak,29.04107922689908
2026-09-25 20:52:19,20,W,Non-Peak,21.318260141080568
2026-09-02 05:58:24,5,N,Non-Peak,27.66185204105905
2026-09-27 15:58:57,15,E,Non-Peak,29.8575958311902
2025-09-09 18:21:11,18,N,Non-Peak,0.0
2026-09-01 02:41:31,2,N,Non-Peak,23.18609401428901
2025-09-07 16:01:41,16,N,Peak,0.0
2025-09-26 16:03:52,16,N,Peak,0.0
2025-09-16 17:12:50,17,N,Peak,0.0
2026-09-14 16:12:25,16,N,Peak,15.896375843789189
2026-09-18 05:44:24,5,S,Non-Peak,23.430266185660912
2026-09-03 04:15:52,4,N,Non-Peak,23.915223717801894
2025-09-01 18:21:00,18,N,Non-Peak,0.0
2026-09-22 02:51:41,2,N,Non-Peak,24.99385603745068
2025-09-29 16:38:52,16,N,Peak,0.0
2026-09-25 23:34:24,23,W,Non-Peak,25.34906534980236
2026-09-18 07:19:44,7,S,Non-Peak,28.786268086612612
2026-09-24 12:54:12,12,S,Non-Peak,28.63690029043149
2026-09-14 04:31:23,4,W,Non-Peak,21.3354561233028
2026-09-23 21:29:31,21,N,Non-Peak,29.090958653028046
2026-09-09 01:29:12,1,N,Non-Peak,25.51966732293468
2025-09-11 16:46:38,16,N,Peak,0.0
2026-09-09 23:46:01,23,W,Non-Peak,26.87385315390555
2025-09-29 16:06:59,16,N,Peak,0.0
2026-09-10 11:39:16,11,N,Non-Peak,29.31801965922688
2026-09-23 01:00:10,1,S,Non-Peak,28.378026966198867
2026-09-19 09:31:25,9,S,Non-Peak,22.46340062251705
2026-09-08 14:03:50,14,W,Non-Peak,20.350535068692302
2026-09-27 18:52:58,18,S,Non-Peak,21.81024753673688
2025-09-05 16:16:11,16,N,Peak,0.0
2025-09-04 16:03:47,16,N,Peak,0.0
2026-09-08 21:41:36,21,N,Non-Peak,24.648418017997383
2026-09-07 03:23:18,3,S,Non-Peak,26.26092965732697
2026-09-13 01:49:16,1,W,Non-Peak,29.92810849008697
2026-09-27 03:22:38,3,E,Non-Peak,20.615724656164744
2026-09-03 13:49:35,13,E,Non-Peak,27.409769376367628
2026-09-13 20:07:26,20,N,Non-Peak,24.260255393480893
2026-09-16 16:30:56,16,S,Peak,12.130765418123
2026-09-24 01:25:47,1,S,Non-Peak,28.58862603802124
2025-09-07 16:16:07,16,N,Peak,0.0
2026-09-26 05:10:01,5,S,Non-Peak,23.2321142904169
2026-09-17 08:34:27,8,S,Non-Peak,26.907849261280177
2026-09-03 22:42:04,22,S,Non-Peak,20.0710156773682
2026-09-26 05:54:20,5,E,Non-Peak,27.6485979065716
2026-09-03 19:41:03,19,N,Non-Peak,25.262322883057585
2025-09-24 17:56:57,17,N,Peak,0.0
2026-09-24 01:20:33,1,N,Non-Peak,29.080485477503697
2026-09-21 14:03:26,14,N,Non-Peak,27.458472328350044
2026-09-15 09:12:39,9,W,Non-Peak,25.938534419134747
2025-09-08 18:48:55,18,N,Non-Peak,0.0
2025-09-09 17:58:03,17,N,Peak,0.0
2026-09-15 18:05:14,18,N,Non-Peak,24.349417490940404
2025-09-12 18:13:41,18,N,Non-Peak,0.0
2025-09-02 17:24:22,17,N,Peak,0.0
2026-09-18 17:37:35,17,N,Peak,16.07224123390661
2026-09-03 20:01:46,20,E,Non-Peak,26.14810768546289
2026-09-01 17:31:04,17,W,Peak,19.18213633250083
2026-09-22 12:50:39,12,E,Non-Peak,20.68489216770189
2025-09-21 16:52:27,16,N,Peak,0.0
2026-09-07 02:59:06,2,S,Non-Peak,27.90773176812307
2025-09-10 17:27:02,17,N,Peak,0.0
2025-09-09 18:33:15,18,N,Non-Peak,0.0
2026-09-08 20:26:15,20,S,Non-Peak,23.070909211462048
2025-09-27 16:34:52,16,N,Peak,0.0
2026-09-22 21:56:33,21,N,Non-Peak,24.188123404601267
2026-09-21 10:49:50,10,W,Non-Peak,24.2566335284436
2025-09-10 17:18:34,17,N,Peak,0.0
2026-09-13 19:32:48,19,E,Non-Peak,23.53173451362824
2026-09-24 05:19:42,5,S,Non-Peak,28.63924472082091
2026-09-02 01:09:33,1,S,Non-Peak,28.981018170742335
2025-09-24 18:53:27,18,N,Non-Peak,0.0
2025-09-18 16:13:35,16,N,Peak,0.0
2026-09-26 20:38:35,20,W,Non-Peak,23.308597317863494
2026-09-29 18:47:26,18,E,Non-Peak,27.044838846336862
2026-09-27 16:05:59,16,S,Peak,19.88026356207096
2026-09-08 03:31:55,3,E,Non-Peak,22.559085762657656
2026-09-24 23:38:56,23,N,Non-Peak,25.76618323381028
2025-09-29 18:20:29,18,N,Non-Peak,0.0
2025-09-15 16:35:10,16,N,Peak,0.0
2025-09-27 17:49:37,17,N,Peak,0.0
2026-09-24 12:33:51,12,N,Non-Peak,23.476527343794512
2026-09-29 08:13:44,8,N,Non-Peak,29.98632093749956
2025-09-13 17:22:50,17,N,Peak,0.0
2026-09-03 16:25:02,16,S,Peak,13.70076476601983
2026-09-22 08:52:24,8,E,Non-Peak,25.46887785836988
2026-09-20 12:50:48,12,E,Non-Peak,21.61223564528967
2026-09-10 16:43:36,16,W,Peak,13.553452136470252
2026-09-14 22:41:51,22,W,Non-Peak,28.218177444632797
2025-09-02 16:18:07,16,N,Peak,0.0
2026-09-02 22:04:45,22,E,Non-Peak,20.671716610251604
2026-09-15 15:14:46,15,W,Non-Peak,22.522264247071988
2026-09-10 17:50:39,17,N,Peak,15.764258624402762
2026-09-25 17:45:56,17,W,Peak,18.24545619031915
2026-09-30 00:45:22,0,N,Non-Peak,21.040603006940746
2026-09-12 06:33:33,6,S,Non-Peak,25.56841082370056
2026-09-06 21:07:24,21,N,Non-Peak,25.91928307890319
2026-09-08 10:52:19,10,S,Non-Peak,23.738668614269173
2026-09-15 09:00:48,9,W,Non-Peak,28.315368452120666
2025-09-21 17:19:12,17,N,Peak,0.0
2026-09-12 10:09:20,10,W,Non-Peak,29.832581556103943
2025-09-29 18:48:45,18,N,Non-Peak,0.0
2026-09-10 18:54:14,18,E,Non-Peak,23.89908590260761
2026-09-28 10:59:22,10,N,Non-Peak,27.09716375465159
2026-09-02 01:35:40,1,N,Non-Peak,22.9900701356641
2026-09-26 21:34:47,21,N,Non-Peak,29.051817459869785
2026-09-06 02:19:22,2,E,Non-Peak,23.356361449210578
2026-09-16 21:52:55,21,S,Non-Peak,29.405176881042472
2025-09-13 17:45:41,17,N,Peak,0.0
2025-09-04 18:35:26,18,N,Non-Peak,0.0
2026-09-09 09:38:49,9,N,Non-Peak,22.151102763605333
2026-09-17 06:25:12,6,E,Non-Peak,26.343666585400825
2026-09-26 20:32:21,20,S,Non-Peak,26.460991050649994
2026-09-28 23:09:19,23,S,Non-Peak,28.17588846786016
2025-09-06 18:00:47,18,N,Non-Peak,0.0
2025-09-20 16:52:45,16,N,Peak,0.0
2026-09-24 18:28:59,18,E,Non-Peak,26.07279546321545
2025-09-21 18:54:10,18,N,Non-Peak,0.0
2025-09-15 17:52:36,17,N,Peak,0.0
2026-09-14 01:14:13,1,N,Non-Peak,26.827284408147364
2026-09-28 21:16:24,21,S,Non-Peak,26.07888992825376
2026-09-30 23:01:35,23,E,Non-Peak,26.695584915832534
2026-09-24 10:54:34,10,W,Non-Peak,22.780218763425435
2026-09-14 13:19:11,13,W,Non-Peak,25.08562721634452
2025-09-13 17:18:28,17,N,Peak,0.0
2026-09-07 18:06:56,18,S,Non-Peak,29.88271380216477
2026-09-19 02:28:39,2,E,Non-Peak,20.929734259258304
2026-09-30 04:40:45,4,E,Non-Peak,28.362933144586783
2025-09-20 17:46:44,17,N,Peak,0.0
2025-09-28 18:58:54,18,N,Non-Peak,0.0
2026-09-14 12:15:59,12,S,Non-Peak,26.25452738772226
2026-09-13 03:55:32,3,W,Non-Peak,29.890020484135484
2026-09-25 06:12:12,6,S,Non-Peak,26.69024805058833
2026-09-24 09:52:13,9,E,Non-Peak,28.09396075648132
2025-09-02 16:43:31,16,N,Peak,0.0
2026-09-21 14:40:24,14,N,Non-Peak,24.82567571230293
2025-09-05 17:55:57,17,N,Peak,0.0
2025-09-28 17:48:07,17,N,Peak,0.0
2025-09-05 18:42:57,18,N,Non-Peak,0.0
2026-09-29 02:36:53,2,W,Non-Peak,27.55036719335737
2025-09-19 17:49:58,17,N,Peak,0.0
2026-09-22 05:36:35,5,E,Non-Peak,22.021563277449467
2026-09-13 22:45:07,22,S,Non-Peak,23.47359903655769
2026-09-09 10:44:03,10,N,Non-Peak,29.969816921917097
2026-09-05 08:46:45,8,N,Non-Peak,23.894501016776392
2025-09-11 17:41:31,17,N,Peak,0.0
2026-09-12 12:05:42,12,W,Non-Peak,23.767942954356435
2026-09-26 04:51:25,4,E,Non-Peak,23.85118039590037
2025-09-30 16:35:03,16,N,Peak,0.0
2026-09-24 17:21:15,17,S,Peak,17.142929155578372
2026-09-06 01:39:43,1,N,Non-Peak,20.492480460914507
2026-09-09 05:33:59,5,S,Non-Peak,24.025372822668096
2026-09-14 23:59:55,23,S,Non-Peak,20.905287033905367
2026-09-01 06:08:54,6,N,Non-Peak,26.90577635496844
2026-09-25 21:47:07,21,S,Non-Peak,29.983349208807923
2026-09-07 04:24:04,4,E,Non-Peak,29.6579550559443
2026-09-30 23:04:29,23,W,Non-Peak,20.31903188530799
2026-09-02 20:35:50,20,W,Non-Peak,29.400301234869616
2026-09-28 00:41:39,0,W,Non-Peak,27.11608227701729
2026-09-03 03:10:13,3,E,Non-Peak,28.750210793102543
2025-09-04 17:55:06,17,N,Peak,0.0
2025-09-15 18:14:05,18,N,Non-Peak,0.0
2025-09-16 16:40:16,16,N,Peak,0.0
2026-09-14 17:56:21,17,E,Peak,16.38582186591615
2026-09-05 11:12:15,11,E,Non-Peak,21.675344981194403
2026-09-20 22:48:17,22,W,Non-Peak,25.57465416773927
2025-09-15 16:12:59,16,N,Peak,0.0
2025-09-19 18:38:41,18,N,Non-Peak,0.0
2026-09-02 14:30:23,14,W,Non-Peak,21.942341823963663
2026-09-24 08:49:22,8,W,Non-Peak,26.881613481490145
2026-09-19 05:04:32,5,S,Non-Peak,28.82095973661872
2026-09-15 06:59:09,6,S,Non-Peak,21.41135318358879
2025-09-16 18:15:13,18,N,Non-Peak,0.0
2026-09-09 07:10:30,7,E,Non-Peak,23.534896560800785
2025-09-27 18:30:55,18,N,Non-Peak,0.0
2026-09-01 03:57:13,3,N,Non-Peak,23.772899038606685
2026-09-18 04:25:02,4,S,Non-Peak,28.21110157258264
2026-09-19 15:49:52,15,S,Non-Peak,20.419701794065404
2026-09-19 02:26:48,2,N,Non-Peak,28.811924700536537
2026-09-04 10:48:05,10,S,Non-Peak,22.715613876066115
2025-09-15 17:38:32,17,N,Peak,0.0
2025-09-21 18:33:37,18,N,Non-Peak,0.0
2025-09-13 17:18:59,17,N,Peak,0.0
2025-09-27 16:20:00,16,N,Peak,0.0
2026-09-28 19:41:34,19,E,Non-Peak,27.58129694827289
2026-09-11 09:15:38,9,E,Non-Peak,20.40389587342965
2025-09-26 16:21:23,16,N,Peak,0.0
2025-09-18 18:56:09,18,N,Non-Peak,0.0
2025-09-24 17:43:27,17,N,Peak,0.0
2026-09-23 20:49:01,20,W,Non-Peak,29.5565006057297
2025-09-24 17:01:48,17,N,Peak,0.0
2025-09-10 16:25:19,16,N,Peak,0.0
2026-09-21 13:25:47,13,W,Non-Peak,28.645836721217364
2026-09-19 09:35:30,9,N,Non-Peak,27.126320172265142
2026-09-05 18:06:10,18,S,Non-Peak,20.12380222795347
2026-09-30 00:17:14,0,N,Non-Peak,20.71815891532292
2025-09-18 17:14:23,17,N,Peak,0.0
2026-09-16 11:50:05,11,N,Non-Peak,25.896695830269373
2026-09-03 20:01:44,20,N,Non-Peak,21.433068155569124
2026-09-15 07:14:32,7,E,Non-Peak,20.990140295611493
2026-09-07 10:56:16,10,S,Non-Peak,24.03043037786116
2026-09-28 14:50:55,14,W,Non-Peak,20.899998067123555
2025-09-10 16:32:42,16,N,Peak,0.0
2026-09-03 14:20:03,14,W,Non-Peak,23.71573279031672
2025-09-01 17:26:29,17,N,Peak,0.0
2026-09-27 02:25:04,2,E,Non-Peak,23.63455467283193
2026-09-02 09:49:12,9,W,Non-Peak,21.537043048211014
2026-09-29 03:30:42,3,E,Non-Peak,24.48371689035742
2025-09-06 16:00:25,16,N,Peak,0.0
2026-09-03 18:28:29,18,S,Non-Peak,28.570857473158696
2025-09-19 16:22:15,16,N,Peak,0.0
2026-09-12 09:33:10,9,E,Non-Peak,21.623319148322445
2026-09-04 00:55:45,0,N,Non-Peak,27.234536564867348
2026-09-13 05:39:48,5,W,Non-Peak,22.059063221759477
2025-09-08 17:30:02,17,N,Peak,0.0
2026-09-01 01:14:11,1,S,Non-Peak,21.267830660795045
2025-09-10 16:28:56,16,N,Peak,0.0
2026-09-04 15:20:08,15,N,Non-Peak,29.482467048874884
2025-09-16 17:12:38,17,N,Peak,0.0
2026-09-02 19:49:00,19,S,Non-Peak,20.80477107042909
2025-09-16 17:03:43,17,N,Peak,0.0
2026-09-18 00:09:45,0,W,Non-Peak,29.862613288688102
2026-09-16 09:06:13,9,S,Non-Peak,26.173928524695636
2026-09-28 07:01:07,7,E,Non-Peak,26.19105791724916
2025-09-13 18:52:15,18,N,Non-Peak,0.0
2025-09-28 17:21:22,17,N,Peak,0.0
2026-09-08 22:07:08,22,N,Non-Peak,29.17270310096061
2026-09-08 05:53:12,5,W,Non-Peak,23.720794723113958
2026-09-20 00:33:46,0,E,Non-Peak,22.45527474397638
2026-09-09 09:27:55,9,W,Non-Peak,27.64686041068668
2026-09-03 13:17:46,13,E,Non-Peak,26.803816745114744
2026-09-26 05:04:33,5,E,Non-Peak,28.863609133096418
2025-09-09 18:37:49,18,N,Non-Peak,0.0
2026-09-10 08:24:54,8,E,Non-Peak,28.80782440969756
2025-09-11 17:14:56,17,N,Peak,0.0
2026-09-29 19:09:47,19,S,Non-Peak,21.66398150576724
2026-09-09 07:57:24,7,E,Non-Peak,21.83829002055932
2026-09-09 18:32:16,18,W,Non-Peak,25.538149543198536
2025-09-27 16:01:51,16,N,Peak,0.0
2026-09-19 12:57:56,12,N,Non-Peak,27.113102405111004
2026-09-07 03:59:57,3,S,Non-Peak,23.843514533861125
2026-09-02 14:08:37,14,E,Non-Peak,22.69437565164587
2026-09-07 14:24:55,14,S,Non-Peak,24.499869627704957
2026-09-19 03:51:57,3,S,Non-Peak,24.367124519270277
2026-09-14 14:38:40,14,S,Non-Peak,29.73257549471986
2026-09-06 20:00:06,20,N,Non-Peak,29.83557367605076
2026-09-10 20:41:04,20,N,Non-Peak,23.50208864316204
2026-09-21 06:23:13,6,W,Non-Peak,22.692461248683163
2026-09-02 15:14:58,15,E,Non-Peak,26.02501193485915
2026-09-25 08:29:02,8,W,Non-Peak,20.813070284751124
2025-09-01 16:43:20,16,N,Peak,0.0
2025-09-27 17:55:04,17,N,Peak,0.0
2025-09-29 17:31:04,17,N,Peak,0.0
2026-09-26 03:54:52,3,N,Non-Peak,24.30386302041584
2025-09-30 17:41:06,17,N,Peak,0.0
2025-09-24 17:52:28,17,N,Peak,0.0
2026-09-30 06:05:51,6,N,Non-Peak,28.194778448703254
2026-09-10 21:45:22,21,S,Non-Peak,21.156927927036023
2025-09-28 16:37:10,16,N,Peak,0.0
2026-09-04 19:52:42,19,W,Non-Peak,21.42029361346056
2026-09-23 06:03:48,6,S,Non-Peak,21.919686739126732
2025-09-21 18:07:02,18,N,Non-Peak,0.0
2025-09-03 17:35:46,17,N,Peak,0.0
2026-09-15 12:31:11,12,S,Non-Peak,20.61532091614219
2026-09-30 12:33:31,12,E,Non-Peak,23.379981105558844
2026-09-25 08:48:48,8,W,Non-Peak,27.97819370460793
2025-09-05 18:39:34,18,N,Non-Peak,0.0
2025-09-12 17:12:55,17,N,Peak,0.0
2025-09-12 18:14:34,18,N,Non-Peak,0.0
2025-09-26 17:57:57,17,N,Peak,0.0
2026-09-17 23:08:15,23,E,Non-Peak,29.862477214900156
2026-09-08 12:04:09,12,E,Non-Peak,22.484712108672305
2026-09-27 02:51:53,2,N,Non-Peak,20.57488240863797
2026-09-23 03:32:51,3,E,Non-Peak,20.99940549585169
2026-09-25 00:05:47,0,E,Non-Peak,26.98565831664834
2026-09-13 05:48:58,5,W,Non-Peak,20.975085686069875
2026-09-30 16:19:43,16,N,Peak,10.230067793998892
2025-09-12 16:47:55,16,N,Peak,0.0
2025-09-10 17:54:10,17,N,Peak,0.0
2026-09-17 12:09:15,12,E,Non-Peak,24.461438795305888
2026-09-07 14:13:34,14,S,Non-Peak,24.334721936071865
2025-09-16 16:45:40,16,N,Peak,0.0
2026-09-13 22:20:56,22,W,Non-Peak,24.25455945152314
2026-09-07 00:16:09,0,N,Non-Peak,25.016753427590988
2026-09-12 22:09:23,22,N,Non-Peak,27.86203909001191
2026-09-12 08:21:13,8,W,Non-Peak,21.24073794871319
2026-09-04 06:06:18,6,E,Non-Peak,27.633355417203155
2025-09-26 17:29:12,17,N,Peak,0.0
2026-09-20 06:44:45,6,W,Non-Peak,21.377682350839702
2026-09-12 16:45:17,16,W,Peak,14.609752904604948
2026-09-29 22:08:57,22,N,Non-Peak,26.48714552678083
2026-09-10 23:25:51,23,W,Non-Peak,20.777285640815386
2025-09-22 18:57:49,18,N,Non-Peak,0.0
2026-09-02 23:39:42,23,E,Non-Peak,26.54755458259558
2025-09-10 18:26:59,18,N,Non-Peak,0.0
2026-09-16 15:17:23,15,S,Non-Peak,28.578655820652024
2026-09-21 17:56:23,17,N,Peak,13.401018254413302
2026-09-06 23:14:33,23,E,Non-Peak,20.88746192506116
2025-09-01 18:41:26,18,N,Non-Peak,0.0
2026-09-05 06:40:08,6,N,Non-Peak,27.738869597498077
2025-09-16 18:58:30,18,N,Non-Peak,0.0
2026-09-10 16:28:16,16,N,Peak,16.799917879678397
2026-09-22 14:28:09,14,W,Non-Peak,23.262037948673832
2026-09-06 23:31:17,23,W,Non-Peak,20.070781489451875
2026-09-03 21:54:32,21,E,Non-Peak,22.782899029993303
2025-09-22 16:43:21,16,N,Peak,0.0
2026-09-01 00:15:05,0,E,Non-Peak,25.007233279548803
2025-09-24 16:51:24,16,N,Peak,0.0
2025-09-12 17:27:20,17,N,Peak,0.0
2025-09-19 18:48:28,18,N,Non-Peak,0.0
2026-09-08 01:55:58,1,S,Non-Peak,21.10252823341798
2026-09-18 14:52:23,14,N,Non-Peak,27.190813809044137
2026-09-11 01:30:10,1,S,Non-Peak,20.78915020234544
2026-09-25 18:24:25,18,S,Non-Peak,23.73483856757272
2025-09-06 17:36:46,17,N,Peak,0.0
2026-09-18 05:21:49,5,N,Non-Peak,24.778669823930706
2025-09-01 18:05:03,18,N,Non-Peak,0.0
2025-09-26 17:51:23,17,N,Peak,0.0
2025-09-04 18:55:49,18,N,Non-Peak,0.0
2026-09-05 06:12:36,6,N,Non-Peak,28.007337684612025
2025-09-27 18:55:44,18,N,Non-Peak,0.0
2025-09-28 16:47:08,16,N,Peak,0.0
2025-09-15 16:03:30,16,N,Peak,0.0
2025-09-02 17:30:52,17,N,Peak,0.0
2026-09-19 03:24:57,3,W,Non-Peak,29.786820623659708
2026-09-13 10:12:52,10,N,Non-Peak,26.69597254373096
2025-09-23 17:33:20,17,N,Peak,0.0
2026-09-23 03:48:36,3,W,Non-Peak,29.89954629319592
2026-09-23 16:11:01,16,S,Peak,14.50348199304412
2026-09-10 21:43:11,21,S,Non-Peak,27.303819514624603
2025-09-23 16:43:13,16,N,Peak,0.0
2026-09-13 14:36:29,14,E,Non-Peak,29.957356713957186
2025-09-11 18:50:55,18,N,Non-Peak,0.0
2025-09-18 17:01:38,17,N,Peak,0.0
2025-09-13 16:24:05,16,N,Peak,0.0
2026-09-04 09:41:49,9,N,Non-Peak,26.739329149348325
2026-09-27 02:22:45,2,N,Non-Peak,25.96381342194924
2026-09-29 18:22:19,18,N,Non-Peak,29.816645132726208
2025-09-27 16:46:46,16,N,Peak,0.0
2026-09-07 02:02:00,2,N,Non-Peak,22.860998765884307
2026-09-20 07:36:09,7,E,Non-Peak,22.187230396682686
2026-09-17 00:28:27,0,E,Non-Peak,27.604900497959868
2026-09-06 06:35:37,6,N,Non-Peak,23.1367544933248
2026-09-23 00:49:31,0,N,Non-Peak,21.136075506544927
2025-09-22 18:34:30,18,N,Non-Peak,0.0
2026-09-25 23:00:16,23,E,Non-Peak,26.846310214095567
2025-09-28 16:48:03,16,N,Peak,0.0
2025-09-27 18:44:44,18,N,Non-Peak,0.0
2026-09-10 22:03:31,22,S,Non-Peak,20.992959294931087
2025-09-09 16:09:16,16,N,Peak,0.0
2026-09-09 14:04:59,14,N,Non-Peak,23.468159064751283
2026-09-22 03:52:13,3,E,Non-Peak,26.482463534701274
2026-09-21 06:27:00,6,N,Non-Peak,26.042240052208456
2026-09-14 21:22:48,21,S,Non-Peak,26.672008045171317
2026-09-04 19:17:24,19,E,Non-Peak,24.775105431903
2025-09-24 18:54:09,18,N,Non-Peak,0.0
2025-09-21 18:02:39,18,N,Non-Peak,0.0
2026-09-23 11:45:20,11,W,Non-Peak,27.22791760211303
2026-09-25 07:08:52,7,N,Non-Peak,25.492634901245776
2025-09-16 18:01:41,18,N,Non-Peak,0.0
2026-09-26 22:16:50,22,W,Non-Peak,21.093324069428554
2026-09-19 03:52:56,3,N,Non-Peak,22.76559281678104
2026-09-06 09:37:28,9,E,Non-Peak,20.01688629316918
2026-09-05 23:59:24,23,E,Non-Peak,25.75279759340761
2026-09-24 16:22:42,16,S,Peak,13.16751087748966
2026-09-30 21:01:47,21,W,Non-Peak,27.23751080920162
2026-09-29 09:03:04,9,W,Non-Peak,29.691077524645863
2026-09-16 06:52:30,6,W,Non-Peak,26.652761364957545
2026-09-21 01:38:01,1,E,Non-Peak,26.6407376336446
2026-09-23 16:28:54,16,N,Peak,18.153285705736927
2026-09-04 17:12:23,17,N,Peak,17.121793133108184
2026-09-24 19:30:35,19,E,Non-Peak,21.62406391386861
2025-09-13 18:20:41,18,N,Non-Peak,0.0
2026-09-04 07:35:26,7,S,Non-Peak,27.1371094657504
2026-09-23 08:11:29,8,N,Non-Peak,25.270927733602853
2026-09-11 00:35:20,0,W,Non-Peak,25.05451776791682
2026-09-29 15:10:49,15,E,Non-Peak,28.685347506117683
2026-09-18 05:34:24,5,E,Non-Peak,29.64594059010229
2026-09-14 18:54:01,18,N,Non-Peak,21.78062656580988
2026-09-28 03:32:11,3,W,Non-Peak,23.5764097568118
2026-09-16 16:30:56,16,S,Peak,12.130765418123
2026-09-12 17:23:22,17,S,Peak,12.767100009597833
2026-09-28 22:37:59,22,W,Non-Peak,22.07986165325725
2026-09-11 20:30:15,20,N,Non-Peak,26.694523884658945
2026-09-07 04:02:00,4,E,Non-Peak,28.117624586911475
2026-09-21 15:55:45,15,S,Non-Peak,29.614089042503377
2026-09-29 04:53:58,4,S,Non-Peak,22.025272476740327
2026-09-19 09:54:22,9,W,Non-Peak,26.1205431432474
2026-09-12 11:39:45,11,N,Non-Peak,23.03298137393504
2025-09-08 18:14:05,18,N,Non-Peak,0.0
2026-09-12 22:33:28,22,W,Non-Peak,21.73944361369792
2026-09-03 18:53:04,18,S,Non-Peak,27.10694794843954
2026-09-15 07:14:11,7,E,Non-Peak,25.911711530853843
2026-09-15 21:06:02,21,S,Non-Peak,22.03195156039385
2026-09-04 17:09:15,17,E,Peak,10.073730435682732
2026-09-16 13:29:50,13,S,Non-Peak,20.710792692018583
2026-09-26 09:10:48,9,W,Non-Peak,24.28951266947678
2026-09-28 10:40:33,10,N,Non-Peak,24.27804117333442
2025-09-28 16:29:28,16,N,Peak,0.0
2026-09-18 12:58:03,12,N,Non-Peak,20.993293997798386
2026-09-14 14:26:32,14,N,Non-Peak,28.713253721978965
2026-09-25 00:03:23,0,W,Non-Peak,24.68480760452714
2026-09-16 11:26:32,11,N,Non-Peak,26.407786151997307
2025-09-11 17:55:49,17,N,Peak,0.0
2026-09-18 05:19:53,5,S,Non-Peak,27.71772638050098
2026-09-17 04:14:37,4,N,Non-Peak,23.61745855287253
2026-09-30 09:37:47,9,E,Non-Peak,20.484415466283963
2026-09-03 03:14:04,3,E,Non-Peak,21.82011867162353
2026-09-15 02:30:03,2,N,Non-Peak,26.586486845371518
2025-09-10 17:36:12,17,N,Peak,0.0
2026-09-08 09:37:50,9,W,Non-Peak,23.14174886254957
2026-09-28 11:06:50,11,S,Non-Peak,23.04523831809821
2026-09-10 11:04:20,11,E,Non-Peak,23.8704119608833
2026-09-07 05:37:27,5,W,Non-Peak,20.32677553017764
2026-09-17 23:24:59,23,E,Non-Peak,20.96893799222128
2026-09-08 16:43:12,16,E,Peak,16.847563351337293
2026-09-22 09:34:54,9,N,Non-Peak,23.639147511011515
2026-09-12 10:22:08,10,N,Non-Peak,27.322996975301383
2025-09-04 16:30:13,16,N,Peak,0.0
2025-09-13 16:20:14,16,N,Peak,0.0
2026-09-24 11:43:01,11,S,Non-Peak,28.59285109818622
2026-09-30 17:31:51,17,W,Peak,10.64136735293411
2026-09-27 21:46:42,21,N,Non-Peak,28.91094574736156
2025-09-06 16:01:31,16,N,Peak,0.0
2025-09-02 16:20:59,16,N,Peak,0.0
2026-09-09 18:58:28,18,N,Non-Peak,27.877994573722628
2025-09-26 17:20:43,17,N,Peak,0.0
2026-09-25 06:14:52,6,W,Non-Peak,26.92052166779046
2026-09-09 02:42:20,2,N,Non-Peak,24.774929210282224
2026-09-14 06:03:16,6,N,Non-Peak,29.40544665105572
2026-09-19 08:39:29,8,W,Non-Peak,25.56898954907092
2026-09-05 09:43:21,9,W,Non-Peak,25.730187665436315
2026-09-06 13:53:01,13,S,Non-Peak,20.876544833621107
2026-09-08 01:49:13,1,W,Non-Peak,22.466837129359455
2025-09-24 18:55:36,18,N,Non-Peak,0.0
2025-09-08 17:14:38,17,N,Peak,0.0
2026-09-02 21:44:07,21,E,Non-Peak,23.004223029043303
2026-09-02 01:46:43,1,N,Non-Peak,29.72903305672741
2026-09-15 05:52:24,5,W,Non-Peak,29.34827207719951
2025-09-08 17:40:20,17,N,Peak,0.0
2026-09-28 00:40:53,0,S,Non-Peak,25.544567106907238
2025-09-21 18:42:49,18,N,Non-Peak,0.0
2026-09-05 10:18:17,10,W,Non-Peak,22.9134965919947
2026-09-11 09:10:05,9,W,Non-Peak,20.7452304339684
2025-09-08 17:35:03,17,N,Peak,0.0
2025-09-02 17:00:17,17,N,Peak,0.0
2025-09-07 18:34:08,18,N,Non-Peak,0.0
2026-09-18 03:17:13,3,W,Non-Peak,28.098292630969446
2025-09-13 16:09:52,16,N,Peak,0.0
2025-09-08 18:43:56,18,N,Non-Peak,0.0
2025-09-29 17:20:52,17,N,Peak,0.0
2026-09-18 07:49:20,7,S,Non-Peak,25.608707643380303
2025-09-13 18:07:03,18,N,Non-Peak,0.0
2026-09-03 05:34:13,5,W,Non-Peak,28.53842885198793
2026-09-01 22:49:57,22,S,Non-Peak,21.898418794339875
2026-09-01 12:46:53,12,E,Non-Peak,21.2270828841872
2026-09-15 14:33:00,14,S,Non-Peak,25.248987838370564
2026-09-08 07:42:02,7,W,Non-Peak,21.47515188426052
2025-09-06 18:36:08,18,N,Non-Peak,0.0
2026-09-20 08:26:53,8,N,Non-Peak,22.21310918682163
2025-09-19 16:15:09,16,N,Peak,0.0
2025-09-12 18:07:13,18,N,Non-Peak,0.0
2026-09-27 16:35:49,16,E,Peak,11.678607775180838
2026-09-05 16:38:23,16,W,Peak,15.311601439300375
2026-09-01 02:08:28,2,S,Non-Peak,29.81105352338835
2026-09-27 09:18:44,9,N,Non-Peak,25.270879605684165
2026-09-27 03:13:08,3,N,Non-Peak,24.14886214383597
2025-09-02 17:20:08,17,N,Peak,0.0
2026-09-01 08:59:12,8,W,Non-Peak,26.48327944184761
2026-09-21 04:14:28,4,S,Non-Peak,24.601596910942867
2026-09-19 03:53:02,3,W,Non-Peak,23.70980453364329
2026-09-19 12:16:41,12,N,Non-Peak,28.767801715874835
2026-09-08 08:51:35,8,S,Non-Peak,24.155245445420007
2025-09-18 16:07:40,16,N,Peak,0.0
2025-09-30 18:55:21,18,N,Non-Peak,0.0
2026-09-09 18:27:15,18,N,Non-Peak,24.81428170241406
2026-09-08 13:08:10,13,N,Non-Peak,21.345498654484803
2026-09-19 18:13:22,18,S,Non-Peak,23.951955369432586
2026-09-28 00:41:21,0,N,Non-Peak,29.125998726188943
2026-09-20 05:07:10,5,E,Non-Peak,29.485811724734887
2026-09-09 11:42:46,11,N,Non-Peak,20.830892145482206
2026-09-21 07:35:07,7,W,Non-Peak,21.381221087689603
2025-09-21 18:11:37,18,N,Non-Peak,0.0
2026-09-04 19:34:48,19,S,Non-Peak,28.63723401363834
2025-09-21 16:11:33,16,N,Peak,0.0
2026-09-14 05:47:19,5,N,Non-Peak,28.25630618900004
2026-09-12 21:20:59,21,E,Non-Peak,28.09020112611396
2026-09-21 22:18:29,22,W,Non-Peak,24.61206777766662
2025-09-23 16:13:56,16,N,Peak,0.0
2026-09-15 14:09:19,14,S,Non-Peak,21.91204078817341
2026-09-23 15:14:09,15,S,Non-Peak,23.07957400105008
2026-09-09 21:18:49,21,E,Non-Peak,27.6660447249776
2026-09-18 03:26:58,3,S,Non-Peak,26.59347928964185
2025-09-01 17:28:39,17,N,Peak,0.0
2026-09-20 19:08:45,19,E,Non-Peak,23.285427837004285
2026-09-29 21:21:30,21,W,Non-Peak,20.427812889454376
2026-09-24 01:21:04,1,E,Non-Peak,22.67268029402567
2025-09-29 16:54:22,16,N,Peak,0.0
2025-09-16 16:07:29,16,N,Peak,0.0
2026-09-01 16:13:36,16,N,Peak,11.106230737001448
2026-09-15 15:31:27,15,E,Non-Peak,27.21087554304517
2026-09-22 16:49:36,16,N,Peak,18.558670892023507
2025-09-02 17:33:25,17,N,Peak,0.0
2025-09-16 16:16:04,16,N,Peak,0.0
2025-09-15 16:34:24,16,N,Peak,0.0
2025-09-03 17:15:46,17,N,Peak,0.0
2026-09-01 03:44:46,3,W,Non-Peak,29.335258153382007
2026-09-09 04:52:15,4,E,Non-Peak,22.685520837656917
2026-09-11 12:48:59,12,W,Non-Peak,23.191382763185835
2026-09-28 01:03:29,1,E,Non-Peak,27.64228544298606
2026-09-08 17:35:22,17,N,Peak,11.139011506376578
2026-09-14 15:22:45,15,E,Non-Peak,22.711834652395478
2025-09-16 16:29:30,16,N,Peak,0.0
2026-09-22 10:55:44,10,N,Non-Peak,25.86626310399412
2025-09-06 18:22:15,18,N,Non-Peak,0.0
2025-09-16 16:11:58,16,N,Peak,0.0
2025-09-24 17:25:28,17,N,Peak,0.0
2026-09-05 22:41:28,22,N,Non-Peak,27.793975484876253
2026-09-11 07:27:58,7,N,Non-Peak,20.60613059094362
2026-09-08 05:28:40,5,W,Non-Peak,28.537692980211688
2026-09-04 02:27:55,2,E,Non-Peak,22.7934234913968
2026-09-10 14:26:14,14,S,Non-Peak,23.581903513368538
2026-09-21 21:05:24,21,E,Non-Peak,25.781616362396665
2026-09-18 12:40:01,12,E,Non-Peak,24.75188238372926
2026-09-11 16:59:47,16,S,Peak,10.484461201137682
2026-09-18 00:12:50,0,N,Non-Peak,29.69868198089737
2026-09-26 21:31:10,21,E,Non-Peak,27.75901910787928
2025-09-24 17:08:35,17,N,Peak,0.0
2026-09-23 20:13:43,20,N,Non-Peak,29.47178233902541
2026-09-22 12:30:50,12,W,Non-Peak,24.76759597637612
2025-09-08 17:42:14,17,N,Peak,0.0
2025-09-24 18:16:17,18,N,Non-Peak,0.0
2026-09-04 07:00:31,7,W,Non-Peak,29.306648851044564
2025-09-18 18:45:19,18,N,Non-Peak,0.0
2026-09-28 02:56:44,2,S,Non-Peak,23.931361627712477
2026-09-29 12:32:24,12,E,Non-Peak,22.742099241363523
2026-09-26 17:28:42,17,S,Peak,11.645298418682875
2026-09-03 03:00:45,3,W,Non-Peak,21.03582124574504
2025-09-04 16:30:40,16,N,Peak,0.0
2026-09-24 19:30:35,19,E,Non-Peak,21.62406391386861
2026-09-28 05:55:02,5,E,Non-Peak,24.039803256004877
2026-09-08 02:24:13,2,E,Non-Peak,28.86125730295651
2026-09-23 10:35:01,10,E,Non-Peak,27.463521803237725
2025-09-15 17:06:48,17,N,Peak,0.0
2026-09-24 10:56:57,10,W,Non-Peak,29.601504263055805
2026-09-28 04:07:10,4,N,Non-Peak,24.065661287933843
2026-09-10 06:55:16,6,W,Non-Peak,20.37971001377641
2026-09-25 16:04:19,16,E,Peak,16.0075039934626
2026-09-26 12:51:56,12,W,Non-Peak,20.45424746217349
2026-09-05 22:00:35,22,S,Non-Peak,29.15370172699165
2026-09-11 05:05:00,5,N,Non-Peak,29.74229544635457
2026-09-02 15:53:02,15,W,Non-Peak,21.80404279057508
2026-09-19 16:19:47,16,S,Peak,18.92565949030328
2026-09-29 03:59:40,3,W,Non-Peak,29.18844941273341
2025-09-16 18:11:19,18,N,Non-Peak,0.0
2025-09-18 17:48:22,17,N,Peak,0.0
2025-09-13 17:56:23,17,N,Peak,0.0
2026-09-19 19:13:11,19,E,Non-Peak,22.110743115002755
2026-09-12 16:06:18,16,E,Peak,16.955614025580736
2026-09-09 18:14:21,18,E,Non-Peak,21.83665291623602
2026-09-15 15:20:39,15,N,Non-Peak,23.469719719256823
2026-09-05 08:47:03,8,N,Non-Peak,22.52135205503798
2026-09-23 21:45:21,21,E,Non-Peak,27.123057464401363
2026-09-30 22:01:30,22,W,Non-Peak,20.72265897297408
2026-09-21 05:09:54,5,N,Non-Peak,20.21757929730304
2026-09-02 19:06:00,19,S,Non-Peak,25.39208516983569
2026-09-12 11:28:11,11,E,Non-Peak,21.387960178496787
2025-09-16 18:54:30,18,N,Non-Peak,0.0
2026-09-19 10:26:09,10,S,Non-Peak,20.6846284795973
2026-09-03 16:48:34,16,E,Peak,13.510787314275596
2025-09-29 17:17:18,17,N,Peak,0.0
2025-09-01 16:26:00,16,N,Peak,0.0
2026-09-10 16:43:20,16,E,Peak,12.66533219096802
2026-09-20 08:35:08,8,W,Non-Peak,20.433398389820976
2026-09-24 12:48:17,12,N,Non-Peak,23.50349776449104
2026-09-09 02:42:20,2,N,Non-Peak,24.774929210282224
2025-09-02 16:29:34,16,N,Peak,0.0
2025-09-03 18:26:27,18,N,Non-Peak,0.0
2025-09-09 16:43:13,16,N,Peak,0.0
2026-09-07 07:19:38,7,N,Non-Peak,22.98154283911391
2025-09-02 16:36:50,16,N,Peak,0.0
2025-09-27 16:43:17,16,N,Peak,0.0
2025-09-16 16:40:50,16,N,Peak,0.0
2025-09-19 16:57:38,16,N,Peak,0.0
2026-09-14 06:37:45,6,N,Non-Peak,21.64959521818024
2026-09-12 03:29:06,3,E,Non-Peak,26.361752650093564
2026-09-25 04:32:06,4,E,Non-Peak,20.816935197145945
2025-09-13 18:03:23,18,N,Non-Peak,0.0
2026-09-21 20:42:54,20,W,Non-Peak,28.439475018548396
2026-09-18 16:45:58,16,S,Peak,14.445468442227977
2026-09-19 19:34:00,19,E,Non-Peak,27.59548314805918
2026-09-15 16:56:34,16,N,Peak,17.775902745476373
2026-09-17 18:35:30,18,E,Non-Peak,24.349334469464104
2025-09-16 18:22:48,18,N,Non-Peak,0.0
2025-09-11 16:45:34,16,N,Peak,0.0
2026-09-17 14:53:24,14,S,Non-Peak,22.3593713004106
2026-09-16 20:39:18,20,E,Non-Peak,24.245471287754068
2025-09-24 16:05:57,16,N,Peak,0.0
2026-09-26 04:45:50,4,S,Non-Peak,29.326128594395
2026-09-30 12:44:39,12,N,Non-Peak,24.944104734137085
2026-09-06 16:22:29,16,S,Peak,19.866092995385458
2026-09-24 00:38:50,0,W,Non-Peak,26.63185271831002
2026-09-10 09:57:38,9,W,Non-Peak,27.279473428478465
2026-09-08 07:47:46,7,E,Non-Peak,20.439052629518
2026-09-04 20:28:33,20,E,Non-Peak,23.03068999075544
2026-09-07 21:23:15,21,W,Non-Peak,22.50332961174816
2026-09-17 23:02:05,23,W,Non-Peak,29.81121013865927
2026-09-02 00:50:21,0,E,Non-Peak,20.032938421164577
2025-09-03 16:27:22,16,N,Peak,0.0
2026-09-07 22:15:05,22,S,Non-Peak,28.18982090142312
2026-09-07 18:22:42,18,E,Non-Peak,20.13577019869801
2025-09-09 17:28:24,17,N,Peak,0.0
2025-09-12 17:19:18,17,N,Peak,0.0
2026-09-12 04:57:38,4,N,Non-Peak,21.255249980093037
2026-09-09 22:53:01,22,S,Non-Peak,21.57852431788697
2026-09-16 12:55:36,12,E,Non-Peak,24.59656404556832
2025-09-23 17:22:36,17,N,Peak,0.0
2026-09-20 08:20:12,8,S,Non-Peak,23.434465211450984
2026-09-05 22:00:35,22,S,Non-Peak,29.15370172699165
2026-09-07 22:50:12,22,W,Non-Peak,24.22033866496868
2026-09-06 19:41:07,19,S,Non-Peak,27.67173053388035
2026-09-04 02:26:11,2,S,Non-Peak,23.94540393663708
2026-09-18 23:57:53,23,E,Non-Peak,22.92612987928553
2026-09-29 22:25:14,22,W,Non-Peak,22.42670756428348
2026-09-16 02:59:35,2,N,Non-Peak,26.9382650716775
2025-09-22 17:28:25,17,N,Peak,0.0
2026-09-30 20:55:14,20,E,Non-Peak,21.956114802990527
2026-09-11 01:03:47,1,S,Non-Peak,24.954356568935403
2026-09-08 01:57:07,1,N,Non-Peak,28.167243410473027
2026-09-27 06:55:52,6,S,Non-Peak,24.657175281768204
2025-09-08 17:49:33,17,N,Peak,0.0
2025-09-10 17:24:53,17,N,Peak,0.0
2026-09-05 18:35:52,18,S,Non-Peak,29.70045980144543
2025-09-29 17:55:05,17,N,Peak,0.0
2025-09-09 18:18:33,18,N,Non-Peak,0.0
2025-09-19 16:52:30,16,N,Peak,0.0
2026-09-23 14:37:16,14,E,Non-Peak,23.109878617929425
2025-09-05 17:46:37,17,N,Peak,0.0
2026-09-20 11:32:24,11,N,Non-Peak,28.029218282055503
2025-09-16 17:44:51,17,N,Peak,0.0
2025-09-28 17:35:41,17,N,Peak,0.0
2026-09-07 13:10:29,13,N,Non-Peak,25.46815505366535
2026-09-08 16:50:44,16,W,Peak,10.02465732966687
2026-09-03 10:07:48,10,N,Non-Peak,27.644449008962688
2026-09-06 04:28:49,4,W,Non-Peak,22.984108453850457
2026-09-21 21:11:57,21,E,Non-Peak,28.205216091113304
2026-09-21 23:16:46,23,W,Non-Peak,20.299559962991044
2025-09-11 17:52:46,17,N,Peak,0.0
2026-09-17 21:34:42,21,S,Non-Peak,20.51760853920609
2026-09-07 09:23:44,9,W,Non-Peak,23.689218297272937
2026-09-24 14:14:35,14,W,Non-Peak,23.038414246188868
2026-09-28 18:11:37,18,W,Non-Peak,28.580556664208824
2025-09-11 17:26:24,17,N,Peak,0.0
2026-09-05 07:25:25,7,S,Non-Peak,27.653421351690262
2026-09-21 15:10:04,15,E,Non-Peak,29.830455362665266
2026-09-27 12:52:07,12,E,Non-Peak,21.755990137910604
2026-09-27 09:01:22,9,W,Non-Peak,20.60855496131025
2025-09-04 17:54:31,17,N,Peak,0.0
2025-09-03 17:32:12,17,N,Peak,0.0
2025-09-06 16:46:13,16,N,Peak,0.0
2026-09-02 22:13:25,22,E,Non-Peak,25.13566608928708
2026-09-01 04:10:38,4,N,Non-Peak,22.61410386416297
2026-09-12 01:20:34,1,E,Non-Peak,23.421173566621743
2025-09-18 16:58:43,16,N,Peak,0.0
2025-09-30 17:16:12,17,N,Peak,0.0
2026-09-24 08:27:16,8,W,Non-Peak,27.243675070217268
2026-09-15 07:04:04,7,S,Non-Peak,24.89465861699427
2026-09-26 06:11:53,6,E,Non-Peak,23.061020137678845
2026-09-25 17:20:50,17,S,Peak,12.099165633050514
2026-09-12 23:53:04,23,S,Non-Peak,24.216059954356083
2025-09-02 16:16:03,16,N,Peak,0.0
2025-09-26 18:10:16,18,N,Non-Peak,0.0
2025-09-01 18:43:55,18,N,Non-Peak,0.0
2026-09-08 18:35:37,18,E,Non-Peak,21.500645079762364
2025-09-12 17:00:32,17,N,Peak,0.0
2025-09-16 18:36:00,18,N,Non-Peak,0.0
2026-09-11 08:15:58,8,W,Non-Peak,24.26847300040365
2026-09-13 20:13:33,20,N,Non-Peak,20.205133183653174
2025-09-20 16:44:13,16,N,Peak,0.0
2026-09-25 15:57:58,15,S,Non-Peak,28.75925072865752
2026-09-22 22:19:01,22,E,Non-Peak,23.98188124433355
2026-09-25 08:54:12,8,N,Non-Peak,20.39091475660082
2026-09-30 03:49:52,3,W,Non-Peak,29.37224755333973
2025-09-18 18:09:14,18,N,Non-Peak,0.0
2026-09-28 21:13:12,21,W,Non-Peak,25.39401570391733
2025-09-24 17:16:59,17,N,Peak,0.0
2026-09-11 13:37:50,13,W,Non-Peak,28.36207942509296
2025-09-26 18:27:40,18,N,Non-Peak,0.0
2025-09-27 18:07:38,18,N,Non-Peak,0.0
2025-09-13 17:04:53,17,N,Peak,0.0
2025-09-15 16:30:21,16,N,Peak,0.0
2026-09-23 16:38:23,16,S,Peak,19.600061251476973
2025-09-16 18:28:25,18,N,Non-Peak,0.0
2025-09-18 16:36:20,16,N,Peak,0.0
2026-09-07 12:54:51,12,E,Non-Peak,26.43501894732992
2026-09-29 20:36:36,20,S,Non-Peak,25.26636189584238
2026-09-30 10:18:33,10,N,Non-Peak,29.829601318263062
2026-09-19 13:37:09,13,E,Non-Peak,23.420418003320343
2026-09-20 09:00:05,9,S,Non-Peak,24.9027018815506
2025-09-08 16:33:26,16,N,Peak,0.0
2026-09-25 13:37:58,13,S,Non-Peak,28.200004429840785
2026-09-26 03:17:40,3,E,Non-Peak,23.061288758853163
2026-09-03 23:00:50,23,N,Non-Peak,25.11803582416996
2026-09-18 04:53:48,4,N,Non-Peak,29.28348499961048
2026-09-10 11:51:08,11,E,Non-Peak,24.175016862287503
2026-09-01 16:22:18,16,N,Peak,15.010429853033711
2026-09-07 23:16:17,23,E,Non-Peak,26.53421326548033
2025-09-11 17:24:32,17,N,Peak,0.0
2026-09-26 13:31:51,13,S,Non-Peak,25.11478430829419
2025-09-22 17:51:25,17,N,Peak,0.0
2026-09-17 04:53:35,4,S,Non-Peak,21.48327591568002
2026-09-25 11:22:48,11,N,Non-Peak,26.650036213462577
2026-09-06 23:07:49,23,N,Non-Peak,23.405075313419168
2026-09-09 16:03:46,16,E,Peak,10.17638153319258
2025-09-24 17:09:08,17,N,Peak,0.0
2026-09-21 06:38:48,6,W,Non-Peak,22.694819407258453
2026-09-26 06:23:27,6,E,Non-Peak,21.740335055126224
2026-09-16 14:58:49,14,E,Non-Peak,21.234819879782027
2026-09-12 16:06:25,16,W,Peak,13.145979762934845
2026-09-26 22:58:37,22,S,Non-Peak,28.58762728356077
2025-09-13 17:07:21,17,N,Peak,0.0
2025-09-30 18:15:51,18,N,Non-Peak,0.0
2026-09-02 14:41:56,14,N,Non-Peak,24.41517141841732
2025-09-24 18:46:35,18,N,Non-Peak,0.0
2026-09-14 15:14:33,15,S,Non-Peak,27.500132000878665
2026-09-16 05:12:55,5,W,Non-Peak,29.618536037460665
2025-09-20 18:32:28,18,N,Non-Peak,0.0
2026-09-15 02:16:03,2,N,Non-Peak,27.113093814613528
2025-09-07 17:01:24,17,N,Peak,0.0
2026-09-21 14:44:28,14,N,Non-Peak,29.629732392095704
2025-09-06 18:18:00,18,N,Non-Peak,0.0
2026-09-01 05:44:31,5,S,Non-Peak,28.96294822013273
2025-09-22 18:10:06,18,N,Non-Peak,0.0
2025-09-29 18:28:19,18,N,Non-Peak,0.0
2025-09-02 17:24:46,17,N,Peak,0.0
2025-09-30 16:24:04,16,N,Peak,0.0
2026-09-12 13:36:10,13,W,Non-Peak,20.79570062668268
2025-09-04 17:46:16,17,N,Peak,0.0
2026-09-16 16:40:30,16,S,Peak,16.669326124549812
2025-09-23 16:37:07,16,N,Peak,0.0
2026-09-02 17:35:15,17,N,Peak,16.688149675385304
2025-09-11 18:48:53,18,N,Non-Peak,0.0
2026-09-30 11:37:30,11,S,Non-Peak,27.93437999499957
2026-09-01 15:51:30,15,N,Non-Peak,23.760114587022187
2026-09-28 09:26:46,9,W,Non-Peak,28.304217365348094
2025-09-16 16:30:59,16,N,Peak,0.0
2025-09-13 17:31:26,17,N,Peak,0.0
2026-09-25 06:41:32,6,S,Non-Peak,24.90658117402774
2026-09-26 13:49:35,13,S,Non-Peak,28.12480332133962
2026-09-25 19:40:07,19,S,Non-Peak,24.84650101579255
2025-09-04 17:50:12,17,N,Peak,0.0
2026-09-18 04:39:24,4,N,Non-Peak,21.38507242281397
2026-09-25 07:01:06,7,W,Non-Peak,23.81496437500489
2025-09-23 17:34:12,17,N,Peak,0.0
2026-09-16 10:20:06,10,W,Non-Peak,29.218505680760167
2026-09-25 05:32:23,5,E,Non-Peak,29.89745892840136
2025-09-28 18:25:43,18,N,Non-Peak,0.0
2026-09-13 06:04:30,6,S,Non-Peak,29.46054359132393
2026-09-06 20:33:12,20,E,Non-Peak,23.096985311447057
2026-09-25 20:46:29,20,E,Non-Peak,29.95488455937221
2026-09-19 04:15:20,4,W,Non-Peak,25.98395500695675
2025-09-10 16:20:54,16,N,Peak,0.0
2025-09-03 18:56:44,18,N,Non-Peak,0.0
2025-09-16 18:16:33,18,N,Non-Peak,0.0
2026-09-12 14:11:32,14,E,Non-Peak,21.47205869695296
2026-09-10 11:37:16,11,W,Non-Peak,24.493162627964235
2026-09-24 10:03:02,10,S,Non-Peak,27.515242415166878
2025-09-24 18:31:11,18,N,Non-Peak,0.0
2025-09-04 17:57:56,17,N,Peak,0.0
2026-09-12 11:55:13,11,N,Non-Peak,22.15813373816976
2026-09-11 14:32:02,14,N,Non-Peak,21.62302949654006
2026-09-25 10:59:07,10,W,Non-Peak,28.77533805715813
2026-09-25 16:19:22,16,N,Peak,12.150233150343244
2025-09-18 16:45:55,16,N,Peak,0.0
2026-09-17 05:28:47,5,E,Non-Peak,23.835813803853235
2026-09-19 00:29:06,0,S,Non-Peak,23.437078568781512
2026-09-08 11:00:13,11,W,Non-Peak,21.27935842780682
2025-09-23 18:04:51,18,N,Non-Peak,0.0
2025-09-07 16:58:47,16,N,Peak,0.0
2026-09-18 15:30:45,15,W,Non-Peak,29.27510093504703
2026-09-18 20:35:30,20,S,Non-Peak,25.16740860547672
2025-09-05 16:58:29,16,N,Peak,0.0
2026-09-02 09:18:57,9,S,Non-Peak,29.911175325982267
2026-09-18 23:32:40,23,N,Non-Peak,26.59583657191468
2026-09-25 10:20:17,10,S,Non-Peak,22.145882828559472
2026-09-28 06:55:48,6,E,Non-Peak,27.99704749210462
2026-09-10 02:16:35,2,S,Non-Peak,28.817810747520102
2026-09-07 16:01:35,16,W,Peak,11.41614476409771
2025-09-03 18:15:55,18,N,Non-Peak,0.0
2026-09-11 04:22:24,4,W,Non-Peak,29.26158796679572
2025-09-10 18:23:42,18,N,Non-Peak,0.0
2026-09-06 01:51:38,1,E,Non-Peak,28.6382703711572
2026-09-02 16:31:13,16,S,Peak,11.06923484582266
2026-09-23 22:24:37,22,S,Non-Peak,22.816029545750705
2026-09-02 03:50:42,3,N,Non-Peak,22.493413537938466
2026-09-06 10:56:34,10,W,Non-Peak,23.087843143278423
2026-09-12 04:38:42,4,W,Non-Peak,27.98922432413572
2026-09-23 05:11:21,5,W,Non-Peak,25.22985618659627
2026-09-24 04:05:28,4,E,Non-Peak,27.21953205374104
2026-09-30 06:22:13,6,E,Non-Peak,24.417710549459187
2025-09-30 16:25:59,16,N,Peak,0.0
2026-09-11 01:56:09,1,W,Non-Peak,24.50367733106492
2025-09-05 17:19:38,17,N,Peak,0.0
2026-09-22 07:40:33,7,S,Non-Peak,28.275569487038023
2026-09-12 22:09:23,22,N,Non-Peak,27.86203909001191
2026-09-23 00:43:12,0,N,Non-Peak,21.22399949193431
2026-09-10 06:31:15,6,N,Non-Peak,25.268194805661125
2026-09-06 14:19:52,14,E,Non-Peak,24.348517612400613
2025-09-02 18:15:43,18,N,Non-Peak,0.0
2025-09-05 16:05:01,16,N,Peak,0.0
2026-09-20 14:09:17,14,S,Non-Peak,29.211824031366483
2025-09-09 17:34:59,17,N,Peak,0.0
2026-09-14 11:35:41,11,W,Non-Peak,21.182441847556472
2026-09-01 12:01:49,12,E,Non-Peak,29.787769351260945
2026-09-21 00:38:12,0,E,Non-Peak,23.931879191940936
2026-09-11 05:00:52,5,S,Non-Peak,23.48161029873578
2026-09-01 08:58:29,8,W,Non-Peak,27.511959978805013
2025-09-26 16:03:15,16,N,Peak,0.0
2026-09-18 01:19:13,1,N,Non-Peak,20.400829783998603
2025-09-26 17:49:02,17,N,Peak,0.0
2026-09-14 16:35:42,16,N,Peak,18.07056308953505
2026-09-28 16:03:30,16,E,Peak,18.52967967369031
2026-09-20 23:48:55,23,S,Non-Peak,27.17574512307159
2025-09-19 16:44:50,16,N,Peak,0.0
2026-09-12 17:31:32,17,S,Peak,18.718710860535097
2026-09-30 20:44:28,20,W,Non-Peak,27.91749138299012
2026-09-25 12:44:34,12,E,Non-Peak,24.13323894019816
2026-09-11 19:36:16,19,N,Non-Peak,24.87832658614684
2026-09-01 02:25:22,2,S,Non-Peak,22.19717766082045
2026-09-02 08:34:59,8,W,Non-Peak,20.24190747048504
2025-09-08 16:09:46,16,N,Peak,0.0
2026-09-23 00:10:55,0,W,Non-Peak,29.61886361525674
2026-09-16 21:28:28,21,E,Non-Peak,24.317904902710783
2026-09-08 22:20:54,22,S,Non-Peak,21.971363544635388
2025-09-20 18:08:38,18,N,Non-Peak,0.0
2026-09-10 15:29:08,15,W,Non-Peak,22.917555061952267
2026-09-06 10:52:30,10,W,Non-Peak,26.84961161728778
2026-09-27 03:49:03,3,N,Non-Peak,28.544993614855187
2026-09-13 08:08:28,8,W,Non-Peak,20.285984631448564
2025-09-03 18:01:05,18,N,Non-Peak,0.0
2026-09-26 09:23:52,9,N,Non-Peak,29.056658248331825
2026-09-16 01:53:16,1,E,Non-Peak,21.059298842539423
2025-09-13 17:22:06,17,N,Peak,0.0
2026-09-25 17:46:20,17,E,Peak,19.83452165231393
2026-09-06 13:29:07,13,N,Non-Peak,29.88432130258264
2026-09-25 03:46:52,3,N,Non-Peak,27.012871871236023
2026-09-22 15:09:12,15,W,Non-Peak,26.929265366035253
2025-09-03 16:43:17,16,N,Peak,0.0
2026-09-21 15:51:55,15,S,Non-Peak,25.618567158879248
2026-09-07 20:12:09,20,E,Non-Peak,21.91244413388753
2025-09-20 16:54:33,16,N,Peak,0.0
2026-09-04 12:52:49,12,E,Non-Peak,21.835623959650498
2026-09-12 22:27:16,22,N,Non-Peak,28.650247335858555
2026-09-20 17:57:39,17,S,Peak,16.88198331292403
2026-09-27 07:16:05,7,N,Non-Peak,21.83684666846849
2026-09-18 09:49:22,9,W,Non-Peak,26.55996089472524
2026-09-03 23:31:24,23,E,Non-Peak,22.2292084299042
2026-09-15 02:24:46,2,E,Non-Peak,23.64769784999425
2026-09-09 01:53:05,1,W,Non-Peak,21.731601868237505
2026-09-11 23:51:10,23,N,Non-Peak,25.251753542275367
2026-09-05 21:09:21,21,N,Non-Peak,26.81916727850701
2026-09-20 04:28:23,4,W,Non-Peak,22.12277922740062
2026-09-25 00:58:58,0,E,Non-Peak,29.262605815229463
2025-09-06 16:32:50,16,N,Peak,0.0
2026-09-16 02:53:39,2,W,Non-Peak,21.84430322423119
2026-09-20 21:45:23,21,N,Non-Peak,25.699907909820865
2026-09-24 05:54:57,5,S,Non-Peak,22.17151778047417
2025-09-16 17:53:20,17,N,Peak,0.0
2025-09-10 16:20:36,16,N,Peak,0.0
2026-09-09 00:00:33,0,W,Non-Peak,22.490998335783296
2025-09-02 17:33:22,17,N,Peak,0.0
2025-09-27 16:39:51,16,N,Peak,0.0
2026-09-05 17:55:35,17,S,Peak,11.16410016658208
2026-09-29 09:04:00,9,W,Non-Peak,23.20855548365946
2026-09-25 21:15:06,21,N,Non-Peak,21.462689811123123
2026-09-28 11:12:07,11,E,Non-Peak,24.433672832076446
2026-09-16 22:59:08,22,N,Non-Peak,20.059929843901617
2026-09-21 03:14:20,3,S,Non-Peak,23.13903330578587
2025-09-24 18:02:27,18,N,Non-Peak,0.0
2026-09-07 08:37:21,8,N,Non-Peak,22.73480588676897
2026-09-20 22:03:35,22,E,Non-Peak,21.98898082965117
2026-09-28 08:29:41,8,W,Non-Peak,21.17165891807887
2025-09-11 16:43:40,16,N,Peak,0.0
2026-09-05 19:39:55,19,E,Non-Peak,20.29974241667622
2026-09-30 22:03:25,22,N,Non-Peak,27.03169204030812
2026-09-04 09:14:30,9,S,Non-Peak,24.752533156967512
2026-09-13 01:11:28,1,W,Non-Peak,20.526598232228547
2025-09-16 16:35:24,16,N,Peak,0.0
2026-09-15 04:15:44,4,E,Non-Peak,21.906224142479275
2026-09-01 12:00:07,12,N,Non-Peak,27.048299846480543
2026-09-04 05:40:23,5,W,Non-Peak,26.796543154477355
2025-09-06 17:56:43,17,N,Peak,0.0
2026-09-23 10:08:09,10,W,Non-Peak,28.94998924036347
2026-09-30 08:36:05,8,W,Non-Peak,23.04209184303882
2026-09-06 21:34:51,21,S,Non-Peak,21.591841521492785
2026-09-12 13:10:57,13,N,Non-Peak,20.71547379891135
2026-09-05 21:57:49,21,S,Non-Peak,25.667617789943726
2026-09-25 03:34:05,3,W,Non-Peak,24.946793204029333
2025-09-16 17:18:34,17,N,Peak,0.0
2026-09-05 01:46:02,1,N,Non-Peak,26.51496844289435
2025-09-29 17:00:42,17,N,Peak,0.0
2026-09-17 05:24:30,5,N,Non-Peak,28.26865983994818
2026-09-13 16:46:03,16,N,Peak,19.33752603673334
2026-09-01 03:12:04,3,N,Non-Peak,23.957590090843567
2026-09-01 13:34:45,13,S,Non-Peak,23.26644234715346
2026-09-25 05:43:26,5,S,Non-Peak,28.09751755968759
2025-09-09 16:12:06,16,N,Peak,0.0
2026-09-10 08:05:02,8,N,Non-Peak,26.51050321033969
2026-09-11 01:09:16,1,E,Non-Peak,24.489822522617708
2025-09-01 18:36:40,18,N,Non-Peak,0.0
2026-09-03 20:28:18,20,N,Non-Peak,20.19723370359341
2026-09-04 12:11:15,12,S,Non-Peak,28.910496630438782
2026-09-21 01:01:35,1,S,Non-Peak,27.76981755315489
2026-09-12 19:19:39,19,N,Non-Peak,22.65476626084402
2025-09-02 17:51:50,17,N,Peak,0.0
2026-09-11 10:18:18,10,N,Non-Peak,20.758428352510705
2026-09-01 09:44:56,9,W,Non-Peak,28.56311926507589
2025-09-06 18:53:37,18,N,Non-Peak,0.0
2026-09-10 20:37:44,20,W,Non-Peak,29.709871632174792
2026-09-12 18:29:42,18,N,Non-Peak,29.145820648478267
2026-09-25 10:49:59,10,S,Non-Peak,24.451931082698973
2026-09-16 09:06:13,9,S,Non-Peak,26.173928524695636
2026-09-09 11:10:26,11,N,Non-Peak,29.99187513545742
2026-09-21 07:27:54,7,N,Non-Peak,22.79361025612892
2025-09-24 18:44:13,18,N,Non-Peak,0.0
2025-09-10 18:44:25,18,N,Non-Peak,0.0
2026-09-20 16:33:38,16,N,Peak,16.409818930407308
2026-09-29 22:24:06,22,W,Non-Peak,27.154466739675268
2026-09-02 03:05:26,3,N,Non-Peak,26.610542942198972
2025-09-06 18:02:17,18,N,Non-Peak,0.0
2026-09-08 04:28:04,4,S,Non-Peak,23.608450155798835
2026-09-14 08:00:13,8,E,Non-Peak,26.11323767790835
2026-09-04 01:00:12,1,N,Non-Peak,20.66949320080564
2025-09-10 16:06:23,16,N,Peak,0.0
2026-09-06 16:38:20,16,S,Peak,11.947280583395742
2026-09-24 09:28:30,9,S,Non-Peak,29.451982454771372
2025-09-05 16:16:16,16,N,Peak,0.0
2025-09-15 17:19:02,17,N,Peak,0.0
2026-09-08 10:56:07,10,E,Non-Peak,24.480979006236023
2025-09-15 17:38:32,17,N,Peak,0.0
2025-09-11 17:47:39,17,N,Peak,0.0
2026-09-20 20:01:48,20,W,Non-Peak,21.560697716452903
2026-09-16 12:03:41,12,S,Non-Peak,23.01379689248732
2026-09-06 08:57:03,8,N,Non-Peak,25.863735691603694
2025-09-08 18:57:18,18,N,Non-Peak,0.0
2026-09-28 21:58:10,21,W,Non-Peak,23.398392578347803
2026-09-12 22:18:08,22,S,Non-Peak,24.55170198218333
2026-09-20 05:45:30,5,E,Non-Peak,28.183729875041976
2026-09-01 19:19:19,19,E,Non-Peak,24.610154671131816
2025-09-02 18:48:53,18,N,Non-Peak,0.0
2026-09-20 12:50:29,12,E,Non-Peak,21.865883858855
2025-09-03 17:05:12,17,N,Peak,0.0
2026-09-22 05:26:12,5,S,Non-Peak,29.459193383664303
2026-09-23 19:00:02,19,E,Non-Peak,20.59833563218571
2026-09-26 07:12:41,7,S,Non-Peak,26.716090444121857
2025-09-11 17:15:01,17,N,Peak,0.0
2026-09-19 05:24:22,5,N,Non-Peak,23.124813563018584
2026-09-12 20:15:33,20,W,Non-Peak,23.026089158814468
2026-09-24 11:28:13,11,E,Non-Peak,23.80158385491124
2025-09-26 16:21:03,16,N,Peak,0.0
2026-09-03 03:23:06,3,N,Non-Peak,22.69381868745853
2026-09-25 03:48:29,3,E,Non-Peak,20.387978687769703
2026-09-09 11:24:17,11,S,Non-Peak,24.709324559269486
2026-09-05 02:26:50,2,N,Non-Peak,27.511925565549568
2025-09-27 16:27:31,16,N,Peak,0.0
2026-09-14 06:59:57,6,N,Non-Peak,26.73071020573942
2026-09-07 22:41:35,22,W,Non-Peak,23.17504867442689
2026-09-14 03:52:04,3,E,Non-Peak,23.38558668117213
2026-09-20 00:44:25,0,E,Non-Peak,21.626441470943444
2026-09-13 12:00:59,12,W,Non-Peak,20.919972395129044
2026-09-25 06:50:07,6,W,Non-Peak,23.08847878295225
2026-09-13 14:49:02,14,E,Non-Peak,26.671095412815426
2026-09-09 12:12:09,12,E,Non-Peak,27.63917015683168
2026-09-13 03:25:36,3,S,Non-Peak,22.71078371156186
2026-09-25 01:13:23,1,E,Non-Peak,21.67040102137016
2025-09-02 16:46:10,16,N,Peak,0.0
2026-09-08 12:57:04,12,W,Non-Peak,21.6173368750567
2026-09-02 20:58:50,20,E,Non-Peak,22.082931450183608
2026-09-21 14:21:55,14,S,Non-Peak,29.43608805395572
2026-09-28 13:16:36,13,E,Non-Peak,23.95767021606284
2026-09-25 16:34:25,16,E,Peak,11.80449999958469
2025-09-15 16:33:58,16,N,Peak,0.0
2026-09-15 09:44:11,9,W,Non-Peak,24.403463059534477
2025-09-20 18:42:43,18,N,Non-Peak,0.0
2025-09-16 18:10:34,18,N,Non-Peak,0.0
2026-09-03 22:59:17,22,N,Non-Peak,23.61130254262091
2026-09-03 12:27:15,12,W,Non-Peak,22.40275827339861
2025-09-24 17:37:35,17,N,Peak,0.0
2026-09-18 21:22:48,21,W,Non-Peak,26.865944839244463
2026-09-02 13:01:23,13,E,Non-Peak,23.817699383391584
2026-09-01 09:46:57,9,N,Non-Peak,21.01967129227513
2026-09-22 09:48:43,9,W,Non-Peak,20.075121812241758
2026-09-05 10:36:32,10,N,Non-Peak,20.04791725808761
2025-09-20 16:58:44,16,N,Peak,0.0
2025-09-28 18:34:52,18,N,Non-Peak,0.0
2026-09-03 06:23:00,6,W,Non-Peak,26.173645516375863
2026-09-28 04:08:37,4,N,Non-Peak,20.525428459273588
2026-09-06 17:47:12,17,S,Peak,18.900283735666093
2025-09-18 18:02:50,18,N,Non-Peak,0.0
2025-09-26 18:01:45,18,N,Non-Peak,0.0
2025-09-19 18:23:01,18,N,Non-Peak,0.0
2026-09-26 11:22:25,11,W,Non-Peak,24.49406792377957
2026-09-25 16:37:49,16,N,Peak,10.840359709086794
2025-09-16 16:56:24,16,N,Peak,0.0
2025-09-27 16:11:55,16,N,Peak,0.0
2026-09-03 16:08:39,16,E,Peak,14.651310127545983
2026-09-19 16:13:55,16,W,Peak,18.707672267729823
2026-09-04 11:23:21,11,W,Non-Peak,22.870870240321068
2026-09-09 07:07:04,7,W,Non-Peak,20.824901750733343
2026-09-20 11:03:44,11,E,Non-Peak,26.003133320388137
2026-09-24 07:18:42,7,S,Non-Peak,27.388107124547226
2026-09-10 21:32:57,21,S,Non-Peak,24.891913590938422
2026-09-06 12:34:04,12,N,Non-Peak,29.949009234996947
2026-09-10 18:39:27,18,N,Non-Peak,28.98977017801561
2026-09-11 06:50:59,6,W,Non-Peak,27.68398173159309
2026-09-17 01:23:15,1,W,Non-Peak,24.384230020111172
2025-09-23 17:49:06,17,N,Peak,0.0
2025-09-11 16:35:32,16,N,Peak,0.0
2026-09-23 00:06:35,0,N,Non-Peak,27.923819702279378
2026-09-07 07:06:58,7,S,Non-Peak,21.319028916686182
2026-09-17 04:51:57,4,E,Non-Peak,24.20614633260456
2026-09-30 02:45:10,2,S,Non-Peak,27.07080978564968
2025-09-12 18:49:39,18,N,Non-Peak,0.0
2026-09-16 06:40:47,6,N,Non-Peak,21.872056135299957
2026-09-04 16:35:02,16,E,Peak,13.315190025731551
2026-09-23 15:08:31,15,W,Non-Peak,25.569062785811163
2026-09-15 09:37:44,9,S,Non-Peak,25.41411749276865
2026-09-30 07:20:15,7,E,Non-Peak,22.89760123044061
2025-09-03 17:15:07,17,N,Peak,0.0
2026-09-11 21:57:29,21,N,Non-Peak,24.26717455615
2026-09-19 19:31:46,19,S,Non-Peak,20.12559066394703
2025-09-16 17:40:03,17,N,Peak,0.0
2026-09-14 15:35:57,15,E,Non-Peak,27.155028776559075
2025-09-13 16:13:42,16,N,Peak,0.0
2026-09-29 17:30:40,17,S,Peak,16.797435595772868
2025-09-30 16:06:20,16,N,Peak,0.0
2026-09-28 23:32:12,23,N,Non-Peak,25.52383586614173
2025-09-23 18:58:00,18,N,Non-Peak,0.0
2025-09-16 18:07:44,18,N,Non-Peak,0.0
2025-09-05 16:54:34,16,N,Peak,0.0
2026-09-21 19:44:38,19,N,Non-Peak,24.13228430527024
2026-09-09 22:45:57,22,W,Non-Peak,22.743212745440275
2026-09-30 02:48:41,2,N,Non-Peak,29.56455429331213
2026-09-10 06:28:56,6,W,Non-Peak,20.77213732036876
2026-09-10 05:47:55,5,W,Non-Peak,26.63588484099471
2026-09-10 01:33:29,1,N,Non-Peak,24.7797284201353
2026-09-21 07:25:45,7,N,Non-Peak,29.472480903414784
2025-09-28 18:33:28,18,N,Non-Peak,0.0
2026-09-08 19:00:42,19,W,Non-Peak,29.06538956960823
2026-09-17 13:09:16,13,S,Non-Peak,23.60717254581672
2025-09-24 17:02:25,17,N,Peak,0.0
2026-09-25 17:46:20,17,E,Peak,19.83452165231393
2026-09-14 22:26:38,22,N,Non-Peak,27.062547681844396
2025-09-29 16:55:05,16,N,Peak,0.0
2025-09-10 17:18:34,17,N,Peak,0.0
2025-09-18 17:23:52,17,N,Peak,0.0
2025-09-06 16:18:48,16,N,Peak,0.0
2025-09-16 17:37:45,17,N,Peak,0.0
2026-09-03 23:33:34,23,W,Non-Peak,27.77598948164352
2025-09-09 17:01:16,17,N,Peak,0.0
2025-09-07 18:32:05,18,N,Non-Peak,0.0
2026-09-20 12:29:20,12,W,Non-Peak,25.710685184229945
2026-09-06 11:26:23,11,E,Non-Peak,22.516673976582226
2026-09-08 11:11:30,11,S,Non-Peak,24.12374105153797
2026-09-13 19:06:59,19,N,Non-Peak,22.973094702774382
2025-09-26 18:32:54,18,N,Non-Peak,0.0
2026-09-11 13:17:02,13,N,Non-Peak,21.5231914160071
2025-09-26 18:37:13,18,N,Non-Peak,0.0
2026-09-06 12:46:17,12,S,Non-Peak,23.867449814380628
2025-09-04 18:06:18,18,N,Non-Peak,0.0
2026-09-28 04:10:48,4,S,Non-Peak,28.53153811911322
2025-09-07 17:27:26,17,N,Peak,0.0
2026-09-14 03:30:49,3,W,Non-Peak,27.57983933209047
2025-09-19 16:30:57,16,N,Peak,0.0
2026-09-08 02:10:41,2,S,Non-Peak,20.37225336515802
2026-09-15 09:32:02,9,S,Non-Peak,22.386984232676696
2026-09-27 22:37:58,22,S,Non-Peak,25.08881694870217
2026-09-04 00:29:38,0,S,Non-Peak,26.482624549572115
2026-09-17 08:28:45,8,N,Non-Peak,22.329797366478765
2025-09-05 17:01:28,17,N,Peak,0.0
2026-09-05 04:01:10,4,W,Non-Peak,28.53155855816789
2026-09-10 08:05:24,8,S,Non-Peak,26.234470793012218
2026-09-08 18:20:47,18,W,Non-Peak,22.229673611006667
2026-09-16 19:55:22,19,W,Non-Peak,23.574639628014257
2026-09-03 11:09:15,11,W,Non-Peak,28.31651263939749
2026-09-20 09:09:00,9,W,Non-Peak,25.39704268324778
2026-09-16 23:05:23,23,S,Non-Peak,26.841691596524853
2025-09-12 16:40:29,16,N,Peak,0.0
2025-09-13 17:49:02,17,N,Peak,0.0
2026-09-25 04:01:45,4,W,Non-Peak,24.35635281234171
2025-09-02 17:59:44,17,N,Peak,0.0
2026-09-02 17:17:33,17,W,Peak,17.770626543618274
2026-09-29 03:00:49,3,S,Non-Peak,25.06349907493544
2026-09-01 11:04:17,11,W,Non-Peak,21.061613375933767
2026-09-09 01:46:46,1,E,Non-Peak,28.152646238940576
2025-09-29 17:08:59,17,N,Peak,0.0
2026-09-14 11:58:05,11,S,Non-Peak,24.33261283428655
2026-09-28 18:48:49,18,E,Non-Peak,28.301116446359785
2026-09-26 09:24:48,9,W,Non-Peak,25.58752506198048
2026-09-01 10:52:18,10,N,Non-Peak,27.035317860988677
2026-09-28 05:45:58,5,S,Non-Peak,23.099186346668446
2026-09-07 01:09:38,1,W,Non-Peak,24.61670272787409
2025-09-03 17:27:33,17,N,Peak,0.0
2026-09-06 18:00:45,18,S,Non-Peak,20.453121478374545
2026-09-20 13:09:37,13,N,Non-Peak,22.99381086764015
2026-09-23 04:22:58,4,S,Non-Peak,26.79952745172423
2026-09-16 21:09:47,21,E,Non-Peak,25.78671973820076
2026-09-22 11:05:41,11,N,Non-Peak,23.29233709334815
2025-09-29 16:04:30,16,N,Peak,0.0
2026-09-27 01:27:19,1,E,Non-Peak,20.08582702904844
2026-09-16 12:55:36,12,E,Non-Peak,24.59656404556832
2026-09-15 07:23:44,7,E,Non-Peak,28.580396006772297
2026-09-09 11:49:31,11,W,Non-Peak,28.96380192477796
2026-09-06 16:17:07,16,N,Peak,19.852378281270653
2025-09-18 17:11:41,17,N,Peak,0.0
2026-09-15 20:44:00,20,W,Non-Peak,27.728711784551027
2026-09-21 11:22:11,11,W,Non-Peak,21.298202298323964
2026-09-06 14:08:18,14,W,Non-Peak,28.64607539415232
2026-09-20 10:39:01,10,E,Non-Peak,21.865012521887945
2026-09-16 09:58:05,9,N,Non-Peak,22.32224408300068
2026-09-14 12:56:43,12,W,Non-Peak,27.682123062088177
2026-09-06 05:31:45,5,N,Non-Peak,28.025770038322094
2025-09-05 17:55:44,17,N,Peak,0.0
2026-09-08 05:48:09,5,S,Non-Peak,20.842312389134666
2026-09-21 17:53:53,17,W,Peak,13.540966507114245
2025-09-04 17:02:04,17,N,Peak,0.0
2026-09-27 13:59:52,13,N,Non-Peak,21.8422272089718
2026-09-08 08:31:06,8,S,Non-Peak,21.082140644489805
2026-09-26 03:31:06,3,W,Non-Peak,21.53209776899596
2025-09-03 16:46:03,16,N,Peak,0.0
2026-09-08 07:21:51,7,W,Non-Peak,21.21867732420647
2026-09-15 02:21:11,2,N,Non-Peak,28.75427161010355
2026-09-03 10:04:20,10,E,Non-Peak,23.222400185932063
2026-09-19 21:54:57,21,W,Non-Peak,24.062784039019768
2025-09-28 16:23:34,16,N,Peak,0.0
2025-09-12 16:38:36,16,N,Peak,0.0
2026-09-04 22:32:35,22,S,Non-Peak,21.981947893242307
2026-09-14 00:47:55,0,S,Non-Peak,25.619612646464244
2026-09-09 00:12:04,0,N,Non-Peak,27.99525489702189
2025-09-16 18:53:30,18,N,Non-Peak,0.0
2026-09-02 13:33:13,13,S,Non-Peak,23.266396058829816
2025-09-08 18:52:11,18,N,Non-Peak,0.0
2025-09-08 17:25:02,17,N,Peak,0.0
2026-09-03 04:42:32,4,W,Non-Peak,20.542526427051325
2026-09-24 05:57:16,5,S,Non-Peak,29.769790923542782
2025-09-07 17:41:54,17,N,Peak,0.0
2025-09-11 18:28:36,18,N,Non-Peak,0.0
2026-09-09 10:59:32,10,S,Non-Peak,26.86946995495335
2026-09-23 15:56:37,15,E,Non-Peak,29.75319125215561
2026-09-29 01:49:44,1,W,Non-Peak,26.744464747305507
2025-09-09 16:27:34,16,N,Peak,0.0
2026-09-24 17:45:36,17,S,Peak,19.195566967715067
2026-09-05 15:24:43,15,E,Non-Peak,22.20551795566039
2026-09-21 13:30:10,13,E,Non-Peak,27.593824899412656
2026-09-12 07:40:28,7,S,Non-Peak,24.12095921477099
2025-09-13 17:54:30,17,N,Peak,0.0
2025-09-16 18:03:11,18,N,Non-Peak,0.0
2025-09-12 16:16:49,16,N,Peak,0.0
2025-09-28 18:10:30,18,N,Non-Peak,0.0
2026-09-10 17:04:23,17,N,Peak,10.753756073473172
2026-09-13 08:40:15,8,S,Non-Peak,20.301630047370804
2025-09-20 16:38:11,16,N,Peak,0.0
2026-09-20 10:44:13,10,S,Non-Peak,28.378480605559915
2026-09-16 17:05:44,17,W,Peak,11.282298610387148
2026-09-22 13:07:57,13,W,Non-Peak,24.06912074976768
2026-09-04 12:35:32,12,N,Non-Peak,25.748345985672813
2026-09-11 01:28:31,1,S,Non-Peak,21.59327113769198
2025-09-09 16:34:51,16,N,Peak,0.0
2026-09-03 20:28:32,20,S,Non-Peak,27.99866845230157
2026-09-19 07:00:04,7,E,Non-Peak,22.93100991813841
2026-09-30 15:33:33,15,E,Non-Peak,24.53321189606673
2026-09-12 20:04:27,20,E,Non-Peak,27.33168847753092
2025-09-16 18:24:02,18,N,Non-Peak,0.0
2025-09-27 18:11:12,18,N,Non-Peak,0.0
2026-09-27 09:23:43,9,W,Non-Peak,20.989056361797992
2025-09-30 18:00:35,18,N,Non-Peak,0.0
2026-09-24 07:12:05,7,E,Non-Peak,25.35597255749725
2026-09-18 00:39:43,0,W,Non-Peak,22.83948156312387
2026-09-17 01:40:24,1,E,Non-Peak,25.938401646513416
2026-09-12 15:34:54,15,N,Non-Peak,20.681948779591156
2026-09-07 04:33:21,4,W,Non-Peak,26.38986383337993
2026-09-27 15:55:47,15,S,Non-Peak,21.767435387379408
2026-09-01 03:32:20,3,N,Non-Peak,22.99255054485416
2026-09-12 11:56:28,11,N,Non-Peak,23.170143713494912
2025-09-04 18:09:59,18,N,Non-Peak,0.0
2026-09-22 13:53:13,13,S,Non-Peak,24.548711867190665
2026-09-13 06:40:55,6,S,Non-Peak,24.905617981392258
2026-09-14 17:25:08,17,S,Peak,17.666848562968333
2026-09-19 04:29:15,4,S,Non-Peak,27.41271036296186
2026-09-18 01:41:21,1,N,Non-Peak,26.105174072921816
2025-09-16 16:51:53,16,N,Peak,0.0
2026-09-23 02:14:39,2,E,Non-Peak,28.949594580293777
2025-09-05 16:46:35,16,N,Peak,0.0
2026-09-06 10:18:33,10,W,Non-Peak,28.345403076100304
2026-09-20 20:10:54,20,S,Non-Peak,22.68168390562701
2026-09-13 07:07:13,7,W,Non-Peak,27.357378238910854
2026-09-06 20:56:51,20,S,Non-Peak,21.96305747702204
2026-09-14 22:38:08,22,E,Non-Peak,29.507507425702972
2026-09-09 02:51:42,2,E,Non-Peak,20.687421821331604
2026-09-18 09:58:49,9,E,Non-Peak,28.37170768424537
2025-09-11 17:39:54,17,N,Peak,0.0
2026-09-10 10:00:35,10,E,Non-Peak,24.708371536030867
2025-09-15 18:27:20,18,N,Non-Peak,0.0
2025-09-12 16:20:20,16,N,Peak,0.0
2026-09-05 12:05:02,12,W,Non-Peak,29.701418087733
2026-09-10 11:43:10,11,E,Non-Peak,22.80050148974658
2026-09-22 06:50:03,6,W,Non-Peak,20.10488739126712
2026-09-17 19:47:19,19,E,Non-Peak,21.516752704958662
2025-09-02 16:10:29,16,N,Peak,0.0
2026-09-13 17:04:53,17,S,Peak,11.322601034997316
2026-09-01 21:42:03,21,W,Non-Peak,21.57762213619836
2025-09-23 17:21:57,17,N,Peak,0.0
2025-09-13 18:31:56,18,N,Non-Peak,0.0
2025-09-11 18:28:41,18,N,Non-Peak,0.0
2026-09-27 08:41:39,8,S,Non-Peak,26.19601230812029
2026-09-17 22:38:47,22,S,Non-Peak,26.896987602335567
2026-09-21 23:56:40,23,N,Non-Peak,29.61736750126405
2026-09-22 04:47:42,4,N,Non-Peak,25.536018603080688
2025-09-02 17:01:14,17,N,Peak,0.0
2026-09-13 05:17:07,5,W,Non-Peak,28.457918862709256
2026-09-12 05:57:35,5,E,Non-Peak,21.533440180572534
2026-09-15 23:33:45,23,E,Non-Peak,25.635251901347942
2026-09-19 21:15:05,21,S,Non-Peak,20.45910965745693
2025-09-23 16:24:43,16,N,Peak,0.0
2026-09-02 11:14:12,11,S,Non-Peak,25.042270012245275
2026-09-25 03:46:25,3,E,Non-Peak,21.344435315499595
2025-09-10 17:56:42,17,N,Peak,0.0
2026-09-06 18:27:03,18,S,Non-Peak,22.982750124960614
2026-09-29 10:10:00,10,W,Non-Peak,21.41674527334096
2026-09-15 10:10:53,10,W,Non-Peak,27.13286624105981
2026-09-10 02:13:11,2,N,Non-Peak,27.69728384172363
2025-09-03 17:51:17,17,N,Peak,0.0
2025-09-15 16:27:07,16,N,Peak,0.0
2026-09-19 11:56:27,11,W,Non-Peak,24.270790579897323
2026-09-30 11:57:03,11,N,Non-Peak,27.41555660927056
2026-09-13 12:00:59,12,W,Non-Peak,20.919972395129044
2026-09-14 23:08:15,23,S,Non-Peak,27.12693801351184
2025-09-28 17:45:38,17,N,Peak,0.0
2026-09-11 11:05:34,11,W,Non-Peak,22.13326283463775
2026-09-12 06:24:58,6,N,Non-Peak,27.330864426163043
2026-09-05 03:32:24,3,W,Non-Peak,28.35161510327913
2026-09-05 13:41:32,13,S,Non-Peak,21.89746131019552
2025-09-08 16:22:49,16,N,Peak,0.0
2026-09-09 09:13:31,9,E,Non-Peak,21.24536594217909
2026-09-09 03:09:44,3,N,Non-Peak,21.854237791734075
2026-09-10 20:27:58,20,W,Non-Peak,27.262529780096337
2026-09-06 20:05:15,20,W,Non-Peak,26.29660015880961
2025-09-16 17:17:53,17,N,Peak,0.0
2025-09-01 18:21:09,18,N,Non-Peak,0.0
2026-09-09 21:41:24,21,W,Non-Peak,21.315959637943187
2026-09-15 19:01:22,19,E,Non-Peak,28.061575681228724
2026-09-03 00:29:34,0,W,Non-Peak,23.899926729276192
2025-09-05 16:46:05,16,N,Peak,0.0
2025-09-18 18:29:05,18,N,Non-Peak,0.0
2026-09-25 20:33:45,20,S,Non-Peak,20.64051307879552
2026-09-09 14:13:32,14,W,Non-Peak,26.15001417299144
2025-09-27 17:33:14,17,N,Peak,0.0
2026-09-01 13:29:01,13,W,Non-Peak,23.70608878327218
2026-09-17 20:14:40,20,S,Non-Peak,21.707273176111705
2026-09-28 23:02:57,23,W,Non-Peak,23.257480539294423
2026-09-04 12:23:43,12,W,Non-Peak,23.818326499308935
2025-09-05 16:04:10,16,N,Peak,0.0
2026-09-03 21:35:12,21,S,Non-Peak,23.46242951227225
2026-09-28 09:44:22,9,E,Non-Peak,22.52321306057636
2026-09-18 01:01:49,1,S,Non-Peak,22.970568347058645
2026-09-13 21:01:44,21,W,Non-Peak,26.76794525323959
2026-09-08 09:33:02,9,N,Non-Peak,27.993065165845287
2025-09-19 18:06:05,18,N,Non-Peak,0.0
2026-09-08 08:52:22,8,E,Non-Peak,26.13013808150695
2026-09-23 00:37:19,0,W,Non-Peak,26.34135264981285
2026-09-21 06:19:21,6,S,Non-Peak,25.0411632006379
2026-09-13 04:25:06,4,S,Non-Peak,24.70119390036644
2026-09-16 19:07:30,19,S,Non-Peak,25.87555934232614
2026-09-16 14:27:57,14,N,Non-Peak,29.238569290015008
2025-09-15 17:39:17,17,N,Peak,0.0
2026-09-24 20:11:05,20,E,Non-Peak,28.7320745631468
2025-09-01 18:45:36,18,N,Non-Peak,0.0
2026-09-20 04:38:57,4,N,Non-Peak,28.131586302539134
2026-09-16 02:16:03,2,N,Non-Peak,20.280764851692776
2026-09-30 20:15:20,20,W,Non-Peak,20.17101495665733
2026-09-10 12:25:27,12,N,Non-Peak,20.77484790108728
2026-09-04 02:17:20,2,E,Non-Peak,27.305478740597486
2026-09-23 21:49:23,21,W,Non-Peak,22.97510749460452
2026-09-26 04:52:16,4,E,Non-Peak,23.75611247076774
2026-09-22 12:30:22,12,N,Non-Peak,28.44721264308199
2026-09-01 01:36:43,1,W,Non-Peak,29.598279793162185
2026-09-18 16:08:48,16,N,Peak,18.33362206189224
2026-09-28 02:22:12,2,N,Non-Peak,20.261225163052604
2026-09-11 00:29:32,0,N,Non-Peak,27.73575363348487
2026-09-27 19:31:24,19,E,Non-Peak,23.96998576192657
2026-09-17 18:18:49,18,W,Non-Peak,21.67560389945583
2025-09-03 18:02:51,18,N,Non-Peak,0.0
2026-09-14 23:18:57,23,E,Non-Peak,22.140678734623705
2026-09-09 01:02:03,1,N,Non-Peak,22.09299334813467
2026-09-28 00:40:17,0,S,Non-Peak,24.43459189957149
2026-09-13 03:55:32,3,W,Non-Peak,29.890020484135484
2026-09-08 01:26:20,1,E,Non-Peak,29.266800484762456
2026-09-06 09:17:30,9,W,Non-Peak,22.475851701255955
2025-09-19 17:54:17,17,N,Peak,0.0
2026-09-29 12:45:38,12,N,Non-Peak,21.279837810120995
2026-09-23 12:00:49,12,W,Non-Peak,27.784382109320696
2026-09-16 07:39:06,7,N,Non-Peak,23.151579174648035
2026-09-09 12:46:27,12,W,Non-Peak,29.322064801861053
2026-09-21 01:30:09,1,S,Non-Peak,20.935471490979698
2025-09-10 17:05:10,17,N,Peak,0.0
2026-09-12 05:39:11,5,N,Non-Peak,27.1298054651423
2026-09-13 07:26:17,7,N,Non-Peak,22.391959985106794
2025-09-08 17:12:14,17,N,Peak,0.0
2026-09-01 12:47:46,12,E,Non-Peak,25.423813409194263
2026-09-08 00:52:52,0,W,Non-Peak,20.588444485458044
2025-09-16 16:57:44,16,N,Peak,0.0
2026-09-24 21:11:27,21,S,Non-Peak,27.83429534574536
2026-09-28 04:19:18,4,N,Non-Peak,22.79201755074743
2026-09-15 06:10:33,6,E,Non-Peak,29.61179283724108
2025-09-26 18:36:00,18,N,Non-Peak,0.0
2026-09-07 16:29:55,16,E,Peak,13.082760091477864
2026-09-17 22:05:56,22,E,Non-Peak,27.766041983910103
2026-09-05 14:22:31,14,N,Non-Peak,23.346932466933783
2025-09-16 17:58:51,17,N,Peak,0.0
2026-09-16 22:22:54,22,N,Non-Peak,20.906515892132923
2026-09-09 06:56:34,6,S,Non-Peak,29.12641576112356
2026-09-07 01:08:05,1,W,Non-Peak,21.840697134024968
2025-09-09 18:12:54,18,N,Non-Peak,0.0
2026-09-22 00:04:10,0,W,Non-Peak,29.03391342959968
2026-09-08 08:29:49,8,S,Non-Peak,21.01172466125507
2025-09-09 16:49:25,16,N,Peak,0.0
2026-09-11 20:03:31,20,W,Non-Peak,27.68525983394076
2025-09-10 16:20:42,16,N,Peak,0.0
2026-09-14 15:12:25,15,E,Non-Peak,20.813592324430985
2026-09-16 19:59:37,19,E,Non-Peak,28.448713861159504
2025-09-30 18:41:31,18,N,Non-Peak,0.0
2026-09-23 01:42:59,1,W,Non-Peak,25.68964021443135
2025-09-24 17:48:20,17,N,Peak,0.0
2026-09-04 04:16:26,4,S,Non-Peak,20.41205861200977
2026-09-24 23:03:43,23,E,Non-Peak,20.577961357999957
2026-09-07 23:00:42,23,S,Non-Peak,22.554942334242764
2025-09-01 16:56:06,16,N,Peak,0.0
2025-09-21 18:57:54,18,N,Non-Peak,0.0
2025-09-12 18:26:50,18,N,Non-Peak,0.0
2025-09-10 17:18:29,17,N,Peak,0.0
2025-09-16 18:38:51,18,N,Non-Peak,0.0
2026-09-18 10:57:14,10,N,Non-Peak,24.67585165433209
2025-09-09 16:14:19,16,N,Peak,0.0
2025-09-20 18:09:12,18,N,Non-Peak,0.0
2026-09-13 01:49:15,1,S,Non-Peak,22.222588805403934
2025-09-15 16:13:25,16,N,Peak,0.0
2026-09-01 17:50:52,17,E,Peak,18.90816633136529
2025-09-20 16:31:53,16,N,Peak,0.0
2026-09-16 10:39:37,10,N,Non-Peak,20.12305461487584
2026-09-16 00:40:49,0,S,Non-Peak,27.706193035651754
2025-09-12 17:49:31,17,N,Peak,0.0
2026-09-14 01:18:11,1,W,Non-Peak,25.698765469064952
2026-09-01 09:21:03,9,E,Non-Peak,23.619010313044686
2026-09-02 17:32:48,17,S,Peak,19.10408002105916
2026-09-17 14:01:38,14,E,Non-Peak,25.345179327681965
2025-09-26 18:52:50,18,N,Non-Peak,0.0
2026-09-20 21:10:25,21,S,Non-Peak,27.50808560767873
2026-09-21 19:56:22,19,N,Non-Peak,23.9759725952001
2026-09-17 18:16:54,18,E,Non-Peak,27.26082408610704
2025-09-07 17:57:05,17,N,Peak,0.0
2025-09-28 16:19:11,16,N,Peak,0.0
2026-09-28 00:29:13,0,W,Non-Peak,22.40055944152581
2026-09-14 17:33:06,17,N,Peak,13.198956285185924
2025-09-05 17:31:10,17,N,Peak,0.0
2026-09-15 08:29:03,8,E,Non-Peak,21.86323336955213
2026-09-19 10:41:31,10,W,Non-Peak,25.875561703275505
2026-09-02 22:32:44,22,S,Non-Peak,23.252071822138696
2026-09-23 19:37:11,19,S,Non-Peak,21.360097987115463
2025-09-11 17:23:11,17,N,Peak,0.0
2025-09-26 17:43:06,17,N,Peak,0.0
2026-09-19 12:40:05,12,N,Non-Peak,24.414679469095702
2025-09-10 16:17:03,16,N,Peak,0.0
2025-09-01 17:48:03,17,N,Peak,0.0
2026-09-28 13:27:31,13,E,Non-Peak,23.006258015936663
2026-09-09 19:32:06,19,E,Non-Peak,29.83160092115416
2026-09-29 07:59:52,7,E,Non-Peak,21.40742378124976
2026-09-10 02:09:52,2,E,Non-Peak,20.275138667488008
2026-09-04 04:48:16,4,N,Non-Peak,22.44568371726844
2026-09-27 01:43:26,1,S,Non-Peak,20.04246521035891
2026-09-27 01:15:48,1,W,Non-Peak,29.34174843238886
2026-09-14 04:32:51,4,W,Non-Peak,23.243605681382192
2026-09-10 19:21:49,19,S,Non-Peak,24.827556280551686
2026-09-02 15:22:24,15,S,Non-Peak,20.74867436882729
2026-09-26 07:23:16,7,W,Non-Peak,20.504191314822325
2025-09-20 16:19:14,16,N,Peak,0.0
2025-09-09 16:12:30,16,N,Peak,0.0
2026-09-29 23:51:40,23,N,Non-Peak,22.22025981128488
2026-09-21 09:22:20,9,E,Non-Peak,25.37340970355737
2026-09-01 13:21:16,13,N,Non-Peak,25.257195966621968
2025-09-21 16:45:31,16,N,Peak,0.0
2025-09-07 17:57:34,17,N,Peak,0.0
2026-09-22 14:42:49,14,S,Non-Peak,28.52284046285588
2026-09-17 17:30:57,17,S,Peak,18.931088722927004
2025-09-12 17:09:15,17,N,Peak,0.0
2025-09-03 17:33:17,17,N,Peak,0.0
2026-09-01 13:29:03,13,S,Non-Peak,29.49784815414342
2026-09-23 02:41:10,2,W,Non-Peak,20.691619141104425
2026-09-02 05:34:23,5,E,Non-Peak,27.836372513285266
2025-09-10 16:25:40,16,N,Peak,0.0
2025-09-30 18:23:17,18,N,Non-Peak,0.0
2026-09-27 21:38:20,21,W,Non-Peak,29.10226201526443
2026-09-18 13:03:00,13,E,Non-Peak,21.171303662444185
2025-09-16 17:35:37,17,N,Peak,0.0
2026-09-04 06:50:37,6,E,Non-Peak,27.43046961149955
2025-09-27 16:07:15,16,N,Peak,0.0
2026-09-24 10:34:43,10,E,Non-Peak,20.90834539467207
2026-09-04 22:47:55,22,W,Non-Peak,27.8829833464645
2026-09-25 09:58:28,9,N,Non-Peak,28.21803946706368
2026-09-12 14:21:30,14,N,Non-Peak,22.34047411045605
2026-09-18 01:16:12,1,N,Non-Peak,24.02109447600389
2026-09-09 20:11:12,20,N,Non-Peak,26.44046332738067
2026-09-07 13:46:41,13,S,Non-Peak,24.751995771173327
2026-09-05 02:45:05,2,W,Non-Peak,23.43285314151485
2026-09-11 07:01:48,7,S,Non-Peak,29.060912147839765
2026-09-07 19:21:45,19,S,Non-Peak,22.315794548655443
2026-09-09 15:00:48,15,E,Non-Peak,20.237499818027903
2026-09-11 20:44:09,20,E,Non-Peak,27.30918919281003
2026-09-14 08:00:04,8,W,Non-Peak,27.600791977932204
2025-09-20 16:11:11,16,N,Peak,0.0
2026-09-10 19:12:04,19,N,Non-Peak,24.93664621893494
2025-09-27 16:54:52,16,N,Peak,0.0
2026-09-08 16:35:45,16,E,Peak,16.037329191423677
2026-09-15 16:44:58,16,N,Peak,18.80641192277808
2026-09-05 06:03:13,6,N,Non-Peak,27.90608228714369
2026-09-27 15:34:35,15,E,Non-Peak,21.231102264435044
2026-09-22 14:32:45,14,S,Non-Peak,20.86853329879111
2026-09-12 12:28:00,12,S,Non-Peak,28.90854648283611
2026-09-25 01:05:08,1,N,Non-Peak,23.918264592902386
2026-09-22 15:26:22,15,W,Non-Peak,27.849324137664595
2025-09-12 16:13:43,16,N,Peak,0.0
2025-09-28 17:44:47,17,N,Peak,0.0
2025-09-16 18:09:11,18,N,Non-Peak,0.0
2026-09-18 12:24:03,12,N,Non-Peak,20.0918036609652
2026-09-06 15:47:52,15,W,Non-Peak,24.394989653419927
2025-09-10 16:37:38,16,N,Peak,0.0
2026-09-13 18:05:42,18,W,Non-Peak,25.8603122322761
2025-09-12 17:05:59,17,N,Peak,0.0
2026-09-16 22:02:31,22,E,Non-Peak,29.94615060800204
2026-09-09 03:20:25,3,N,Non-Peak,24.40595898230298
2025-09-11 18:03:42,18,N,Non-Peak,0.0
2026-09-02 08:41:15,8,N,Non-Peak,29.44098341696849
2025-09-01 17:39:10,17,N,Peak,0.0
2026-09-28 23:51:23,23,S,Non-Peak,22.71775771784659
2026-09-21 17:14:54,17,S,Peak,19.865625251719948
2026-09-03 03:25:31,3,W,Non-Peak,24.01816261400301
2026-09-21 19:17:33,19,E,Non-Peak,28.92287672721958
2025-09-16 17:41:24,17,N,Peak,0.0
2026-09-02 09:18:57,9,S,Non-Peak,29.911175325982267
2026-09-15 21:27:04,21,W,Non-Peak,23.58345787826698
2026-09-07 08:25:13,8,W,Non-Peak,27.985158573845936
2026-09-28 13:11:02,13,N,Non-Peak,25.78068621304812
2026-09-16 14:25:45,14,S,Non-Peak,23.4637643579764
2026-09-20 01:28:54,1,E,Non-Peak,22.06209330729345
2025-09-24 18:01:11,18,N,Non-Peak,0.0
2026-09-09 01:17:11,1,S,Non-Peak,27.221691733036277
2026-09-05 03:55:47,3,E,Non-Peak,21.07355019887964
2026-09-23 16:16:03,16,S,Peak,12.438055687229362
2026-09-18 14:25:42,14,N,Non-Peak,29.54233128304779
2026-09-18 05:45:35,5,S,Non-Peak,26.08845224513828
2026-09-07 10:35:44,10,N,Non-Peak,20.83911026446696
2026-09-25 22:35:16,22,W,Non-Peak,21.93984517834228
2025-09-20 17:44:54,17,N,Peak,0.0
2025-09-18 16:08:42,16,N,Peak,0.0
2026-09-04 21:38:35,21,W,Non-Peak,29.149474505338027
2025-09-18 17:32:45,17,N,Peak,0.0
2025-09-13 17:19:13,17,N,Peak,0.0
2026-09-01 07:21:48,7,E,Non-Peak,24.17919286434644
2025-09-10 18:58:50,18,N,Non-Peak,0.0
2026-09-19 01:31:18,1,N,Non-Peak,22.204683091287997
2025-09-05 17:57:42,17,N,Peak,0.0
2026-09-30 01:36:57,1,N,Non-Peak,24.63610774740195
2026-09-11 04:38:11,4,E,Non-Peak,25.308494804927708
2026-09-02 22:44:15,22,S,Non-Peak,28.22889669212277
2025-09-29 18:46:29,18,N,Non-Peak,0.0
2026-09-11 06:57:19,6,S,Non-Peak,22.28156846598967
2026-09-22 22:25:09,22,S,Non-Peak,21.97846222654203
2026-09-17 22:48:45,22,S,Non-Peak,28.057265725321837
2026-09-02 03:22:40,3,W,Non-Peak,27.36437669038412
2026-09-13 03:51:58,3,E,Non-Peak,25.595326601052548
2026-09-26 01:18:33,1,S,Non-Peak,25.331230025925883
2026-09-05 04:35:42,4,S,Non-Peak,21.56973253910186
2026-09-25 21:57:03,21,E,Non-Peak,27.638687827643423
2025-09-15 17:51:36,17,N,Peak,0.0
2025-09-26 17:31:48,17,N,Peak,0.0
2025-09-11 17:37:24,17,N,Peak,0.0
2026-09-21 09:03:23,9,N,Non-Peak,21.588790448495303
2026-09-15 17:28:59,17,W,Peak,14.308066113829629
2026-09-23 15:28:52,15,S,Non-Peak,26.874234525574767
2025-09-26 16:48:40,16,N,Peak,0.0
2026-09-20 21:00:19,21,S,Non-Peak,24.16231908667689
2026-09-21 20:03:01,20,N,Non-Peak,25.198688440709176
2026-09-12 00:19:14,0,W,Non-Peak,29.4951089282378
2025-09-01 16:01:34,16,N,Peak,0.0
2026-09-01 23:58:06,23,N,Non-Peak,28.459582615223923
2026-09-11 13:13:26,13,E,Non-Peak,25.845581276268888
2025-09-16 17:16:55,17,N,Peak,0.0
2026-09-22 13:41:55,13,W,Non-Peak,27.527692850773725
2026-09-01 10:40:27,10,E,Non-Peak,27.288373325002432
2026-09-08 19:17:44,19,S,Non-Peak,28.12518176752773
2026-09-15 18:58:49,18,N,Non-Peak,21.44080373105388
2025-09-30 18:54:18,18,N,Non-Peak,0.0
2026-09-13 00:14:05,0,N,Non-Peak,27.91460261947832
2025-09-16 16:17:49,16,N,Peak,0.0
2026-09-06 08:09:44,8,W,Non-Peak,24.33553453663377
2026-09-22 19:15:35,19,W,Non-Peak,27.662793734849966
2026-09-14 22:05:13,22,E,Non-Peak,20.694380472753267
2026-09-23 21:09:15,21,S,Non-Peak,29.65686525143869
2026-09-29 01:00:56,1,E,Non-Peak,24.01580482821185
2026-09-28 14:26:25,14,E,Non-Peak,21.678862512279423
2026-09-05 17:59:20,17,W,Peak,14.408048871889443
2025-09-10 18:05:00,18,N,Non-Peak,0.0
2026-09-19 03:31:48,3,E,Non-Peak,21.603093601822792
2025-09-16 18:45:21,18,N,Non-Peak,0.0
2026-09-02 20:16:07,20,E,Non-Peak,26.74225486910304
2025-09-06 16:14:54,16,N,Peak,0.0
2025-09-18 17:33:18,17,N,Peak,0.0
2025-09-13 16:44:13,16,N,Peak,0.0
2026-09-02 12:26:56,12,N,Non-Peak,20.143153841854584
2026-09-03 19:17:55,19,E,Non-Peak,22.399771197778534
2026-09-10 00:37:44,0,E,Non-Peak,27.59930343772058
2026-09-28 10:11:19,10,S,Non-Peak,26.93258872606591
2026-09-30 15:54:52,15,E,Non-Peak,26.91479881065124
2026-09-06 00:17:36,0,W,Non-Peak,24.95290164883549
2026-09-15 15:38:52,15,E,Non-Peak,27.85584550097208
2026-09-28 10:43:59,10,W,Non-Peak,24.246460734208014
2026-09-10 19:42:26,19,E,Non-Peak,29.30014547066122
2025-09-15 17:01:37,17,N,Peak,0.0
2026-09-09 15:32:15,15,N,Non-Peak,29.51800208890769
2026-09-30 16:34:58,16,W,Peak,19.75495240497288
2026-09-22 00:39:28,0,N,Non-Peak,20.937184618644945
2026-09-17 21:44:10,21,N,Non-Peak,27.359073555476645
2026-09-09 11:37:31,11,N,Non-Peak,28.66908288173057
2025-09-08 17:43:48,17,N,Peak,0.0
2025-09-19 18:41:53,18,N,Non-Peak,0.0
2026-09-01 17:05:42,17,E,Peak,16.62731583805862
2025-09-28 17:21:24,17,N,Peak,0.0
2026-09-06 18:55:50,18,N,Non-Peak,23.681123441312
2026-09-10 18:52:59,18,S,Non-Peak,26.55031349204311
2025-09-21 16:46:21,16,N,Peak,0.0
2025-09-30 18:41:29,18,N,Non-Peak,0.0
2025-09-13 17:19:05,17,N,Peak,0.0
2026-09-03 01:51:02,1,E,Non-Peak,29.30583869499028
2026-09-18 09:54:49,9,E,Non-Peak,25.414211820390825
2025-09-18 17:41:22,17,N,Peak,0.0
2025-09-26 18:14:35,18,N,Non-Peak,0.0
2025-09-02 17:39:10,17,N,Peak,0.0
2026-09-04 22:47:19,22,S,Non-Peak,28.74789606163614
2026-09-12 20:38:51,20,W,Non-Peak,27.62547531985627
2026-09-20 10:21:37,10,S,Non-Peak,27.570573337968117
2025-09-04 17:40:46,17,N,Peak,0.0
2025-09-07 16:19:08,16,N,Peak,0.0
2026-09-18 03:11:14,3,N,Non-Peak,26.775193322182407
2025-09-16 18:57:04,18,N,Non-Peak,0.0
2026-09-10 06:41:45,6,N,Non-Peak,29.09872188818371
2026-09-16 12:26:47,12,E,Non-Peak,21.29527324151787
2025-09-13 16:04:05,16,N,Peak,0.0
2026-09-03 23:18:04,23,S,Non-Peak,21.25521079237042
2026-09-21 16:03:06,16,N,Peak,13.453744929917091
2026-09-09 07:44:45,7,N,Non-Peak,24.284516651182013
2025-09-15 16:15:14,16,N,Peak,0.0
2026-09-23 19:42:36,19,S,Non-Peak,22.278605805106302
2026-09-17 05:34:39,5,W,Non-Peak,28.880404636073514
2025-09-24 17:09:27,17,N,Peak,0.0
2026-09-18 13:08:23,13,W,Non-Peak,25.30575958186394
2026-09-05 16:41:07,16,E,Peak,15.04157445741237
2026-09-29 08:27:21,8,E,Non-Peak,28.97878708945934
2026-09-14 23:10:41,23,E,Non-Peak,29.07521228017431
2026-09-01 16:58:15,16,E,Peak,10.677133289249216
2026-09-14 11:58:04,11,W,Non-Peak,26.20777122746102
2026-09-30 04:41:18,4,E,Non-Peak,26.77321981157076
2026-09-25 01:26:06,1,S,Non-Peak,22.248667755770573
2026-09-25 22:26:20,22,W,Non-Peak,27.696541170016623
2026-09-14 14:12:03,14,W,Non-Peak,21.794397223412044
2026-09-10 15:13:16,15,N,Non-Peak,20.964639324336066
2025-09-16 17:29:44,17,N,Peak,0.0
2026-09-14 22:36:21,22,W,Non-Peak,27.50826745497349
2026-09-16 08:43:00,8,W,Non-Peak,23.493421232267863
2025-09-29 16:52:42,16,N,Peak,0.0
2026-09-27 16:46:52,16,W,Peak,17.841901467525513
2025-09-05 16:46:49,16,N,Peak,0.0
2026-09-11 02:30:42,2,N,Non-Peak,24.900671503763228
2026-09-10 21:55:37,21,W,Non-Peak,26.75282163352406
2026-09-09 07:46:19,7,N,Non-Peak,26.79004722338132
2026-09-16 22:01:12,22,N,Non-Peak,24.68097624951225
2025-09-05 16:14:57,16,N,Peak,0.0
2025-09-13 17:15:00,17,N,Peak,0.0
2026-09-27 04:07:48,4,W,Non-Peak,22.30884546995568
2026-09-06 02:08:47,2,N,Non-Peak,29.908632703162333
2026-09-18 14:55:47,14,N,Non-Peak,26.655915558222294
2025-09-22 18:24:43,18,N,Non-Peak,0.0
2026-09-15 20:11:47,20,W,Non-Peak,23.20665222240841
2026-09-25 03:58:05,3,E,Non-Peak,25.396226683609324
2025-09-29 18:37:37,18,N,Non-Peak,0.0
2025-09-10 18:48:19,18,N,Non-Peak,0.0
2026-09-23 00:25:43,0,W,Non-Peak,28.217668201729428
2025-09-15 17:03:18,17,N,Peak,0.0
2025-09-24 16:10:47,16,N,Peak,0.0
2025-09-11 16:42:00,16,N,Peak,0.0
2025-09-29 18:21:50,18,N,Non-Peak,0.0
2026-09-24 11:02:27,11,W,Non-Peak,27.50050540047237
2026-09-14 02:07:17,2,S,Non-Peak,26.444628437225397
2026-09-06 12:35:29,12,N,Non-Peak,25.131910164893327
2026-09-12 17:04:53,17,W,Peak,14.70795587581364
2025-09-13 17:16:39,17,N,Peak,0.0
2026-09-25 12:22:32,12,E,Non-Peak,29.15683181285928
2026-09-01 18:16:49,18,N,Non-Peak,26.06032349594244
2025-09-12 17:13:18,17,N,Peak,0.0
2025-09-01 17:50:40,17,N,Peak,0.0
2026-09-14 13:17:23,13,E,Non-Peak,26.6882109728148
2026-09-19 07:20:16,7,N,Non-Peak,24.162333048682065
2026-09-29 05:49:46,5,E,Non-Peak,29.1204314193216
2025-09-11 18:41:54,18,N,Non-Peak,0.0
2026-09-01 18:24:22,18,S,Non-Peak,26.063910995323305
2025-09-18 18:23:57,18,N,Non-Peak,0.0
2026-09-11 16:44:56,16,E,Peak,18.19523719362652
2025-09-24 16:22:22,16,N,Peak,0.0
2025-09-21 16:43:39,16,N,Peak,0.0
2026-09-26 20:43:06,20,W,Non-Peak,26.71018409700233
2026-09-28 08:32:21,8,S,Non-Peak,22.551658170276124
2025-09-03 16:20:22,16,N,Peak,0.0
2026-09-22 10:25:33,10,N,Non-Peak,22.85093096809433
2026-09-17 17:32:02,17,E,Peak,18.157577030027696
2025-09-01 16:15:43,16,N,Peak,0.0
2026-09-28 09:22:01,9,E,Non-Peak,28.069518614739614
2026-09-16 22:08:14,22,E,Non-Peak,28.36397002290532
2026-09-26 03:37:29,3,N,Non-Peak,29.13388842552672
2025-09-15 18:34:52,18,N,Non-Peak,0.0
2025-09-07 16:16:59,16,N,Peak,0.0
2025-09-29 18:36:47,18,N,Non-Peak,0.0
2026-09-12 13:53:54,13,N,Non-Peak,24.008706893903916
2025-09-19 18:53:21,18,N,Non-Peak,0.0
2026-09-25 05:43:14,5,E,Non-Peak,29.306624584085665
2026-09-22 16:46:04,16,W,Peak,14.738541826280985
2026-09-14 10:43:58,10,N,Non-Peak,26.7217261574113
2025-09-13 18:16:49,18,N,Non-Peak,0.0
2025-09-23 16:06:44,16,N,Peak,0.0
2025-09-18 16:02:39,16,N,Peak,0.0
2026-09-11 14:59:24,14,E,Non-Peak,21.28855012939826
2026-09-29 16:13:36,16,N,Peak,12.66036827663702
2026-09-27 21:34:18,21,W,Non-Peak,27.250847766379465
2025-09-16 16:16:05,16,N,Peak,0.0
2025-09-15 17:03:14,17,N,Peak,0.0
2026-09-25 15:39:20,15,W,Non-Peak,25.289160411058774
2026-09-11 09:54:38,9,S,Non-Peak,25.36828406740593
2026-09-11 14:17:25,14,S,Non-Peak,27.99918184591405
2026-09-09 02:38:23,2,W,Non-Peak,23.76782989915977
2025-09-29 16:27:21,16,N,Peak,0.0
2025-09-24 16:54:43,16,N,Peak,0.0
2025-09-21 17:04:20,17,N,Peak,0.0
2026-09-11 06:35:46,6,N,Non-Peak,29.97920488937952
2026-09-04 11:32:13,11,N,Non-Peak,21.462034751106767
2025-09-09 17:18:59,17,N,Peak,0.0
2026-09-26 14:36:12,14,N,Non-Peak,24.545998406259518
2026-09-09 11:24:17,11,S,Non-Peak,24.709324559269486
2026-09-23 03:25:51,3,N,Non-Peak,21.964995757643663
2026-09-11 12:46:28,12,S,Non-Peak,23.09200304821892
2026-09-06 22:22:43,22,E,Non-Peak,21.88387034776031
2026-09-22 00:44:13,0,S,Non-Peak,21.7100857132521
2025-09-11 16:43:46,16,N,Peak,0.0
2025-09-04 16:09:56,16,N,Peak,0.0
2026-09-05 20:55:39,20,S,Non-Peak,24.09710230988153
2026-09-26 07:03:46,7,S,Non-Peak,28.69595688388006
2025-09-24 16:31:51,16,N,Peak,0.0
2026-09-09 16:11:57,16,S,Peak,16.87991419464953
2026-09-19 17:25:33,17,E,Peak,17.782370255131287
2026-09-02 16:43:47,16,E,Peak,11.258526926735298
2025-09-21 16:42:45,16,N,Peak,0.0
2026-09-09 00:48:11,0,N,Non-Peak,23.687415726111823
2025-09-09 18:39:48,18,N,Non-Peak,0.0
2025-09-10 17:39:19,17,N,Peak,0.0
2026-09-21 20:34:51,20,N,Non-Peak,28.23208709793017
2025-09-15 16:27:31,16,N,Peak,0.0
2026-09-16 18:07:08,18,W,Non-Peak,24.200521162051835
2026-09-28 15:17:10,15,S,Non-Peak,27.88160052909287
2025-09-24 17:18:41,17,N,Peak,0.0
2026-09-15 20:44:59,20,S,Non-Peak,20.441871285760357
2026-09-17 20:43:48,20,N,Non-Peak,25.034528267042205
2026-09-08 04:50:23,4,N,Non-Peak,28.34919163615228
2026-09-14 14:26:36,14,E,Non-Peak,26.074333027562737
2026-09-26 05:07:36,5,N,Non-Peak,29.886776651977343
2026-09-04 00:08:32,0,W,Non-Peak,25.83449603420224
2026-09-13 14:46:36,14,N,Non-Peak,26.461007106492477
2026-09-26 23:19:56,23,E,Non-Peak,28.621688600352
2026-09-14 17:36:18,17,S,Peak,17.552444237118944
2026-09-28 18:12:49,18,E,Non-Peak,24.16550785203308
2026-09-14 08:08:12,8,W,Non-Peak,25.184248623050024
2026-09-03 22:17:58,22,S,Non-Peak,20.12132877888905
2025-09-01 16:10:07,16,N,Peak,0.0
2026-09-30 18:23:42,18,E,Non-Peak,22.35679898764278
2026-09-13 20:22:55,20,N,Non-Peak,21.907736305030937
2025-09-03 18:17:36,18,N,Non-Peak,0.0
2026-09-26 18:22:56,18,W,Non-Peak,26.406164239420065
2025-09-12 18:11:15,18,N,Non-Peak,0.0
2025-09-09 16:48:27,16,N,Peak,0.0
2026-09-16 22:27:07,22,S,Non-Peak,24.493085450560528
2026-09-25 10:54:04,10,W,Non-Peak,27.69898355279168
2026-09-09 23:25:45,23,S,Non-Peak,20.86136067726825
2026-09-15 00:24:08,0,N,Non-Peak,22.52120141741642
2026-09-20 07:15:07,7,W,Non-Peak,23.111479548607168
2026-09-30 14:05:05,14,E,Non-Peak,22.766678224776832
2025-09-21 17:56:49,17,N,Peak,0.0
2026-09-27 07:46:34,7,W,Non-Peak,21.00174207036605
2026-09-22 11:33:20,11,E,Non-Peak,21.60786250212518
2026-09-03 01:04:52,1,E,Non-Peak,28.66483363854842
2025-09-30 18:08:21,18,N,Non-Peak,0.0
2026-09-29 15:09:33,15,E,Non-Peak,24.01143925153965
2026-09-21 20:45:16,20,S,Non-Peak,28.09404073644927
2025-09-06 18:33:35,18,N,Non-Peak,0.0
2026-09-10 16:22:18,16,W,Peak,17.223032349572634
2025-09-04 17:33:40,17,N,Peak,0.0
2026-09-21 16:09:52,16,E,Peak,16.509670780730566
2026-09-24 15:16:47,15,E,Non-Peak,27.44140881538725
2026-09-06 01:12:30,1,W,Non-Peak,23.469070537736155
2026-09-27 02:36:06,2,W,Non-Peak,28.567896311913
2026-09-13 23:41:45,23,N,Non-Peak,21.621743685409815
2026-09-22 07:46:32,7,W,Non-Peak,21.953454613715703
2025-09-18 17:31:32,17,N,Peak,0.0
2025-09-10 18:37:43,18,N,Non-Peak,0.0
2026-09-17 06:25:12,6,E,Non-Peak,26.343666585400825
2026-09-01 13:56:40,13,E,Non-Peak,29.485287757300185
2026-09-07 21:23:49,21,N,Non-Peak,21.159871337854195
2026-09-06 14:08:01,14,W,Non-Peak,26.422364904743503
2026-09-26 19:01:01,19,N,Non-Peak,20.481709996830457
2026-09-05 19:14:56,19,S,Non-Peak,20.27178147053689
2026-09-25 18:05:29,18,E,Non-Peak,29.2280128050489
2026-09-02 05:12:54,5,N,Non-Peak,22.898875078185032
2026-09-06 15:38:21,15,S,Non-Peak,23.41687339465385
2026-09-16 23:04:34,23,W,Non-Peak,29.385391461153983
2026-09-21 22:11:59,22,S,Non-Peak,24.27309073353582
2026-09-09 19:18:26,19,E,Non-Peak,22.485763568283375
2025-09-18 17:52:44,17,N,Peak,0.0
2025-09-18 16:00:33,16,N,Peak,0.0
2026-09-21 20:04:15,20,W,Non-Peak,29.799176920186824
2025-09-23 18:50:17,18,N,Non-Peak,0.0
2026-09-25 16:51:31,16,N,Peak,15.627402491911434
2026-09-22 06:48:05,6,S,Non-Peak,27.748638560073
2025-09-10 16:02:07,16,N,Peak,0.0
2025-09-04 18:29:40,18,N,Non-Peak,0.0
2025-09-01 17:29:08,17,N,Peak,0.0
2026-09-06 02:32:08,2,N,Non-Peak,27.087217312086395
2026-09-21 06:05:13,6,S,Non-Peak,29.28391418653296
2025-09-02 18:28:54,18,N,Non-Peak,0.0
2026-09-28 07:26:01,7,N,Non-Peak,26.638388305320653
2025-09-27 17:04:56,17,N,Peak,0.0
2025-09-08 17:25:00,17,N,Peak,0.0
2026-09-19 22:38:31,22,W,Non-Peak,26.059727618210506
2025-09-05 16:10:15,16,N,Peak,0.0
2026-09-08 14:22:21,14,E,Non-Peak,20.14685029775145
2026-09-09 22:29:31,22,S,Non-Peak,20.396371461510576
2026-09-14 06:03:16,6,N,Non-Peak,29.40544665105572
2026-09-18 02:47:51,2,S,Non-Peak,29.54545689826089
2026-09-16 13:33:21,13,E,Non-Peak,28.32509717585008
2026-09-26 23:33:13,23,W,Non-Peak,28.152140723702683
2026-09-08 16:08:46,16,S,Peak,10.418058716281088
2026-09-22 08:33:36,8,S,Non-Peak,20.4766639596056
2025-09-16 17:42:20,17,N,Peak,0.0
2026-09-14 08:13:10,8,N,Non-Peak,21.837259375310666
2026-09-20 11:13:15,11,S,Non-Peak,26.987525646480517
2026-09-13 13:29:39,13,E,Non-Peak,22.534437794640716
2026-09-15 03:22:11,3,E,Non-Peak,23.601197336789763
2025-09-30 16:39:00,16,N,Peak,0.0
2026-09-10 01:32:20,1,S,Non-Peak,21.80804556858948
2026-09-11 23:05:37,23,S,Non-Peak,21.16985477910108
2025-09-15 16:17:08,16,N,Peak,0.0
2026-09-11 03:30:03,3,W,Non-Peak,20.23875095962215
2026-09-15 06:24:27,6,E,Non-Peak,28.562703883346863
2025-09-16 18:51:48,18,N,Non-Peak,0.0
2026-09-24 17:31:07,17,N,Peak,16.83675592126274
2026-09-05 04:04:08,4,N,Non-Peak,22.875115840308037
2026-09-04 23:45:23,23,E,Non-Peak,24.180282940134468
2026-09-30 10:41:58,10,W,Non-Peak,29.45271805892862
2026-09-29 20:03:03,20,W,Non-Peak,23.528734632420928
2026-09-03 08:39:57,8,E,Non-Peak,21.380256376788484
2025-09-28 16:41:19,16,N,Peak,0.0
2026-09-07 17:09:20,17,N,Peak,13.348901060804238
2025-09-16 18:16:24,18,N,Non-Peak,0.0
2026-09-24 00:44:29,0,W,Non-Peak,28.097198448468845
2026-09-26 07:27:24,7,E,Non-Peak,23.922478861126507
2026-09-16 13:19:24,13,S,Non-Peak,29.695169085900503
2025-09-09 16:57:55,16,N,Peak,0.0
2026-09-25 03:54:01,3,N,Non-Peak,25.874186528417138
2026-09-05 16:24:00,16,E,Peak,18.297227623515404
2026-09-20 05:03:51,5,W,Non-Peak,20.01308433208108
2026-09-03 20:46:59,20,S,Non-Peak,27.929286071788635
2025-09-16 16:57:40,16,N,Peak,0.0
2025-09-10 18:09:22,18,N,Non-Peak,0.0
2025-09-26 17:14:12,17,N,Peak,0.0
2026-09-23 21:58:07,21,E,Non-Peak,28.36301150071704
2025-09-26 16:49:14,16,N,Peak,0.0
2025-09-16 17:57:28,17,N,Peak,0.0
2026-09-23 18:24:02,18,W,Non-Peak,29.795643028071943
2026-09-20 05:46:06,5,N,Non-Peak,24.71936976400948
2026-09-14 09:47:03,9,W,Non-Peak,25.9278630691006
2026-09-09 09:38:03,9,E,Non-Peak,21.60659104876598
2025-09-07 16:42:02,16,N,Peak,0.0
2026-09-06 10:20:02,10,E,Non-Peak,23.719099401795567
2026-09-09 09:06:15,9,W,Non-Peak,25.554041443180758
2026-09-12 12:21:31,12,W,Non-Peak,21.55839851929829
2026-09-23 05:27:11,5,E,Non-Peak,28.49526202764773
2026-09-14 00:16:03,0,E,Non-Peak,29.70796700385428
2026-09-13 13:11:43,13,E,Non-Peak,20.398582539630237
2026-09-02 05:12:27,5,S,Non-Peak,25.87708676618353
2026-09-27 11:32:40,11,W,Non-Peak,21.887884318409423
2026-09-02 23:41:24,23,S,Non-Peak,22.157918854430104
2026-09-23 08:21:39,8,E,Non-Peak,24.93248503860049
2026-09-27 23:57:55,23,S,Non-Peak,21.922972003494795
2026-09-01 01:22:41,1,S,Non-Peak,26.119427602716694
2025-09-15 17:27:16,17,N,Peak,0.0
2025-09-15 16:29:35,16,N,Peak,0.0
2026-09-25 15:20:26,15,E,Non-Peak,26.604329320287803
2026-09-22 10:42:43,10,W,Non-Peak,22.28606449896312
2026-09-27 00:51:15,0,N,Non-Peak,24.304017492268198
2026-09-13 14:18:40,14,E,Non-Peak,24.31990328573981
2026-09-20 18:04:28,18,N,Non-Peak,26.433147643423624
2026-09-14 03:36:41,3,W,Non-Peak,24.11310141772182
2025-09-23 18:08:20,18,N,Non-Peak,0.0
2026-09-01 07:02:21,7,N,Non-Peak,23.927189680683163
2026-09-13 05:06:31,5,N,Non-Peak,26.17953230474793
2026-09-28 04:36:48,4,S,Non-Peak,22.875287218472444
2026-09-12 13:36:57,13,E,Non-Peak,20.47796671763136
2026-09-03 14:39:09,14,N,Non-Peak,27.411330498174483
2026-09-27 16:36:17,16,N,Peak,16.64602559649672
2026-09-13 18:07:56,18,N,Non-Peak,27.544695955112584
2026-09-10 17:22:40,17,S,Peak,16.666470781161106
2025-09-13 17:19:24,17,N,Peak,0.0
2025-09-23 18:18:00,18,N,Non-Peak,0.0
2025-09-16 17:57:08,17,N,Peak,0.0
2026-09-02 19:01:54,19,N,Non-Peak,26.763569355329388
2025-09-01 18:28:31,18,N,Non-Peak,0.0
2026-09-28 08:47:16,8,N,Non-Peak,29.44112054854515
2025-09-05 17:36:05,17,N,Peak,0.0
2026-09-13 05:40:15,5,N,Non-Peak,28.664651463257957
2026-09-11 23:33:03,23,W,Non-Peak,26.66519753264001
2026-09-20 12:18:56,12,W,Non-Peak,24.77102768333661
2026-09-03 17:18:54,17,N,Peak,13.766039023855829
2026-09-21 03:28:59,3,W,Non-Peak,29.403117980329704
2026-09-19 20:13:22,20,E,Non-Peak,29.53041657617659
2026-09-24 12:13:19,12,N,Non-Peak,22.602134259827544
2026-09-10 17:56:58,17,W,Peak,11.383151539762911
2026-09-24 08:29:08,8,N,Non-Peak,22.789296948740724
2025-09-10 17:03:41,17,N,Peak,0.0
2025-09-10 17:14:53,17,N,Peak,0.0
2025-09-24 16:32:34,16,N,Peak,0.0
2026-09-30 16:30:27,16,N,Peak,15.409206077721306
2026-09-23 14:30:07,14,S,Non-Peak,29.82956795248978
2025-09-06 18:48:54,18,N,Non-Peak,0.0
2025-09-24 16:41:43,16,N,Peak,0.0
2026-09-27 08:18:32,8,W,Non-Peak,29.98960410522274
2026-09-11 10:07:20,10,S,Non-Peak,20.726767512546413
2026-09-06 04:30:58,4,S,Non-Peak,27.6741986190603
2026-09-11 21:53:29,21,E,Non-Peak,23.957475205159565
2025-09-09 17:20:23,17,N,Peak,0.0
2025-09-01 16:37:54,16,N,Peak,0.0
2025-09-09 17:21:19,17,N,Peak,0.0
2026-09-19 05:27:52,5,W,Non-Peak,26.03288309654422
2026-09-18 03:02:44,3,W,Non-Peak,28.41968944653087
2026-09-28 08:40:48,8,N,Non-Peak,27.857370255656253
2025-09-16 16:31:26,16,N,Peak,0.0
2026-09-05 15:07:00,15,W,Non-Peak,27.942772415570268
2026-09-15 03:21:56,3,N,Non-Peak,24.10258243355916
2026-09-06 11:33:41,11,E,Non-Peak,21.928789369693835
2026-09-26 17:10:04,17,S,Peak,15.330582600868487
2026-09-10 23:31:42,23,W,Non-Peak,29.90239650092724
2025-09-15 16:30:31,16,N,Peak,0.0
2025-09-04 18:07:14,18,N,Non-Peak,0.0
2025-09-19 18:59:09,18,N,Non-Peak,0.0
2026-09-06 19:47:22,19,S,Non-Peak,23.77470522211216
2026-09-04 17:12:42,17,N,Peak,16.427203060072678
2025-09-30 16:29:59,16,N,Peak,0.0
2026-09-08 03:49:21,3,W,Non-Peak,21.093149229183894
2026-09-18 16:06:15,16,W,Peak,18.36294653036766
2026-09-28 11:01:12,11,E,Non-Peak,23.28936414179589
2026-09-12 17:02:33,17,E,Peak,15.15509393819758
2026-09-09 20:53:08,20,S,Non-Peak,22.528982758030526
2025-09-16 16:13:58,16,N,Peak,0.0
2025-09-16 17:08:46,17,N,Peak,0.0
2025-09-30 18:05:21,18,N,Non-Peak,0.0
2026-09-06 12:06:15,12,E,Non-Peak,22.34201384178553
2026-09-07 13:33:14,13,N,Non-Peak,22.579151819999083
2025-09-06 18:25:08,18,N,Non-Peak,0.0
2025-09-11 16:51:10,16,N,Peak,0.0
2025-09-19 16:41:28,16,N,Peak,0.0
2026-09-29 23:22:18,23,N,Non-Peak,22.86301408098253
2025-09-11 18:19:41,18,N,Non-Peak,0.0
2025-09-24 16:02:32,16,N,Peak,0.0
2026-09-03 23:47:04,23,S,Non-Peak,23.889831867551205
2025-09-29 18:48:33,18,N,Non-Peak,0.0
2025-09-13 17:15:09,17,N,Peak,0.0
2025-09-10 16:24:01,16,N,Peak,0.0
2026-09-10 00:37:06,0,E,Non-Peak,23.207749602666528
2026-09-03 17:04:12,17,E,Peak,11.02489528242469
2025-09-16 17:05:41,17,N,Peak,0.0
2026-09-02 02:59:35,2,W,Non-Peak,24.094577295335466
2026-09-07 00:16:19,0,W,Non-Peak,23.157154635684613
2025-09-16 18:33:33,18,N,Non-Peak,0.0
2025-09-07 17:25:41,17,N,Peak,0.0
2025-09-06 17:03:40,17,N,Peak,0.0
2025-09-13 16:13:03,16,N,Peak,0.0
2026-09-01 00:08:06,0,W,Non-Peak,29.12759302869601
2026-09-29 22:42:45,22,N,Non-Peak,25.41105520420381
2026-09-16 02:55:21,2,E,Non-Peak,29.966829393727757
2026-09-30 08:38:16,8,W,Non-Peak,25.15093746851389
2026-09-28 05:45:17,5,E,Non-Peak,23.09831026540937
2025-09-12 18:17:17,18,N,Non-Peak,0.0
2025-09-19 16:28:56,16,N,Peak,0.0
2025-09-28 17:41:48,17,N,Peak,0.0
2026-09-22 13:49:06,13,E,Non-Peak,24.17040216618903
2025-09-06 16:25:32,16,N,Peak,0.0
2026-09-29 20:48:57,20,W,Non-Peak,21.178026001926717
2026-09-22 15:45:52,15,W,Non-Peak,27.47240741550371
2026-09-06 11:12:56,11,E,Non-Peak,24.05332364663432
2026-09-22 08:37:44,8,W,Non-Peak,24.434445335832656
2026-09-10 22:07:45,22,W,Non-Peak,23.443053262296893
2025-09-16 18:19:46,18,N,Non-Peak,0.0
2026-09-06 15:51:28,15,S,Non-Peak,25.51042796907209
2025-09-18 18:11:10,18,N,Non-Peak,0.0
2026-09-06 22:14:39,22,W,Non-Peak,26.821307763117325
2026-09-15 19:12:32,19,S,Non-Peak,26.18053687307739
2025-09-30 17:52:01,17,N,Peak,0.0
2026-09-16 22:53:31,22,S,Non-Peak,29.70104863112983
2026-09-12 03:55:16,3,W,Non-Peak,26.43865231988713
2026-09-11 13:07:16,13,W,Non-Peak,26.69391019621568
2026-09-29 17:25:39,17,S,Peak,16.918951095296485
2025-09-03 18:40:21,18,N,Non-Peak,0.0
2025-09-18 16:07:03,16,N,Peak,0.0
2026-09-25 10:17:26,10,N,Non-Peak,21.941588854587195
2026-09-03 11:29:44,11,S,Non-Peak,23.77579473339383
2025-09-24 16:30:09,16,N,Peak,0.0
2026-09-07 02:41:15,2,N,Non-Peak,28.355069927676997
2026-09-10 21:12:40,21,W,Non-Peak,27.00089519266524
2026-09-29 12:16:39,12,E,Non-Peak,21.124499642309125
2026-09-05 05:24:52,5,S,Non-Peak,28.498505648170788
2026-09-16 18:30:03,18,N,Non-Peak,27.77195592177004
2026-09-07 06:15:27,6,N,Non-Peak,28.36993668360813
2025-09-16 18:00:51,18,N,Non-Peak,0.0
2026-09-26 22:31:40,22,W,Non-Peak,27.83135235351636
2026-09-17 16:24:47,16,S,Peak,15.467668570930368
2026-09-20 00:59:37,0,W,Non-Peak,20.04936135424084
2026-09-07 20:49:06,20,W,Non-Peak,28.5819597421595
2026-09-25 21:09:45,21,S,Non-Peak,21.929000830703096
2026-09-11 04:44:05,4,E,Non-Peak,20.018280936944823
2026-09-29 13:03:12,13,E,Non-Peak,28.906215294970277
2026-09-28 07:37:42,7,E,Non-Peak,28.327548095652123
2025-09-24 18:30:01,18,N,Non-Peak,0.0
2025-09-26 16:10:10,16,N,Peak,0.0
2025-09-27 17:56:49,17,N,Peak,0.0
2026-09-22 20:45:44,20,W,Non-Peak,27.903062921946383
2026-09-23 18:48:17,18,E,Non-Peak,21.525503855903366
2026-09-20 07:08:42,7,S,Non-Peak,20.24995659077287
2026-09-23 02:41:06,2,W,Non-Peak,29.8426899938224
2025-09-01 16:16:22,16,N,Peak,0.0
2025-09-12 17:41:56,17,N,Peak,0.0
2025-09-24 17:55:45,17,N,Peak,0.0
2026-09-16 16:03:42,16,E,Peak,17.9152847951358
2026-09-05 18:38:34,18,E,Non-Peak,25.47453890978772
2026-09-21 08:15:45,8,W,Non-Peak,21.43844472451237
2025-09-08 17:08:03,17,N,Peak,0.0
2025-09-12 17:13:10,17,N,Peak,0.0
2026-09-01 16:21:31,16,N,Peak,11.51396069215973
2026-09-04 05:43:15,5,N,Non-Peak,20.976248089104168
2026-09-15 17:05:58,17,W,Peak,18.336157164081484
2026-09-09 13:46:42,13,S,Non-Peak,22.961630616882086
2026-09-23 22:16:03,22,E,Non-Peak,28.07723649887228
2026-09-27 06:01:32,6,S,Non-Peak,25.842746638581698
2026-09-08 14:38:35,14,E,Non-Peak,24.402256501369827
2025-09-01 17:26:25,17,N,Peak,0.0
2026-09-18 17:41:11,17,W,Peak,16.31001335554842
2026-09-19 06:34:13,6,W,Non-Peak,24.335350233467537
2026-09-05 07:39:44,7,S,Non-Peak,24.04311102301982
2025-09-20 17:58:22,17,N,Peak,0.0
2026-09-04 00:19:15,0,S,Non-Peak,25.96944490597862
2026-09-16 10:52:29,10,W,Non-Peak,28.46573488138105
2026-09-09 03:26:40,3,W,Non-Peak,20.23145969321536
2026-09-16 07:10:18,7,S,Non-Peak,22.681690099657004
2026-09-10 08:30:59,8,W,Non-Peak,23.819522384839765
2025-09-10 17:57:18,17,N,Peak,0.0
2026-09-03 22:42:21,22,N,Non-Peak,20.29277428700956
2026-09-16 12:14:42,12,N,Non-Peak,21.16269124487512
2026-09-05 01:43:04,1,S,Non-Peak,22.35036658792037
2026-09-20 03:20:02,3,W,Non-Peak,23.817121799972742
2026-09-30 21:36:45,21,S,Non-Peak,22.74563022727997
2025-09-18 17:32:56,17,N,Peak,0.0
2026-09-07 22:36:27,22,N,Non-Peak,22.639040534726217
2026-09-05 04:35:26,4,E,Non-Peak,21.83323869218772
2026-09-15 08:27:55,8,S,Non-Peak,20.89310948566578
2026-09-14 12:55:51,12,W,Non-Peak,24.157207780060343
2026-09-30 10:45:59,10,E,Non-Peak,24.611173807633783
2026-09-21 13:13:39,13,N,Non-Peak,22.42268079984051
2026-09-25 05:12:17,5,E,Non-Peak,28.8285290649695
2026-09-26 22:50:02,22,W,Non-Peak,20.443142700802124
2026-09-24 22:05:15,22,S,Non-Peak,25.33077797455416
2026-09-30 06:51:44,6,N,Non-Peak,25.3165308455126
2025-09-06 16:16:04,16,N,Peak,0.0
2026-09-02 09:30:26,9,S,Non-Peak,21.78285709832946
2026-09-29 22:46:29,22,W,Non-Peak,27.162197742145157
2025-09-20 16:06:30,16,N,Peak,0.0
2026-09-02 06:10:03,6,E,Non-Peak,23.621583534284035
2026-09-20 22:50:08,22,N,Non-Peak,25.670548776189648
2026-09-25 06:06:11,6,E,Non-Peak,20.23196845190305
2026-09-12 01:25:09,1,S,Non-Peak,23.912033101649836
2026-09-09 19:04:06,19,E,Non-Peak,28.72804902349071
2026-09-13 03:52:04,3,E,Non-Peak,21.493476932173905
2025-09-05 16:24:22,16,N,Peak,0.0
2026-09-27 11:15:15,11,E,Non-Peak,22.14444420860852
2026-09-27 07:37:40,7,W,Non-Peak,24.581195165796927
2026-09-10 07:52:36,7,E,Non-Peak,22.65828347686852
2026-09-07 16:19:27,16,N,Peak,13.082901329446848
2026-09-08 10:57:50,10,W,Non-Peak,20.70046000346553
2026-09-05 00:15:34,0,N,Non-Peak,26.61725493052984
2026-09-21 21:26:13,21,N,Non-Peak,21.03208697094389
2026-09-18 12:09:18,12,W,Non-Peak,25.502954199765547
2026-09-08 07:10:23,7,N,Non-Peak,24.669975647983616
2026-09-07 08:03:21,8,S,Non-Peak,27.44994583036354
2025-09-04 17:03:49,17,N,Peak,0.0
2026-09-06 23:00:44,23,E,Non-Peak,27.19710160106004
2025-09-03 17:51:38,17,N,Peak,0.0
2026-09-09 12:36:13,12,W,Non-Peak,23.058678635897465
2026-09-14 10:18:48,10,N,Non-Peak,23.21009633071427
2026-09-07 12:56:30,12,N,Non-Peak,25.29577299639613
2026-09-22 23:39:25,23,N,Non-Peak,26.869623552936297
2026-09-11 04:05:14,4,E,Non-Peak,21.07911867471097
2026-09-12 17:46:23,17,E,Peak,17.44790860634076
2026-09-25 02:02:28,2,N,Non-Peak,21.086873523847125
2026-09-22 17:16:01,17,E,Peak,16.606411817747947
2026-09-03 13:22:12,13,N,Non-Peak,24.40595350399834
2026-09-28 06:56:02,6,W,Non-Peak,24.147901492637185
2026-09-22 07:25:20,7,W,Non-Peak,21.77257151254573
2025-09-24 18:06:47,18,N,Non-Peak,0.0
2025-09-03 16:35:43,16,N,Peak,0.0
2026-09-15 18:49:58,18,W,Non-Peak,20.653647122405204
2025-09-27 18:37:00,18,N,Non-Peak,0.0
2026-09-04 09:45:35,9,W,Non-Peak,24.5523862856718
2025-09-04 16:38:23,16,N,Peak,0.0
2026-09-05 22:36:51,22,S,Non-Peak,23.347268150586917
2026-09-11 01:30:56,1,S,Non-Peak,26.162377529790536
2026-09-28 15:38:08,15,W,Non-Peak,26.32211379120503
2025-09-26 16:02:52,16,N,Peak,0.0
2026-09-07 01:41:12,1,E,Non-Peak,23.34303476418325
2026-09-15 20:11:47,20,W,Non-Peak,23.20665222240841
2026-09-04 00:03:14,0,N,Non-Peak,23.33602748917023
2026-09-24 12:35:18,12,W,Non-Peak,21.46239185484245
2026-09-16 23:56:39,23,E,Non-Peak,25.74768948164511
2026-09-24 09:22:42,9,E,Non-Peak,21.23601617688125
2025-09-06 16:45:08,16,N,Peak,0.0
2026-09-21 20:01:07,20,S,Non-Peak,28.23836045022461
2026-09-05 17:33:25,17,W,Peak,16.142816842790186
2025-09-27 18:16:44,18,N,Non-Peak,0.0
2025-09-05 17:38:54,17,N,Peak,0.0
2026-09-01 23:49:27,23,W,Non-Peak,24.51232078721642
2026-09-22 16:20:03,16,N,Peak,12.68644891285794
2025-09-10 16:07:18,16,N,Peak,0.0
2026-09-17 07:31:33,7,S,Non-Peak,29.15350053583281
2026-09-21 21:10:27,21,N,Non-Peak,20.472256477109596
2026-09-28 19:41:34,19,E,Non-Peak,27.58129694827289
2026-09-06 10:01:00,10,N,Non-Peak,26.552795778839243
2026-09-04 13:21:14,13,W,Non-Peak,28.463040895201654
2025-09-08 18:19:24,18,N,Non-Peak,0.0
2025-09-07 17:33:10,17,N,Peak,0.0
2026-09-30 07:07:43,7,W,Non-Peak,23.550782541003883
2025-09-26 16:14:18,16,N,Peak,0.0
2026-09-21 08:05:08,8,S,Non-Peak,25.26965126946167
2026-09-15 17:30:33,17,S,Peak,15.570126276776287
2026-09-01 22:25:56,22,S,Non-Peak,24.508510534945867
2026-09-30 04:03:35,4,N,Non-Peak,24.194107666430988
2026-09-24 02:26:52,2,W,Non-Peak,23.35761133679984
2026-09-03 07:16:27,7,W,Non-Peak,24.665200353623348
2026-09-27 15:03:34,15,W,Non-Peak,27.14098189758936
2026-09-18 08:51:53,8,E,Non-Peak,27.80052778253071
2025-09-16 17:25:30,17,N,Peak,0.0
2026-09-16 12:04:49,12,W,Non-Peak,25.21356994148229
2026-09-27 08:09:25,8,S,Non-Peak,27.31295604569576
2025-09-02 17:08:04,17,N,Peak,0.0
2025-09-15 17:14:37,17,N,Peak,0.0
2025-09-18 17:58:25,17,N,Peak,0.0
2026-09-22 09:38:39,9,N,Non-Peak,28.7349541922838
2026-09-30 02:22:43,2,W,Non-Peak,23.8903216749044
2026-09-13 05:11:01,5,N,Non-Peak,25.1524989259196
2026-09-20 02:49:50,2,E,Non-Peak,28.750887976753205
2026-09-18 15:00:44,15,N,Non-Peak,28.008716929756584
2025-09-24 18:03:14,18,N,Non-Peak,0.0
2026-09-17 16:44:07,16,N,Peak,17.864901944315346
2026-09-14 18:58:19,18,S,Non-Peak,25.33717481051909
2026-09-22 18:07:10,18,N,Non-Peak,25.40501453898513
2026-09-23 09:50:33,9,E,Non-Peak,28.05793016603388
2026-09-23 23:48:31,23,S,Non-Peak,23.443755870171906
2025-09-07 18:52:26,18,N,Non-Peak,0.0
2026-09-03 16:37:08,16,N,Peak,19.431127441071347
2026-09-10 12:22:34,12,E,Non-Peak,24.28740173622156
2025-09-02 18:31:15,18,N,Non-Peak,0.0
2026-09-03 09:11:06,9,S,Non-Peak,26.307350153071877
2026-09-09 11:59:06,11,N,Non-Peak,21.678393501054217
2025-09-10 18:58:40,18,N,Non-Peak,0.0
2026-09-19 09:18:39,9,E,Non-Peak,24.98729000722303
2025-09-15 18:55:54,18,N,Non-Peak,0.0
2026-09-19 11:27:48,11,N,Non-Peak,27.655403912319755
2026-09-06 20:25:44,20,W,Non-Peak,20.82028977698775
2026-09-09 01:03:33,1,S,Non-Peak,27.644169199110166
2026-09-23 13:22:42,13,S,Non-Peak,24.29499736441092
2025-09-03 18:48:57,18,N,Non-Peak,0.0
2026-09-23 03:56:07,3,E,Non-Peak,27.09072313996878
2026-09-23 06:47:14,6,W,Non-Peak,23.482124604905792
2026-09-11 10:12:36,10,N,Non-Peak,20.521403111490542
2026-09-22 17:59:07,17,W,Peak,17.71743556950917
2025-09-02 18:40:30,18,N,Non-Peak,0.0
2025-09-04 18:01:04,18,N,Non-Peak,0.0
2026-09-02 19:02:07,19,E,Non-Peak,23.67148688562453
2026-09-16 15:22:13,15,N,Non-Peak,20.3376803891146
2026-09-01 12:16:30,12,W,Non-Peak,27.221784183962207
2025-09-03 16:09:45,16,N,Peak,0.0
2026-09-30 20:25:15,20,E,Non-Peak,26.529132003893416
2025-09-16 17:36:02,17,N,Peak,0.0
2026-09-16 11:38:30,11,E,Non-Peak,24.770400992081065
2026-09-28 06:19:02,6,W,Non-Peak,29.022186889107207
2025-09-13 18:57:15,18,N,Non-Peak,0.0
2026-09-19 03:57:58,3,E,Non-Peak,26.43868307645433
2026-09-01 08:09:19,8,E,Non-Peak,24.819312726776715
2026-09-10 19:38:52,19,N,Non-Peak,26.253147277573152
2026-09-03 20:03:09,20,S,Non-Peak,22.975599221390542
2026-09-06 13:41:47,13,W,Non-Peak,27.868066356316348
2026-09-01 19:39:16,19,W,Non-Peak,28.65563247235466
2025-09-02 18:56:26,18,N,Non-Peak,0.0
2025-09-16 17:00:57,17,N,Peak,0.0
2026-09-21 02:32:29,2,S,Non-Peak,27.966277730381748
2025-09-15 16:08:53,16,N,Peak,0.0
2025-09-23 16:24:51,16,N,Peak,0.0
2026-09-03 23:13:32,23,E,Non-Peak,23.61063526462539
2026-09-17 01:35:45,1,N,Non-Peak,24.02865967011484
2026-09-15 08:06:26,8,S,Non-Peak,23.51557368455355
2025-09-16 17:35:42,17,N,Peak,0.0
2026-09-21 16:43:45,16,E,Peak,16.61205855056198
2025-09-29 17:49:26,17,N,Peak,0.0
2025-09-03 17:43:16,17,N,Peak,0.0
2026-09-05 19:06:09,19,N,Non-Peak,29.065160156968467
2026-09-06 09:51:11,9,N,Non-Peak,25.60191583363546
2025-09-11 18:32:44,18,N,Non-Peak,0.0
2026-09-12 14:21:49,14,E,Non-Peak,21.731263690330145
2026-09-03 21:38:11,21,W,Non-Peak,25.29797875284612
2026-09-29 21:50:04,21,W,Non-Peak,20.07379123173296
2025-09-29 17:40:22,17,N,Peak,0.0
2025-09-19 16:27:31,16,N,Peak,0.0
2026-09-19 14:34:18,14,S,Non-Peak,28.823131532124837
2026-09-07 17:36:18,17,N,Peak,13.74175068665301
2026-09-03 01:31:08,1,N,Non-Peak,29.633491630039117
2026-09-14 12:48:16,12,W,Non-Peak,27.866507267206348
2026-09-28 15:40:06,15,N,Non-Peak,23.90754842471995
2026-09-06 11:20:58,11,N,Non-Peak,28.688293252721877
2026-09-02 21:35:10,21,E,Non-Peak,22.496299558101946
2025-09-07 17:45:14,17,N,Peak,0.0
2026-09-09 03:09:36,3,W,Non-Peak,28.69307925284321
2025-09-24 17:30:09,17,N,Peak,0.0
2026-09-17 21:20:06,21,S,Non-Peak,27.094987206074208
2026-09-15 04:13:42,4,W,Non-Peak,29.728690054780177
2026-09-24 17:32:38,17,E,Peak,15.921505302203222
2026-09-07 02:58:23,2,E,Non-Peak,24.93180335745801
2026-09-30 20:59:35,20,N,Non-Peak,28.21849334728629
2026-09-18 08:55:43,8,S,Non-Peak,29.26555945723019
2026-09-17 02:58:13,2,N,Non-Peak,25.485304110128013
2026-09-18 11:44:32,11,S,Non-Peak,26.640626641151695
2025-09-22 18:12:57,18,N,Non-Peak,0.0
2026-09-22 14:57:48,14,E,Non-Peak,29.584558078285436
2026-09-05 00:25:24,0,S,Non-Peak,26.535687478180886
2025-09-12 16:10:17,16,N,Peak,0.0
2025-09-24 18:19:53,18,N,Non-Peak,0.0
2026-09-29 00:57:51,0,N,Non-Peak,20.495974252648928
2026-09-29 03:06:06,3,S,Non-Peak,28.162924221873347
2026-09-09 04:07:24,4,W,Non-Peak,24.539615392345016
2026-09-06 12:37:14,12,N,Non-Peak,26.65551123130161
2026-09-14 21:28:52,21,S,Non-Peak,21.30487237839625
2026-09-10 08:03:16,8,S,Non-Peak,29.26855631427565
2026-09-17 12:12:33,12,S,Non-Peak,22.02772073197957
2026-09-11 06:36:00,6,W,Non-Peak,25.960309591263652
2026-09-26 11:51:22,11,E,Non-Peak,24.55271715985054
2025-09-26 18:42:25,18,N,Non-Peak,0.0
2026-09-03 09:31:45,9,N,Non-Peak,26.26939084179729
2026-09-19 01:48:04,1,N,Non-Peak,21.17898036461505
2025-09-04 18:07:42,18,N,Non-Peak,0.0
2026-09-28 19:40:03,19,E,Non-Peak,28.36584344647966
2025-09-27 16:26:40,16,N,Peak,0.0
2025-09-06 17:37:29,17,N,Peak,0.0
2026-09-10 19:58:54,19,N,Non-Peak,28.60678104575262
2026-09-21 18:06:42,18,E,Non-Peak,29.51591547180721
2026-09-06 02:51:29,2,W,Non-Peak,28.013237369550968
2026-09-12 05:45:48,5,E,Non-Peak,29.79803574569837
2026-09-02 14:13:36,14,S,Non-Peak,27.664525606004187
2026-09-04 10:54:49,10,W,Non-Peak,27.616360019409143
2026-09-19 09:06:48,9,E,Non-Peak,28.45514103373273
2026-09-05 04:55:09,4,E,Non-Peak,23.545876787029343
2026-09-27 16:22:56,16,S,Peak,17.40302643247699
2026-09-30 09:11:35,9,E,Non-Peak,28.210187817146043
2025-09-16 18:45:14,18,N,Non-Peak,0.0
2026-09-19 02:22:08,2,E,Non-Peak,23.658682150884587
2025-09-03 16:34:13,16,N,Peak,0.0
2025-09-21 18:36:28,18,N,Non-Peak,0.0
2026-09-15 07:57:38,7,S,Non-Peak,29.3459937215545
2026-09-11 00:35:56,0,E,Non-Peak,27.998693104548163
2026-09-03 17:37:48,17,W,Peak,18.00572920529041
2026-09-16 21:18:17,21,E,Non-Peak,28.91104288012496
2025-09-11 16:29:20,16,N,Peak,0.0
2026-09-19 21:36:10,21,W,Non-Peak,28.35734287212563
2025-09-11 17:44:12,17,N,Peak,0.0
2026-09-16 14:44:46,14,W,Non-Peak,25.56383949151525
2026-09-01 19:59:21,19,S,Non-Peak,23.897387577743384
2025-09-03 18:19:37,18,N,Non-Peak,0.0
2026-09-10 22:38:59,22,E,Non-Peak,28.830090920862865
2026-09-28 05:42:20,5,N,Non-Peak,28.67606876041959
2026-09-17 14:20:54,14,W,Non-Peak,20.80510297378555
2026-09-26 17:20:34,17,W,Peak,13.912741558185797
2026-09-28 08:51:22,8,E,Non-Peak,20.97051966489846
2026-09-07 04:05:41,4,E,Non-Peak,29.32600423054526
2026-09-27 18:41:39,18,N,Non-Peak,25.36850421595827
2026-09-10 01:56:46,1,E,Non-Peak,22.93464769632401
2026-09-06 05:12:07,5,E,Non-Peak,21.246442404783707
2026-09-29 00:53:25,0,N,Non-Peak,26.21140886042564
2026-09-22 02:48:01,2,N,Non-Peak,25.91468022946883
2026-09-24 21:54:25,21,W,Non-Peak,27.784908841288512
2026-09-25 02:03:53,2,S,Non-Peak,26.607010450975704
2025-09-01 16:55:12,16,N,Peak,0.0
2026-09-20 08:32:45,8,N,Non-Peak,20.88280057835221
2026-09-04 11:17:37,11,S,Non-Peak,23.75711618898358
2026-09-28 06:40:51,6,E,Non-Peak,20.231175224804044
2026-09-30 17:45:47,17,S,Peak,12.403197159409595
2025-09-29 17:30:46,17,N,Peak,0.0
2026-09-07 02:59:09,2,W,Non-Peak,26.881929715050628
2026-09-06 10:06:32,10,N,Non-Peak,21.543685633396557
2026-09-23 08:13:03,8,E,Non-Peak,22.396703708577235
2025-09-24 16:43:37,16,N,Peak,0.0
2026-09-24 10:21:50,10,N,Non-Peak,27.237395598457937
2026-09-18 07:41:35,7,E,Non-Peak,20.984802144034884
2025-09-11 18:03:31,18,N,Non-Peak,0.0
2026-09-11 14:43:38,14,S,Non-Peak,24.54429270356381
2026-09-27 23:42:00,23,S,Non-Peak,27.42574689462449
2026-09-29 23:51:18,23,N,Non-Peak,23.93253749758404
2026-09-05 04:26:18,4,S,Non-Peak,26.376313527091305
2026-09-09 04:42:41,4,W,Non-Peak,25.42368368800125
2026-09-01 15:16:20,15,N,Non-Peak,25.88231109662723
2025-09-26 16:10:25,16,N,Peak,0.0
2026-09-16 01:36:43,1,E,Non-Peak,25.575722220794503
2025-09-29 17:49:30,17,N,Peak,0.0
2026-09-19 03:09:07,3,E,Non-Peak,29.78415332700404
2026-09-23 05:55:27,5,W,Non-Peak,28.585454365340947
2026-09-21 16:49:24,16,N,Peak,18.1596801766966
2026-09-19 12:42:18,12,E,Non-Peak,25.944883810346877
2025-09-22 17:40:49,17,N,Peak,0.0
2026-09-25 03:04:26,3,S,Non-Peak,24.06901216964355
2026-09-17 06:54:55,6,E,Non-Peak,21.279384411965403
2026-09-29 12:04:56,12,S,Non-Peak,23.81577823446345
2026-09-13 11:14:08,11,W,Non-Peak,20.92754555832113
2025-09-11 17:19:58,17,N,Peak,0.0
2026-09-14 00:23:40,0,S,Non-Peak,22.01132035928408
2026-09-11 08:59:28,8,S,Non-Peak,26.80852079326292
2026-09-21 09:14:47,9,S,Non-Peak,20.72060589738097
2026-09-11 09:24:04,9,E,Non-Peak,24.098421201044648
2026-09-04 17:01:43,17,W,Peak,10.094198449268012
2026-09-07 01:43:07,1,E,Non-Peak,21.807599738129277
2026-09-27 11:53:50,11,W,Non-Peak,26.63898390220718
2026-09-10 02:31:06,2,N,Non-Peak,22.919380929148733
2026-09-17 16:11:32,16,S,Peak,16.088280865988068
2025-09-28 16:23:26,16,N,Peak,0.0
2026-09-16 02:08:15,2,W,Non-Peak,20.406417175263297
2026-09-05 02:26:50,2,N,Non-Peak,27.511925565549568
2026-09-23 03:22:19,3,S,Non-Peak,22.77796707566377
2025-09-29 17:39:40,17,N,Peak,0.0
2025-09-08 16:43:44,16,N,Peak,0.0
2025-09-16 16:42:59,16,N,Peak,0.0
2026-09-15 21:25:07,21,S,Non-Peak,21.127461769185903
2026-09-07 07:38:42,7,W,Non-Peak,25.34053732327525
2026-09-22 13:04:00,13,W,Non-Peak,28.40211174285347
2025-09-26 17:51:26,17,N,Peak,0.0
2026-09-22 17:58:10,17,N,Peak,13.608674136996347
2026-09-18 23:06:05,23,S,Non-Peak,24.6702184410486
2026-09-01 13:39:23,13,W,Non-Peak,28.594700575346447
2026-09-03 12:16:32,12,S,Non-Peak,26.52295479746
2026-09-05 04:08:29,4,E,Non-Peak,22.415433331407502
2026-09-24 05:56:09,5,N,Non-Peak,25.09137413593653
2025-09-16 18:35:43,18,N,Non-Peak,0.0
2025-09-27 17:17:08,17,N,Peak,0.0
2026-09-15 20:58:32,20,N,Non-Peak,29.922765090700736
2026-09-29 10:04:26,10,W,Non-Peak,28.335107210113293
2026-09-14 07:31:59,7,E,Non-Peak,28.87096318654246
2025-09-29 16:23:19,16,N,Peak,0.0
2026-09-18 19:36:25,19,N,Non-Peak,27.189108171405845
2025-09-13 18:48:33,18,N,Non-Peak,0.0
2026-09-01 04:00:43,4,N,Non-Peak,21.42372155110596
2026-09-11 22:28:25,22,N,Non-Peak,24.281174798369587
2026-09-12 15:08:30,15,S,Non-Peak,29.721001987297957
2026-09-24 23:39:06,23,N,Non-Peak,26.73388160103063
2026-09-05 06:51:50,6,S,Non-Peak,20.381003266004
2026-09-03 17:44:07,17,N,Peak,16.889356023486513
2025-09-19 16:32:17,16,N,Peak,0.0
2026-09-26 01:48:39,1,S,Non-Peak,23.46375183338076
2026-09-24 17:40:40,17,N,Peak,16.999022934250835
2026-09-18 22:56:59,22,S,Non-Peak,27.29258756776906
2026-09-05 05:19:50,5,E,Non-Peak,20.628714855040304
2025-09-03 18:56:36,18,N,Non-Peak,0.0
2026-09-02 12:36:18,12,N,Non-Peak,26.45295228036848
2026-09-23 08:29:22,8,W,Non-Peak,26.35817056127185
2026-09-24 08:09:08,8,E,Non-Peak,25.94326765246544
2025-09-01 18:53:36,18,N,Non-Peak,0.0
2025-09-24 18:34:11,18,N,Non-Peak,0.0
2025-09-18 16:45:57,16,N,Peak,0.0
2025-09-24 16:28:26,16,N,Peak,0.0
2026-09-13 03:11:00,3,N,Non-Peak,26.84941656804415
2026-09-12 02:40:15,2,S,Non-Peak,22.440207775302472
2025-09-30 18:16:42,18,N,Non-Peak,0.0
2026-09-09 01:58:32,1,W,Non-Peak,26.79396972511578
2026-09-26 07:44:02,7,W,Non-Peak,21.50273151704005
2025-09-03 17:25:37,17,N,Peak,0.0
2026-09-08 12:12:43,12,W,Non-Peak,26.628050724744984
2026-09-05 20:58:48,20,W,Non-Peak,28.40036089016033
2026-09-16 03:39:09,3,W,Non-Peak,25.470678284232047
2026-09-24 12:57:49,12,E,Non-Peak,27.086400623430134
2025-09-01 16:36:12,16,N,Peak,0.0
2025-09-26 18:52:28,18,N,Non-Peak,0.0
2026-09-16 14:28:43,14,E,Non-Peak,20.860001375980328
2026-09-09 01:18:20,1,N,Non-Peak,25.941378197784196
2026-09-15 23:16:43,23,S,Non-Peak,27.916363674013706
2026-09-16 05:58:12,5,W,Non-Peak,25.523581088409507
2026-09-07 23:12:33,23,W,Non-Peak,21.393402871837537
2025-09-16 17:29:36,17,N,Peak,0.0
2026-09-05 13:44:09,13,W,Non-Peak,21.48252410824005
2025-09-06 16:54:32,16,N,Peak,0.0
2025-09-02 18:03:21,18,N,Non-Peak,0.0
2026-09-24 16:36:48,16,E,Peak,18.373009071442468
2025-09-27 18:23:16,18,N,Non-Peak,0.0
2026-09-02 21:57:26,21,E,Non-Peak,22.56121126491141
2025-09-03 18:28:34,18,N,Non-Peak,0.0
2026-09-03 00:46:42,0,S,Non-Peak,29.64934849114045
2025-09-21 17:29:03,17,N,Peak,0.0
2026-09-27 22:57:45,22,E,Non-Peak,24.208465842081157
2026-09-22 12:53:03,12,S,Non-Peak,22.82508712019672
2026-09-07 15:45:38,15,N,Non-Peak,27.512316146101657
2026-09-10 11:21:22,11,N,Non-Peak,27.21567597818345
2025-09-16 17:02:45,17,N,Peak,0.0
2026-09-13 09:34:16,9,W,Non-Peak,20.15385837619466
2026-09-23 20:51:57,20,S,Non-Peak,28.87763595073208
2026-09-04 11:00:13,11,W,Non-Peak,29.274041171872184
2026-09-02 03:47:58,3,S,Non-Peak,22.02807430924423
2026-09-08 10:31:32,10,E,Non-Peak,24.981859451945084
2026-09-14 11:16:34,11,W,Non-Peak,26.013591922288978
2026-09-04 09:36:35,9,S,Non-Peak,29.0717167597346
2026-09-13 16:48:58,16,W,Peak,14.275290126513855
2026-09-17 10:08:00,10,W,Non-Peak,26.184585834384244
2026-09-25 15:39:56,15,E,Non-Peak,24.33796775510474
2026-09-04 10:14:31,10,N,Non-Peak,21.919516130812102
2025-09-03 17:09:00,17,N,Peak,0.0
2026-09-02 05:19:43,5,E,Non-Peak,29.96283052758161
2026-09-07 19:34:51,19,W,Non-Peak,21.0972154762675
2025-09-30 17:21:16,17,N,Peak,0.0
2026-09-27 16:29:29,16,E,Peak,13.646986106771678
2026-09-01 07:10:46,7,N,Non-Peak,21.0384917675048
2025-09-18 16:56:24,16,N,Peak,0.0
2026-09-02 00:27:45,0,W,Non-Peak,25.066659343080307
2025-09-24 17:07:06,17,N,Peak,0.0
2025-09-27 16:04:18,16,N,Peak,0.0
2025-09-22 16:12:27,16,N,Peak,0.0
2026-09-09 04:10:37,4,E,Non-Peak,20.0606037048279
2026-09-18 16:08:22,16,S,Peak,17.725151047287273
2026-09-03 03:15:37,3,S,Non-Peak,23.096021610270505
2026-09-09 08:31:58,8,N,Non-Peak,28.57783570333298
2026-09-26 10:12:21,10,N,Non-Peak,23.757126685260488
2026-09-26 13:52:42,13,N,Non-Peak,20.554018996584965
2025-09-21 18:12:56,18,N,Non-Peak,0.0
2026-09-12 12:18:58,12,W,Non-Peak,21.07767296846736
2026-09-18 13:56:13,13,E,Non-Peak,27.92032468670412
2026-09-20 17:37:46,17,S,Peak,17.915940182837215
2026-09-30 11:03:29,11,E,Non-Peak,22.544468633544685
2026-09-25 14:54:37,14,N,Non-Peak,27.890670642236444
2026-09-25 08:17:46,8,W,Non-Peak,29.85808760551125
2026-09-27 13:47:18,13,S,Non-Peak,28.67970491695711
2026-09-08 04:50:19,4,E,Non-Peak,24.18277455085197
2026-09-06 19:03:44,19,W,Non-Peak,25.26495143996
2026-09-18 01:54:07,1,W,Non-Peak,21.28651456774004
2026-09-17 20:17:59,20,S,Non-Peak,21.96930473104812
2026-09-25 15:35:12,15,S,Non-Peak,20.34103955445059
2026-09-09 10:44:40,10,E,Non-Peak,23.42880062596684
2026-09-17 15:42:39,15,E,Non-Peak,28.817982711369734
2026-09-15 21:22:35,21,S,Non-Peak,22.568681622243595
2026-09-07 06:40:20,6,W,Non-Peak,29.144468194908505
2025-09-22 17:21:09,17,N,Peak,0.0
2025-09-15 18:00:46,18,N,Non-Peak,0.0
2026-09-12 02:54:05,2,E,Non-Peak,28.372177825676214
2026-09-27 15:23:13,15,N,Non-Peak,27.126197296706888
2026-09-17 15:41:20,15,E,Non-Peak,29.84313507478389
2026-09-08 23:02:14,23,N,Non-Peak,26.57462582379208
2026-09-13 13:48:00,13,N,Non-Peak,21.482383293503908
2025-09-27 17:42:01,17,N,Peak,0.0
2025-09-04 18:25:55,18,N,Non-Peak,0.0
2026-09-30 05:54:41,5,N,Non-Peak,24.47557030067004
2026-09-10 21:12:25,21,S,Non-Peak,27.144137893860865
2026-09-05 02:52:54,2,S,Non-Peak,23.863247204367056
2026-09-11 15:51:02,15,E,Non-Peak,27.137162995930485
2026-09-03 03:22:59,3,S,Non-Peak,29.008610322743767
2025-09-13 17:01:20,17,N,Peak,0.0
2026-09-24 07:54:53,7,E,Non-Peak,26.396653097754843
2026-09-04 20:14:20,20,N,Non-Peak,22.015056270333268
2026-09-09 04:06:29,4,W,Non-Peak,20.6960686647121
2026-09-29 18:58:05,18,E,Non-Peak,20.177777787800476
2026-09-02 01:04:39,1,N,Non-Peak,27.81414564477125
2025-09-27 16:13:29,16,N,Peak,0.0
2025-09-16 18:14:16,18,N,Non-Peak,0.0
2025-09-10 17:51:27,17,N,Peak,0.0
2025-09-15 18:51:23,18,N,Non-Peak,0.0
2026-09-28 23:06:58,23,N,Non-Peak,21.306716445656196
2025-09-22 18:39:33,18,N,Non-Peak,0.0
2026-09-20 07:08:41,7,N,Non-Peak,25.481880034122607
2026-09-13 08:30:35,8,E,Non-Peak,28.940769381104857
2026-09-30 20:06:00,20,N,Non-Peak,21.841385689290945
2025-09-26 16:57:53,16,N,Peak,0.0
2026-09-26 21:47:53,21,N,Non-Peak,28.449705968320217
2026-09-30 17:37:27,17,N,Peak,17.007899071068362
2026-09-05 13:44:09,13,W,Non-Peak,21.48252410824005
2026-09-13 05:15:35,5,N,Non-Peak,23.61588484700933
2025-09-22 17:00:17,17,N,Peak,0.0
2026-09-29 17:16:26,17,E,Peak,16.216894286257983
2026-09-12 11:11:53,11,W,Non-Peak,29.44367063313418
2025-09-09 17:28:55,17,N,Peak,0.0
2026-09-10 02:28:28,2,W,Non-Peak,28.322934472448623
2026-09-12 06:56:50,6,S,Non-Peak,24.0508963458334
2026-09-08 12:32:05,12,E,Non-Peak,25.756019771422935
2026-09-24 08:32:46,8,E,Non-Peak,25.08859913984505
2026-09-24 06:16:21,6,E,Non-Peak,23.069421883390586
2025-09-09 18:45:34,18,N,Non-Peak,0.0
2025-09-27 18:17:28,18,N,Non-Peak,0.0
2026-09-19 18:21:53,18,W,Non-Peak,22.12994483115093
2026-09-20 13:37:23,13,N,Non-Peak,24.33540212093677
2026-09-08 00:56:13,0,E,Non-Peak,22.611850532199178
2026-09-25 13:36:03,13,N,Non-Peak,24.81528723797449
2026-09-22 14:03:35,14,W,Non-Peak,29.104171117847105
2026-09-10 23:11:32,23,E,Non-Peak,26.819836479321005
2025-09-01 16:12:47,16,N,Peak,0.0
2026-09-10 18:52:20,18,S,Non-Peak,25.227088030729647
2026-09-25 04:12:38,4,N,Non-Peak,21.19505280961625
2026-09-19 20:33:20,20,S,Non-Peak,22.127634099943933
2025-09-08 17:46:10,17,N,Peak,0.0
2025-09-27 16:12:10,16,N,Peak,0.0
2025-09-13 17:57:55,17,N,Peak,0.0
2026-09-10 20:11:50,20,E,Non-Peak,29.052039044353062
2026-09-08 21:38:17,21,S,Non-Peak,20.419908337886035
2026-09-05 07:38:04,7,E,Non-Peak,27.90567539981025
2026-09-23 08:13:18,8,W,Non-Peak,23.37332180608196
2026-09-19 10:58:50,10,W,Non-Peak,21.37540383225005
2026-09-28 21:26:20,21,S,Non-Peak,20.770677165774494
2026-09-19 13:57:19,13,W,Non-Peak,23.699589616437247
2025-09-12 16:52:01,16,N,Peak,0.0
2026-09-01 15:29:55,15,N,Non-Peak,20.18084450893772
2026-09-01 04:14:51,4,N,Non-Peak,29.028623264735003
2026-09-10 08:01:23,8,W,Non-Peak,22.363922776404543
2026-09-02 01:57:46,1,S,Non-Peak,26.29379152038472
2025-09-24 16:26:39,16,N,Peak,0.0
2025-09-07 17:23:12,17,N,Peak,0.0
2025-09-08 16:15:40,16,N,Peak,0.0
2026-09-20 19:41:15,19,E,Non-Peak,25.739332253278825
2026-09-20 22:08:29,22,W,Non-Peak,24.897865950327763
2025-09-12 16:47:19,16,N,Peak,0.0
2026-09-09 15:45:19,15,S,Non-Peak,27.4501645972508
2026-09-17 07:02:41,7,E,Non-Peak,26.252972425053574
2026-09-09 20:26:47,20,S,Non-Peak,23.38919260389892
2025-09-26 17:22:12,17,N,Peak,0.0
2025-09-07 18:50:57,18,N,Non-Peak,0.0
2026-09-18 17:00:12,17,S,Peak,12.998061377160097
2025-09-04 17:43:34,17,N,Peak,0.0
2026-09-11 01:33:11,1,S,Non-Peak,27.851664950603848
2026-09-29 00:07:19,0,W,Non-Peak,26.61505732389056
2026-09-24 01:02:28,1,E,Non-Peak,25.75964815445539
2026-09-27 04:22:16,4,N,Non-Peak,20.53677227196324
2026-09-14 23:16:19,23,N,Non-Peak,28.230423914778317
2026-09-19 02:40:00,2,E,Non-Peak,27.66729039038885
2026-09-25 10:01:07,10,W,Non-Peak,26.52832008059008
2026-09-03 14:15:28,14,E,Non-Peak,29.641285204109412
2026-09-12 03:59:06,3,W,Non-Peak,27.513430114824654
2026-09-04 22:02:01,22,S,Non-Peak,26.36657347502346
2025-09-09 17:55:51,17,N,Peak,0.0
2025-09-24 17:19:54,17,N,Peak,0.0
2025-09-19 18:51:00,18,N,Non-Peak,0.0
2025-09-22 16:33:37,16,N,Peak,0.0
2026-09-05 04:25:17,4,S,Non-Peak,27.928248750553173
2026-09-01 05:11:00,5,S,Non-Peak,23.475986875658936
2026-09-22 08:33:13,8,W,Non-Peak,22.443734023776848
2026-09-10 05:06:12,5,E,Non-Peak,21.001625601862173
2026-09-14 08:40:27,8,E,Non-Peak,27.73172829610735
2025-09-08 17:17:50,17,N,Peak,0.0
2026-09-23 21:47:10,21,N,Non-Peak,20.4605398183192
2026-09-08 01:43:38,1,S,Non-Peak,21.871137368919943
2025-09-28 17:15:32,17,N,Peak,0.0
2026-09-26 08:35:52,8,W,Non-Peak,22.53546079939724
2026-09-30 20:40:55,20,E,Non-Peak,26.949188715410024
2026-09-01 21:08:25,21,E,Non-Peak,23.981226520336246
2026-09-06 02:42:09,2,N,Non-Peak,21.96003245140059
2026-09-06 09:07:17,9,N,Non-Peak,29.63166635263196
2026-09-17 12:02:59,12,W,Non-Peak,27.10151455708995
2026-09-12 23:38:02,23,E,Non-Peak,20.567962967989605
2026-09-05 01:44:47,1,W,Non-Peak,28.941154718398018
2025-09-21 18:10:10,18,N,Non-Peak,0.0
2026-09-28 11:56:40,11,S,Non-Peak,25.74187005190501
2026-09-18 12:22:42,12,S,Non-Peak,26.78381976921187
2026-09-13 09:00:08,9,S,Non-Peak,25.122755107113075
2026-09-21 13:01:32,13,E,Non-Peak,22.60743909297788
2025-09-24 17:31:56,17,N,Peak,0.0
2025-09-05 16:29:44,16,N,Peak,0.0
2026-09-02 19:12:23,19,E,Non-Peak,21.69677470580987
2026-09-03 12:36:52,12,S,Non-Peak,29.645592897660396
2026-09-01 09:33:52,9,N,Non-Peak,29.650783887562657
2025-09-29 17:45:11,17,N,Peak,0.0
2026-09-25 19:16:16,19,W,Non-Peak,20.70629137857581
2025-09-21 16:13:15,16,N,Peak,0.0
2025-09-11 17:50:50,17,N,Peak,0.0
2025-09-19 17:01:16,17,N,Peak,0.0
2026-09-05 23:52:27,23,N,Non-Peak,22.507915889574228
2025-09-06 17:26:57,17,N,Peak,0.0
2026-09-27 03:16:06,3,S,Non-Peak,21.140821604904147
2026-09-21 00:09:58,0,E,Non-Peak,21.49283384279251
2026-09-11 13:18:22,13,S,Non-Peak,21.85938234199822
2026-09-12 10:21:58,10,W,Non-Peak,20.605306007721985
2026-09-05 01:48:39,1,N,Non-Peak,28.924067195719545
2026-09-21 09:52:11,9,S,Non-Peak,24.047427487632675
2026-09-05 23:54:49,23,S,Non-Peak,23.08191603009307
2026-09-28 19:13:22,19,S,Non-Peak,25.71592322176533
2026-09-23 04:14:11,4,S,Non-Peak,27.264278011659712
2025-09-28 17:30:07,17,N,Peak,0.0
2026-09-11 17:48:47,17,S,Peak,14.924897288838062
2026-09-30 08:08:34,8,W,Non-Peak,25.28419664112045
2026-09-12 08:10:58,8,W,Non-Peak,21.32569588221196
2026-09-09 06:09:21,6,N,Non-Peak,23.04130508077995
2026-09-28 07:27:30,7,S,Non-Peak,26.00777358163966
2026-09-29 17:47:15,17,S,Peak,10.730578225589513
2026-09-14 15:52:30,15,S,Non-Peak,29.82269967987128
2026-09-01 21:03:35,21,N,Non-Peak,23.009986613248355
2025-09-02 18:32:08,18,N,Non-Peak,0.0
2026-09-23 18:14:18,18,E,Non-Peak,24.088246621648004
2026-09-26 16:10:57,16,S,Peak,11.064007171193174
2026-09-14 05:20:38,5,S,Non-Peak,20.99338192774256
2026-09-05 09:02:25,9,W,Non-Peak,25.547830803446097
2026-09-27 03:17:43,3,N,Non-Peak,23.83530353462596
2026-09-27 00:35:24,0,N,Non-Peak,21.68242651500148
2026-09-06 04:25:00,4,W,Non-Peak,29.40030945114587
2025-09-20 17:51:11,17,N,Peak,0.0
2026-09-23 23:46:03,23,W,Non-Peak,21.02316827276607
2025-09-27 17:46:22,17,N,Peak,0.0
2025-09-16 17:12:56,17,N,Peak,0.0
2026-09-15 22:01:54,22,N,Non-Peak,20.28480994623288
2025-09-21 16:35:57,16,N,Peak,0.0
2025-09-02 17:32:54,17,N,Peak,0.0
2025-09-16 18:02:02,18,N,Non-Peak,0.0
2026-09-28 14:17:37,14,S,Non-Peak,28.97251312549458
2025-09-01 16:08:57,16,N,Peak,0.0
2026-09-17 03:41:38,3,E,Non-Peak,20.273147999696228
2026-09-04 22:06:41,22,E,Non-Peak,24.83471070848129
2026-09-11 04:46:34,4,N,Non-Peak,21.360528362902016
2025-09-28 17:36:23,17,N,Peak,0.0
2026-09-16 05:56:33,5,E,Non-Peak,26.95992099808156
2025-09-18 18:33:31,18,N,Non-Peak,0.0
2026-09-01 03:33:23,3,N,Non-Peak,26.57980223899965
2026-09-09 15:46:31,15,E,Non-Peak,25.92775751027277
2026-09-10 11:06:21,11,S,Non-Peak,29.17161579712368
2026-09-18 05:47:17,5,E,Non-Peak,24.17148838669924
2025-09-16 18:27:05,18,N,Non-Peak,0.0
2025-09-10 18:18:47,18,N,Non-Peak,0.0
2025-09-10 16:27:15,16,N,Peak,0.0
2025-09-29 16:09:05,16,N,Peak,0.0
2025-09-06 16:35:17,16,N,Peak,0.0
2026-09-19 15:45:59,15,N,Non-Peak,25.504666767858737
2025-09-16 17:03:56,17,N,Peak,0.0
2026-09-22 01:57:40,1,E,Non-Peak,26.20882356961728
2025-09-24 18:20:43,18,N,Non-Peak,0.0
2025-09-16 18:00:04,18,N,Non-Peak,0.0
2026-09-24 08:38:15,8,S,Non-Peak,25.92290733921383
2025-09-29 17:55:07,17,N,Peak,0.0
2026-09-15 19:52:08,19,S,Non-Peak,25.089847737577564
2026-09-09 11:16:24,11,W,Non-Peak,21.330554569827143
2026-09-19 04:57:11,4,N,Non-Peak,22.546829240727448
2026-09-02 08:36:05,8,W,Non-Peak,27.284626682540438
2026-09-26 08:01:44,8,N,Non-Peak,28.29283767300608
2026-09-02 15:42:06,15,N,Non-Peak,27.7524463803032
2025-09-26 18:21:09,18,N,Non-Peak,0.0
2025-09-21 18:59:21,18,N,Non-Peak,0.0
2025-09-13 18:54:31,18,N,Non-Peak,0.0
2026-09-11 05:26:23,5,S,Non-Peak,22.242394635291895
2026-09-16 20:16:18,20,S,Non-Peak,29.443072578507028
2025-09-15 16:08:39,16,N,Peak,0.0
2026-09-13 12:14:19,12,W,Non-Peak,27.380752596232004
2026-09-01 12:44:57,12,E,Non-Peak,22.17654208660683
2026-09-29 18:34:17,18,E,Non-Peak,20.54559014178755
2025-09-02 18:36:40,18,N,Non-Peak,0.0
2025-09-28 18:38:15,18,N,Non-Peak,0.0
2026-09-28 14:13:18,14,S,Non-Peak,28.6478213420122
2025-09-30 16:20:37,16,N,Peak,0.0
2026-09-09 11:18:39,11,N,Non-Peak,29.23517711614683
2025-09-21 18:31:32,18,N,Non-Peak,0.0
2026-09-13 20:19:58,20,N,Non-Peak,27.43443823440993
2026-09-07 04:32:05,4,S,Non-Peak,22.271027464387224
2025-09-29 17:24:06,17,N,Peak,0.0
2025-09-06 17:48:00,17,N,Peak,0.0
2026-09-12 10:38:49,10,N,Non-Peak,22.974161926374656
2026-09-10 14:16:53,14,W,Non-Peak,29.506297746710707
2026-09-15 01:08:14,1,S,Non-Peak,27.197518669661683
2026-09-24 02:46:39,2,S,Non-Peak,21.96192880569192
2025-09-24 18:14:04,18,N,Non-Peak,0.0
2026-09-09 21:29:18,21,S,Non-Peak,20.40317682174462
2025-09-21 16:53:05,16,N,Peak,0.0
2026-09-02 19:23:50,19,N,Non-Peak,26.78630206423989
2025-09-06 16:12:53,16,N,Peak,0.0
2026-09-02 00:27:45,0,W,Non-Peak,25.066659343080307
2026-09-11 00:43:27,0,S,Non-Peak,29.68278353029095
2026-09-20 22:53:20,22,E,Non-Peak,23.241788570337427
2025-09-12 17:55:55,17,N,Peak,0.0
2026-09-12 13:41:01,13,W,Non-Peak,28.359398480337155
2026-09-19 21:57:33,21,S,Non-Peak,23.557693185353795
2026-09-19 13:43:08,13,S,Non-Peak,22.601262180665454
2026-09-05 06:56:32,6,E,Non-Peak,28.520870091785213
2026-09-24 22:37:21,22,W,Non-Peak,25.38525910156269
2025-09-21 16:21:12,16,N,Peak,0.0
2026-09-02 20:23:18,20,E,Non-Peak,26.40512464345616
2026-09-30 01:00:25,1,N,Non-Peak,29.700007820176367
2026-09-26 16:23:04,16,S,Peak,18.41507586369913
2025-09-03 18:27:02,18,N,Non-Peak,0.0
2026-09-15 00:04:44,0,N,Non-Peak,20.16519805785955
2026-09-22 02:02:53,2,W,Non-Peak,28.68950296273303
2026-09-12 02:30:58,2,E,Non-Peak,20.463633328089752
2026-09-30 17:21:03,17,S,Peak,18.82743733361779
2026-09-07 21:07:28,21,E,Non-Peak,29.53146569131689
2025-09-18 17:52:45,17,N,Peak,0.0
2026-09-06 06:27:06,6,S,Non-Peak,20.60131732249237
2025-09-13 18:20:32,18,N,Non-Peak,0.0
2026-09-27 06:05:20,6,E,Non-Peak,22.728226520046757
2026-09-24 06:19:48,6,E,Non-Peak,25.071139423362418
2025-09-16 16:42:43,16,N,Peak,0.0
2026-09-29 00:29:27,0,N,Non-Peak,29.17201511503456
2026-09-24 02:19:35,2,N,Non-Peak,23.80537106056342
2026-09-09 22:17:37,22,W,Non-Peak,28.815761618322075
2026-09-23 07:42:14,7,N,Non-Peak,21.47535292264768
2026-09-03 10:35:00,10,E,Non-Peak,27.806792032772
2026-09-21 02:07:32,2,S,Non-Peak,27.39806272314861
2025-09-16 18:55:20,18,N,Non-Peak,0.0
2026-09-30 22:48:21,22,E,Non-Peak,28.005525373933057
2026-09-21 22:40:17,22,N,Non-Peak,23.40230301386081
2026-09-20 18:42:57,18,N,Non-Peak,21.10285389584156
2026-09-24 09:04:14,9,W,Non-Peak,20.401103135100964
2025-09-21 17:38:52,17,N,Peak,0.0
2025-09-13 16:17:33,16,N,Peak,0.0
2025-09-16 17:26:08,17,N,Peak,0.0
2026-09-11 09:39:53,9,S,Non-Peak,27.211615318653884
2026-09-14 17:37:16,17,N,Peak,19.036486994392813
2026-09-26 08:51:32,8,E,Non-Peak,28.314639019219463
2026-09-20 19:08:54,19,E,Non-Peak,25.91987362779844
2025-09-06 17:16:04,17,N,Peak,0.0
2026-09-14 04:04:50,4,E,Non-Peak,22.610926825188308
2026-09-12 13:09:06,13,E,Non-Peak,20.336852916330347
2026-09-09 09:23:42,9,E,Non-Peak,25.155118690391475
2026-09-10 06:52:30,6,E,Non-Peak,28.70831304592359
2026-09-25 16:41:33,16,E,Peak,16.555024929868924
2026-09-26 02:22:30,2,N,Non-Peak,28.973965964642478
2026-09-06 22:13:05,22,N,Non-Peak,22.01243052266058
2026-09-29 19:03:05,19,S,Non-Peak,24.416647625151413
2026-09-17 04:51:57,4,S,Non-Peak,27.80309489515128
2025-09-15 17:05:34,17,N,Peak,0.0
2026-09-19 17:44:17,17,W,Peak,19.080796221585008
2026-09-10 22:09:41,22,S,Non-Peak,27.991851913225084
2026-09-24 05:10:06,5,W,Non-Peak,21.287871194300063
2026-09-21 09:13:23,9,N,Non-Peak,25.77206975424152
2026-09-03 01:24:27,1,E,Non-Peak,25.323791474865597
2025-09-23 17:33:58,17,N,Peak,0.0
2026-09-12 11:48:00,11,W,Non-Peak,23.078937607076675
2026-09-12 11:32:27,11,S,Non-Peak,25.932039425664183
2025-09-08 16:17:31,16,N,Peak,0.0
2026-09-29 06:31:32,6,W,Non-Peak,26.46458660089813
2025-09-09 18:22:29,18,N,Non-Peak,0.0
2026-09-11 16:23:04,16,W,Peak,14.542804379360474
2026-09-24 15:31:58,15,S,Non-Peak,27.68806247124612
2026-09-24 13:33:51,13,W,Non-Peak,29.01074658292786
2025-09-16 18:03:47,18,N,Non-Peak,0.0
2025-09-03 16:04:37,16,N,Peak,0.0
2026-09-11 00:27:42,0,W,Non-Peak,24.97031510456933
2026-09-14 05:43:56,5,E,Non-Peak,23.113903107289183
2026-09-23 10:21:10,10,E,Non-Peak,24.745430208668218
2026-09-28 07:36:36,7,S,Non-Peak,23.06853189837849
2025-09-24 17:55:49,17,N,Peak,0.0
2025-09-08 18:31:41,18,N,Non-Peak,0.0
2026-09-08 21:03:55,21,E,Non-Peak,22.27929600828293
2025-09-15 18:09:24,18,N,Non-Peak,0.0
2026-09-06 15:07:09,15,W,Non-Peak,29.39129288098017
2026-09-14 00:25:05,0,W,Non-Peak,26.31723195479924
2025-09-16 18:55:23,18,N,Non-Peak,0.0
2026-09-03 03:28:33,3,N,Non-Peak,27.962538502976457
2026-09-05 11:12:23,11,E,Non-Peak,27.186312081957063
2025-09-26 16:58:21,16,N,Peak,0.0
2026-09-04 16:18:46,16,N,Peak,11.167205854490708
2025-09-02 16:59:54,16,N,Peak,0.0
2026-09-02 19:18:22,19,N,Non-Peak,24.636872523135036
2025-09-03 18:30:34,18,N,Non-Peak,0.0
2026-09-05 14:46:49,14,S,Non-Peak,21.744758606372557
2026-09-24 07:43:47,7,W,Non-Peak,22.738787834461785
2025-09-03 16:54:39,16,N,Peak,0.0
2025-09-06 17:03:31,17,N,Peak,0.0
2026-09-01 20:26:42,20,W,Non-Peak,28.30924922836108
2025-09-27 18:22:50,18,N,Non-Peak,0.0
2026-09-09 19:53:24,19,N,Non-Peak,25.89404180050381
2025-09-09 17:11:51,17,N,Peak,0.0
2025-09-12 18:26:15,18,N,Non-Peak,0.0
2026-09-09 08:55:41,8,S,Non-Peak,24.9303745785813
2026-09-15 00:41:24,0,E,Non-Peak,23.535321456278776
2026-09-19 21:56:55,21,E,Non-Peak,20.724666476959868
2025-09-30 16:55:15,16,N,Peak,0.0
2025-09-03 17:53:38,17,N,Peak,0.0
2025-09-04 16:03:50,16,N,Peak,0.0
2026-09-05 21:55:49,21,S,Non-Peak,23.37642501789453
2026-09-04 11:48:50,11,E,Non-Peak,25.002983637522927
2026-09-07 17:23:48,17,S,Peak,14.91295879119643
2025-09-24 18:53:53,18,N,Non-Peak,0.0
2026-09-02 20:20:26,20,W,Non-Peak,20.079188823529527
2025-09-29 18:02:36,18,N,Non-Peak,0.0
2026-09-30 16:17:04,16,E,Peak,18.327267181920263
2026-09-14 10:39:57,10,N,Non-Peak,23.92830707658136
2026-09-02 14:45:32,14,E,Non-Peak,29.34320102544624
2026-09-02 17:00:56,17,S,Peak,12.412213357021146
2026-09-02 11:49:35,11,W,Non-Peak,22.26944774920026
2025-09-26 17:30:33,17,N,Peak,0.0
2025-09-28 17:04:31,17,N,Peak,0.0
2026-09-09 11:39:31,11,W,Non-Peak,23.413224061348203
2026-09-08 13:54:07,13,S,Non-Peak,26.37617737883183
2026-09-03 11:55:57,11,W,Non-Peak,20.972231302967607
2026-09-29 16:27:18,16,W,Peak,12.351675238229015
2026-09-27 06:24:34,6,N,Non-Peak,25.553424529010577
2026-09-24 18:20:45,18,W,Non-Peak,21.877072401386524
2026-09-28 22:28:57,22,S,Non-Peak,27.142536102248133
2026-09-29 01:36:53,1,S,Non-Peak,28.97596633712113
2026-09-06 00:32:38,0,N,Non-Peak,27.68370229831214
2025-09-19 18:26:44,18,N,Non-Peak,0.0
2026-09-19 18:45:38,18,N,Non-Peak,29.640730591897277
2026-09-16 02:46:58,2,E,Non-Peak,22.00337906163274
2025-09-16 18:41:21,18,N,Non-Peak,0.0
2026-09-09 17:41:33,17,N,Peak,13.8186805992049
2026-09-07 08:28:19,8,S,Non-Peak,28.229614592447383
2025-09-20 16:28:34,16,N,Peak,0.0
2025-09-13 18:09:56,18,N,Non-Peak,0.0
2025-09-15 16:04:34,16,N,Peak,0.0
2026-09-07 13:40:19,13,E,Non-Peak,29.66207407967741
2026-09-10 17:26:54,17,S,Peak,17.148886017803083
2026-09-21 02:13:41,2,S,Non-Peak,22.54762304109739
2025-09-18 18:23:34,18,N,Non-Peak,0.0
2026-09-28 19:27:00,19,E,Non-Peak,28.51170525919782
2026-09-14 21:47:43,21,W,Non-Peak,20.572845449703525
2026-09-21 01:54:10,1,N,Non-Peak,27.410608483924364
2026-09-11 15:15:12,15,E,Non-Peak,22.40816001552751
2025-09-15 18:37:47,18,N,Non-Peak,0.0
2025-09-02 16:20:38,16,N,Peak,0.0
2025-09-29 18:46:15,18,N,Non-Peak,0.0
2026-09-23 15:22:53,15,N,Non-Peak,21.521813741138324
2026-09-26 10:48:26,10,E,Non-Peak,21.372868801213063
2026-09-23 18:03:39,18,W,Non-Peak,24.695261706838565
2026-09-30 05:19:51,5,N,Non-Peak,21.713105106189847
2026-09-12 15:13:40,15,W,Non-Peak,21.76600973642503
2025-09-21 17:59:26,17,N,Peak,0.0
2025-09-12 18:19:08,18,N,Non-Peak,0.0
2026-09-15 22:03:07,22,N,Non-Peak,28.327599773883517
2026-09-24 13:35:49,13,N,Non-Peak,27.640593185325407
2026-09-10 12:07:42,12,W,Non-Peak,22.631838676844172
2026-09-04 09:46:42,9,E,Non-Peak,24.15594540807019
2026-09-17 21:05:38,21,N,Non-Peak,23.921807199017778
2025-09-15 16:16:24,16,N,Peak,0.0
2025-09-10 17:06:04,17,N,Peak,0.0
2026-09-29 16:39:00,16,W,Peak,13.371512766283848
2026-09-30 10:48:30,10,E,Non-Peak,22.653089207883063
2026-09-05 19:00:11,19,S,Non-Peak,21.056983476454885
2026-09-15 13:40:49,13,S,Non-Peak,26.613301766202568
2025-09-21 17:45:38,17,N,Peak,0.0
2026-09-14 03:48:05,3,W,Non-Peak,21.538929693428205
2026-09-22 01:02:19,1,W,Non-Peak,21.084307806613705
2026-09-13 22:10:37,22,E,Non-Peak,20.073362064783456
2026-09-09 20:13:14,20,E,Non-Peak,20.532433374196906
2025-09-16 17:44:15,17,N,Peak,0.0
2025-09-13 17:19:00,17,N,Peak,0.0
2026-09-28 04:03:16,4,E,Non-Peak,29.979107504585787
2025-09-23 17:07:50,17,N,Peak,0.0
2025-09-10 18:12:45,18,N,Non-Peak,0.0
2026-09-23 20:21:09,20,N,Non-Peak,27.573694083421582
2026-09-28 06:15:03,6,S,Non-Peak,27.739426471001977
2025-09-16 18:53:26,18,N,Non-Peak,0.0
2026-09-27 05:13:33,5,N,Non-Peak,26.105799163933792
2026-09-28 22:40:27,22,E,Non-Peak,22.585912163540456
2026-09-13 20:00:30,20,S,Non-Peak,27.308767359673173
2025-09-16 17:05:16,17,N,Peak,0.0
2025-09-19 17:31:18,17,N,Peak,0.0
2025-09-20 17:23:30,17,N,Peak,0.0
2026-09-04 09:06:04,9,N,Non-Peak,23.829701992079254
2026-09-27 07:45:24,7,S,Non-Peak,20.302973990579343
2026-09-09 22:16:45,22,W,Non-Peak,29.54694814945318
2026-09-09 03:11:47,3,S,Non-Peak,24.571533573796334
2026-09-29 13:20:44,13,N,Non-Peak,29.545040809026688
2025-09-04 17:23:41,17,N,Peak,0.0
2026-09-27 16:58:05,16,E,Peak,16.319149755072267
2025-09-21 16:30:51,16,N,Peak,0.0
2026-09-27 08:55:18,8,W,Non-Peak,25.58990841827236
2026-09-26 02:15:03,2,W,Non-Peak,21.89092351690825
2025-09-04 18:26:09,18,N,Non-Peak,0.0
2026-09-08 11:27:39,11,N,Non-Peak,26.959483925830487
2025-09-08 17:43:04,17,N,Peak,0.0
2025-09-23 16:55:43,16,N,Peak,0.0
2026-09-11 06:18:42,6,S,Non-Peak,24.28665606345224
2026-09-14 17:29:20,17,N,Peak,13.956701769248763
2026-09-02 04:18:27,4,S,Non-Peak,26.05596688938087
2025-09-01 18:12:17,18,N,Non-Peak,0.0
2025-09-12 16:10:04,16,N,Peak,0.0
2026-09-23 00:42:00,0,W,Non-Peak,25.097610268498425
2026-09-22 05:59:13,5,S,Non-Peak,27.22761232809726
2025-09-16 18:50:02,18,N,Non-Peak,0.0
2026-09-02 21:59:27,21,N,Non-Peak,25.28849643645821
2026-09-15 08:20:27,8,S,Non-Peak,21.66346314577144
2026-09-19 13:22:42,13,S,Non-Peak,24.59757029456273
2025-09-19 16:53:54,16,N,Peak,0.0
2026-09-16 08:19:06,8,N,Non-Peak,26.9346420144352
2025-09-03 16:16:50,16,N,Peak,0.0
2026-09-28 20:48:32,20,S,Non-Peak,23.919481952574408
2026-09-27 07:10:44,7,N,Non-Peak,28.292822065677584
2026-09-01 01:55:29,1,W,Non-Peak,25.84455199069745
2025-09-28 16:52:10,16,N,Peak,0.0
2025-09-24 17:23:34,17,N,Peak,0.0
2026-09-17 20:03:00,20,E,Non-Peak,23.428239857396672
2026-09-12 11:14:07,11,S,Non-Peak,23.27997264393844
2026-09-14 07:30:09,7,W,Non-Peak,21.67214219716417
2026-09-26 04:17:15,4,S,Non-Peak,26.65378928059738
2026-09-12 13:37:03,13,W,Non-Peak,29.23123967575389
2026-09-04 00:49:05,0,W,Non-Peak,25.553108008985017
2026-09-23 20:36:29,20,W,Non-Peak,28.398872401585656
2026-09-24 14:24:19,14,W,Non-Peak,28.26280055227766
2025-09-18 18:22:33,18,N,Non-Peak,0.0
2026-09-24 10:08:31,10,E,Non-Peak,27.255130533275292
2026-09-15 02:42:45,2,E,Non-Peak,28.907505601813817
2026-09-09 02:35:28,2,E,Non-Peak,20.06918472934798
2026-09-09 15:29:24,15,W,Non-Peak,26.48651668221478
2026-09-16 23:04:34,23,W,Non-Peak,29.385391461153983
2026-09-25 11:48:00,11,N,Non-Peak,22.562348217824518
2026-09-13 11:32:25,11,E,Non-Peak,25.34472464641277
2026-09-21 22:44:34,22,N,Non-Peak,24.75005329392467
2026-09-11 07:07:22,7,W,Non-Peak,26.72458587344052
2025-09-29 16:36:44,16,N,Peak,0.0
2026-09-25 12:04:42,12,E,Non-Peak,27.23422643334004
2026-09-23 13:28:28,13,E,Non-Peak,24.70883463080359
2026-09-30 10:38:58,10,N,Non-Peak,25.56556640730551
2026-09-26 18:54:44,18,N,Non-Peak,24.22144742073832
2026-09-10 07:01:29,7,N,Non-Peak,20.464318111567103
2026-09-30 23:03:36,23,W,Non-Peak,29.8430039782342
2026-09-13 21:32:57,21,E,Non-Peak,25.734569394887416
2026-09-25 18:27:02,18,W,Non-Peak,25.51418366491319
2026-09-17 15:15:28,15,E,Non-Peak,20.370067784224705
2026-09-20 15:54:57,15,N,Non-Peak,28.85677316892192
2025-09-13 18:54:44,18,N,Non-Peak,0.0
2026-09-26 04:18:31,4,N,Non-Peak,24.800611332186836
2026-09-05 17:30:40,17,W,Peak,17.078726440849632
2026-09-07 07:58:06,7,N,Non-Peak,27.89020277991864
2025-09-19 18:53:12,18,N,Non-Peak,0.0
2026-09-07 06:29:09,6,W,Non-Peak,21.24546931994
2025-09-16 18:44:38,18,N,Non-Peak,0.0
2026-09-27 03:57:12,3,S,Non-Peak,21.824814530150164
2025-09-07 18:10:36,18,N,Non-Peak,0.0
2026-09-21 23:14:26,23,S,Non-Peak,22.13645815818437
2025-09-30 16:09:39,16,N,Peak,0.0
2026-09-24 15:19:14,15,E,Non-Peak,27.97632128847953
2025-09-13 16:51:32,16,N,Peak,0.0
2026-09-09 23:52:14,23,W,Non-Peak,22.39650268032988
2026-09-07 14:53:46,14,W,Non-Peak,24.96475765127459
2025-09-26 18:43:13,18,N,Non-Peak,0.0
2026-09-15 03:13:03,3,N,Non-Peak,26.868761646462296
2026-09-18 21:27:37,21,E,Non-Peak,29.522850888669133
2026-09-28 06:21:02,6,N,Non-Peak,21.83137299131548
2025-09-08 17:05:58,17,N,Peak,0.0
2026-09-20 21:10:25,21,S,Non-Peak,27.50808560767873
2025-09-05 16:42:13,16,N,Peak,0.0
2026-09-24 15:54:50,15,W,Non-Peak,29.19854324355928
2026-09-12 04:16:34,4,W,Non-Peak,29.247657131680068
2026-09-29 23:33:01,23,N,Non-Peak,28.519511272490508
2026-09-12 03:35:37,3,W,Non-Peak,22.96204334263922
2025-09-11 18:53:29,18,N,Non-Peak,0.0
2026-09-11 16:58:30,16,W,Peak,15.028405857841792
2026-09-13 17:46:15,17,W,Peak,15.64638631868488
2026-09-30 00:31:21,0,N,Non-Peak,26.283002666964023
2025-09-29 16:10:41,16,N,Peak,0.0
2026-09-12 06:48:06,6,W,Non-Peak,23.33449876155136
2026-09-13 20:21:39,20,W,Non-Peak,20.030551461950257
2025-09-15 17:09:31,17,N,Peak,0.0
2026-09-02 16:23:38,16,S,Peak,17.905240142547587
2025-09-15 17:03:09,17,N,Peak,0.0
2025-09-23 17:04:20,17,N,Peak,0.0
2025-09-07 16:15:04,16,N,Peak,0.0
2026-09-09 00:05:47,0,S,Non-Peak,26.19444177671989
2026-09-24 23:57:09,23,S,Non-Peak,20.65175287513849
2026-09-13 02:47:19,2,E,Non-Peak,24.25687643061205
2026-09-19 09:23:15,9,E,Non-Peak,21.51613238860093
2025-09-20 16:53:57,16,N,Peak,0.0
2025-09-11 17:02:45,17,N,Peak,0.0
2026-09-18 13:59:08,13,S,Non-Peak,22.99011715096565
2026-09-19 18:31:45,18,W,Non-Peak,27.19781264572776
2026-09-28 02:28:56,2,S,Non-Peak,21.397314452052655
2026-09-08 11:57:22,11,N,Non-Peak,26.274442224378184
2026-09-17 17:39:29,17,W,Peak,16.756856937911227
2025-09-24 17:43:49,17,N,Peak,0.0
2026-09-23 03:48:32,3,N,Non-Peak,27.34920825932769
2025-09-15 17:13:26,17,N,Peak,0.0
2026-09-26 08:04:50,8,N,Non-Peak,21.17355817978588
2026-09-25 01:40:51,1,N,Non-Peak,20.394129879316704
2026-09-07 17:15:30,17,N,Peak,14.076065720466955
2026-09-23 10:42:17,10,N,Non-Peak,22.695107874774443
2026-09-03 21:08:14,21,E,Non-Peak,22.01388293430344
2025-09-30 18:32:07,18,N,Non-Peak,0.0
2026-09-27 17:14:41,17,W,Peak,15.5140887620316
2026-09-15 14:50:30,14,E,Non-Peak,24.34635919862076
2026-09-25 09:41:15,9,S,Non-Peak,27.338612357959484
2026-09-24 06:51:49,6,E,Non-Peak,29.85700761852268
2025-09-11 16:02:06,16,N,Peak,0.0
2026-09-20 02:41:48,2,N,Non-Peak,26.00313106085842
2026-09-19 12:47:11,12,E,Non-Peak,28.968806224251857
2026-09-10 11:07:47,11,N,Non-Peak,22.752191563750507
2025-09-16 16:18:55,16,N,Peak,0.0
2026-09-14 06:29:04,6,S,Non-Peak,22.862577913801484
2026-09-02 08:56:45,8,N,Non-Peak,23.40594267971897
2026-09-27 18:45:26,18,S,Non-Peak,28.11688840960101
2026-09-03 11:34:29,11,E,Non-Peak,22.88461382925036
2026-09-19 15:54:55,15,W,Non-Peak,25.73487270003413
2025-09-08 17:24:36,17,N,Peak,0.0
2026-09-10 16:18:04,16,S,Peak,13.840085625377773
2026-09-05 00:51:01,0,N,Non-Peak,24.012278397619596
2026-09-16 01:53:39,1,E,Non-Peak,20.25833805773435
2026-09-01 06:13:14,6,W,Non-Peak,28.975403229474097
2025-09-20 16:46:13,16,N,Peak,0.0
2026-09-06 17:32:23,17,N,Peak,10.687815778560536
2026-09-24 13:47:25,13,S,Non-Peak,28.41222736757413
2026-09-01 03:48:38,3,E,Non-Peak,29.14913624109285
2026-09-17 03:55:48,3,S,Non-Peak,24.36991297907144
2026-09-15 20:50:23,20,E,Non-Peak,27.78618557701304
2026-09-19 04:51:51,4,S,Non-Peak,29.545346174840525
2026-09-07 00:27:37,0,S,Non-Peak,24.27138090779243
2025-09-05 17:09:14,17,N,Peak,0.0
2026-09-21 21:33:31,21,E,Non-Peak,21.8139212591016
2026-09-15 07:17:13,7,S,Non-Peak,21.41201333273417
2025-09-29 17:44:49,17,N,Peak,0.0
2026-09-16 22:39:43,22,S,Non-Peak,29.40535990968069
2026-09-26 09:47:48,9,W,Non-Peak,24.86561952902049
2026-09-29 06:06:42,6,N,Non-Peak,26.30982828658724
2025-09-05 16:32:06,16,N,Peak,0.0
2026-09-27 20:50:55,20,W,Non-Peak,20.536704564217608
2026-09-14 20:47:43,20,N,Non-Peak,25.565383616389266
2026-09-06 14:09:59,14,N,Non-Peak,29.406818676314813
2026-09-04 19:39:51,19,W,Non-Peak,21.47350748157476
2026-09-25 12:53:30,12,W,Non-Peak,24.228814753875405
2026-09-02 19:28:52,19,S,Non-Peak,20.38611585898284
2026-09-07 12:57:24,12,W,Non-Peak,27.981326147537263
2026-09-29 08:15:54,8,W,Non-Peak,27.776434703079623
2026-09-07 22:33:09,22,W,Non-Peak,21.126816789466066
2026-09-29 12:58:16,12,N,Non-Peak,24.90276332096317
2026-09-21 23:15:31,23,W,Non-Peak,27.861175484244317
2026-09-07 07:53:37,7,W,Non-Peak,23.365513809273533
2026-09-24 18:23:02,18,N,Non-Peak,20.18838303895209
2025-09-16 18:07:02,18,N,Non-Peak,0.0
2025-09-03 17:19:48,17,N,Peak,0.0
2026-09-28 10:08:42,10,N,Non-Peak,21.785405107932352
2026-09-13 18:28:07,18,W,Non-Peak,22.77528391515979
2026-09-06 21:27:07,21,W,Non-Peak,22.796367658069272
2026-09-04 00:18:22,0,S,Non-Peak,20.20769956567867
2025-09-23 16:26:55,16,N,Peak,0.0
2025-09-30 16:44:10,16,N,Peak,0.0
2026-09-13 02:47:28,2,S,Non-Peak,22.347883513841847
2026-09-14 03:38:30,3,W,Non-Peak,28.34735312436321
2025-09-24 18:42:19,18,N,Non-Peak,0.0
2026-09-28 08:08:21,8,S,Non-Peak,27.84589741917516
2026-09-04 18:35:21,18,N,Non-Peak,29.00966997429129
2026-09-16 01:33:18,1,N,Non-Peak,22.571752887290238
2025-09-16 17:06:22,17,N,Peak,0.0
2026-09-24 04:37:50,4,E,Non-Peak,26.83321167682271
2026-09-01 22:58:24,22,N,Non-Peak,20.29029103851969
2025-09-08 17:35:04,17,N,Peak,0.0
2025-09-16 17:21:18,17,N,Peak,0.0
2026-09-14 06:02:41,6,N,Non-Peak,25.275694668171937
2025-09-18 17:55:15,17,N,Peak,0.0
2026-09-05 04:23:56,4,E,Non-Peak,22.676142958390194
2026-09-21 22:49:04,22,E,Non-Peak,25.24297714666065
2025-09-24 16:36:18,16,N,Peak,0.0
2026-09-13 06:51:25,6,W,Non-Peak,22.289656776895328
2026-09-04 10:00:33,10,E,Non-Peak,26.246907287930583
2026-09-16 18:18:17,18,N,Non-Peak,23.523352606296424
2026-09-19 20:48:08,20,S,Non-Peak,25.56345979712825
2025-09-11 17:41:14,17,N,Peak,0.0
2026-09-12 14:47:38,14,W,Non-Peak,21.196253695496395
2025-09-28 17:11:15,17,N,Peak,0.0
2026-09-27 23:52:24,23,N,Non-Peak,20.776862832856605
2025-09-13 17:45:22,17,N,Peak,0.0
2026-09-05 07:59:23,7,N,Non-Peak,27.193178167979447
2026-09-01 12:18:10,12,S,Non-Peak,27.619418324209303
2026-09-21 19:22:23,19,S,Non-Peak,21.275819356711047
2026-09-03 20:16:03,20,S,Non-Peak,26.834600715504884
2026-09-03 07:18:52,7,N,Non-Peak,26.051891478152044
2026-09-18 03:41:58,3,E,Non-Peak,21.888752763279943
2026-09-28 01:19:47,1,S,Non-Peak,27.65201456934814
2026-09-09 10:51:01,10,W,Non-Peak,21.84475170530633
2026-09-30 00:45:14,0,W,Non-Peak,27.70801289186327
2025-09-13 17:37:19,17,N,Peak,0.0
2025-09-19 17:54:28,17,N,Peak,0.0
2026-09-01 20:13:13,20,E,Non-Peak,29.06419510325842
2026-09-20 10:15:38,10,E,Non-Peak,28.567825803824636
2025-09-13 17:25:43,17,N,Peak,0.0
2025-09-12 18:35:05,18,N,Non-Peak,0.0
2026-09-08 03:55:41,3,E,Non-Peak,25.21208113102956
2025-09-10 17:49:58,17,N,Peak,0.0
2025-09-10 17:49:04,17,N,Peak,0.0
2025-09-06 17:58:11,17,N,Peak,0.0
2026-09-07 09:00:37,9,N,Non-Peak,25.197268336784724
2026-09-07 16:03:26,16,W,Peak,11.010230119990398
2025-09-05 17:23:59,17,N,Peak,0.0
2026-09-15 13:49:21,13,W,Non-Peak,27.245705781369395
2025-09-10 17:58:26,17,N,Peak,0.0
2026-09-05 06:44:56,6,S,Non-Peak,24.861374790674788
2026-09-05 19:13:25,19,E,Non-Peak,23.48820254974665
2026-09-29 15:29:23,15,W,Non-Peak,26.843959320916117
2026-09-01 04:58:28,4,S,Non-Peak,26.950914740501545
2025-09-21 18:17:37,18,N,Non-Peak,0.0
2026-09-05 19:25:49,19,E,Non-Peak,27.69707898568476
2026-09-29 01:25:47,1,W,Non-Peak,27.006255800253392
2025-09-20 18:48:52,18,N,Non-Peak,0.0
2026-09-05 00:28:32,0,E,Non-Peak,27.55731219251107
2026-09-19 01:13:48,1,S,Non-Peak,25.932508209435063
2025-09-29 18:11:50,18,N,Non-Peak,0.0
2025-09-05 16:10:55,16,N,Peak,0.0
2026-09-16 17:27:44,17,W,Peak,13.944346291415144
2025-09-24 18:04:31,18,N,Non-Peak,0.0
2025-09-07 18:19:06,18,N,Non-Peak,0.0
2025-09-11 17:09:52,17,N,Peak,0.0
2026-09-27 11:44:54,11,W,Non-Peak,24.16449215566167
2025-09-02 16:50:09,16,N,Peak,0.0
2026-09-25 01:35:11,1,W,Non-Peak,27.342040967506254
2026-09-07 16:04:33,16,W,Peak,10.536913451184365
2026-09-04 23:36:24,23,W,Non-Peak,23.76848783543711
2025-09-04 17:34:51,17,N,Peak,0.0
2026-09-27 14:22:47,14,S,Non-Peak,23.524262200669497
2026-09-25 18:27:28,18,S,Non-Peak,25.78854527929303
2026-09-18 13:51:34,13,W,Non-Peak,20.70038956330864
2026-09-09 19:46:13,19,E,Non-Peak,24.964951037924344
2025-09-16 17:01:52,17,N,Peak,0.0
2026-09-17 14:19:28,14,S,Non-Peak,20.737913963519954
2026-09-04 04:05:51,4,W,Non-Peak,21.677010675172525
2025-09-27 17:52:33,17,N,Peak,0.0
2026-09-18 16:07:10,16,S,Peak,12.616702469939334
2025-09-02 18:27:35,18,N,Non-Peak,0.0
2026-09-19 08:36:40,8,E,Non-Peak,25.085703352691933
2026-09-15 19:22:51,19,W,Non-Peak,26.211460696318028
2026-09-12 03:27:16,3,E,Non-Peak,28.98369238313073
2025-09-24 18:09:00,18,N,Non-Peak,0.0
2026-09-08 18:27:36,18,W,Non-Peak,27.033758332431333
2026-09-14 07:07:07,7,N,Non-Peak,28.374142844823005
2025-09-30 16:31:34,16,N,Peak,0.0
2026-09-06 20:09:17,20,N,Non-Peak,21.234853381981043
2025-09-18 18:59:59,18,N,Non-Peak,0.0
2026-09-10 05:06:55,5,N,Non-Peak,20.243209235105788
2025-09-09 17:21:01,17,N,Peak,0.0
2025-09-10 16:11:44,16,N,Peak,0.0
2026-09-06 11:44:05,11,S,Non-Peak,21.568399579466107
2026-09-28 19:27:58,19,S,Non-Peak,22.75965592851904
2025-09-03 17:21:44,17,N,Peak,0.0
2025-09-19 17:36:12,17,N,Peak,0.0
2026-09-16 23:24:04,23,S,Non-Peak,28.90121679801924
2025-09-15 16:27:32,16,N,Peak,0.0
2025-09-22 17:34:24,17,N,Peak,0.0
2026-09-10 12:33:35,12,W,Non-Peak,24.98810126229659
2026-09-11 02:00:31,2,S,Non-Peak,27.419115937604204
2026-09-27 05:59:48,5,S,Non-Peak,29.52881660825126
2026-09-04 04:39:14,4,N,Non-Peak,23.7202364359218
2026-09-15 14:35:14,14,N,Non-Peak,23.08959403284261
2026-09-29 17:21:37,17,N,Peak,16.78770112786284
2026-09-04 22:03:04,22,N,Non-Peak,24.871948589299866
2026-09-19 03:47:30,3,S,Non-Peak,23.135832485501066
2025-09-29 16:41:04,16,N,Peak,0.0
2026-09-30 08:16:29,8,W,Non-Peak,21.66558984552569
2025-09-16 18:51:03,18,N,Non-Peak,0.0
2025-09-19 18:46:50,18,N,Non-Peak,0.0
2026-09-14 13:51:47,13,N,Non-Peak,28.256746238225023
2026-09-25 03:26:55,3,S,Non-Peak,26.694771505380395
2026-09-06 12:10:47,12,W,Non-Peak,21.65372626666683
2026-09-05 14:33:09,14,E,Non-Peak,23.13610377060363
2025-09-12 16:03:40,16,N,Peak,0.0
2026-09-11 01:09:30,1,E,Non-Peak,27.74857740451949
2026-09-03 09:23:48,9,N,Non-Peak,26.14978144403311
2026-09-06 13:49:01,13,W,Non-Peak,27.401516632403396
2025-09-11 16:16:43,16,N,Peak,0.0
2026-09-14 01:11:56,1,S,Non-Peak,23.653867238763254
2026-09-02 05:04:29,5,E,Non-Peak,21.049293066218272
2025-09-04 17:31:44,17,N,Peak,0.0
2026-09-18 07:04:34,7,W,Non-Peak,23.26217216823673
2026-09-28 09:22:12,9,N,Non-Peak,23.68377933250576
2026-09-19 06:01:55,6,S,Non-Peak,20.46575814730128
2025-09-04 18:03:52,18,N,Non-Peak,0.0
2025-09-04 17:47:31,17,N,Peak,0.0
2026-09-29 02:10:49,2,S,Non-Peak,22.142344847367696
2026-09-19 11:37:38,11,E,Non-Peak,22.204159294738336
2026-09-27 06:01:32,6,S,Non-Peak,25.842746638581698
2026-09-28 01:56:44,1,S,Non-Peak,29.84705138324506
2026-09-29 09:23:12,9,W,Non-Peak,20.44826599989827
2026-09-10 17:57:21,17,E,Peak,13.330110707012077
2026-09-28 19:51:38,19,N,Non-Peak,20.61009870178978
2026-09-19 15:23:57,15,W,Non-Peak,21.15702640387804
2026-09-24 04:43:25,4,E,Non-Peak,20.57694513627941
2026-09-23 07:24:45,7,S,Non-Peak,23.99829546387456
2026-09-28 22:54:29,22,S,Non-Peak,22.84475546453052
2026-09-13 16:26:27,16,N,Peak,13.26294770296516
2025-09-26 17:08:44,17,N,Peak,0.0
2026-09-16 12:26:37,12,W,Non-Peak,26.888815963866872
2026-09-21 19:36:27,19,W,Non-Peak,22.799371563524584
2026-09-13 15:51:03,15,E,Non-Peak,23.066138108140912
2026-09-08 23:48:40,23,S,Non-Peak,21.32996890378607
2025-09-15 18:37:41,18,N,Non-Peak,0.0
2025-09-08 18:54:01,18,N,Non-Peak,0.0
2025-09-03 17:35:28,17,N,Peak,0.0
2026-09-29 00:59:03,0,E,Non-Peak,28.24241603449745
2026-09-18 11:38:05,11,N,Non-Peak,20.69613205810503
2026-09-03 17:32:27,17,E,Peak,12.391678113531976
2026-09-03 03:20:41,3,E,Non-Peak,25.509181599536443
2026-09-08 07:05:05,7,W,Non-Peak,27.817504878148437
2026-09-18 04:14:39,4,W,Non-Peak,22.712041680490408
2025-09-07 17:28:15,17,N,Peak,0.0
2026-09-26 20:54:34,20,W,Non-Peak,21.16535238085551
2025-09-27 16:25:14,16,N,Peak,0.0
2025-09-06 16:23:14,16,N,Peak,0.0
2026-09-25 17:37:45,17,E,Peak,17.174544032350504
2026-09-02 05:57:50,5,N,Non-Peak,20.93237911992597
2026-09-05 00:22:48,0,N,Non-Peak,26.50339323302727
2026-09-17 22:53:50,22,W,Non-Peak,29.35894922692876
2026-09-08 12:54:43,12,S,Non-Peak,24.72450147888987
2026-09-18 09:03:41,9,E,Non-Peak,22.23528034508398
2026-09-13 05:53:16,5,S,Non-Peak,24.673730293544292
2026-09-13 20:53:25,20,S,Non-Peak,29.205206594306382
2026-09-30 04:27:50,4,E,Non-Peak,29.45586477177802
2026-09-19 01:03:12,1,N,Non-Peak,27.35903742136204
2026-09-17 16:39:32,16,S,Peak,13.35885495179524
2026-09-26 19:27:40,19,E,Non-Peak,27.71820708431418
2026-09-10 18:17:17,18,S,Non-Peak,20.13616304775539
2026-09-08 03:39:32,3,W,Non-Peak,23.89295816781424
2025-09-24 17:41:48,17,N,Peak,0.0
2026-09-05 12:52:35,12,E,Non-Peak,26.05617651115651
2026-09-16 13:50:45,13,S,Non-Peak,24.466097729647647
2026-09-07 15:05:25,15,E,Non-Peak,23.302934860743765
2026-09-18 18:47:24,18,W,Non-Peak,25.418814489108307
2026-09-17 14:25:23,14,W,Non-Peak,21.631629195304875
2026-09-27 04:27:07,4,W,Non-Peak,26.30719233963493
2026-09-01 12:02:50,12,N,Non-Peak,22.387064242357745
2025-09-16 17:44:46,17,N,Peak,0.0
2025-09-11 17:30:11,17,N,Peak,0.0
2025-09-28 16:03:01,16,N,Peak,0.0
2025-09-10 16:17:03,16,N,Peak,0.0
2025-09-02 17:14:56,17,N,Peak,0.0
2026-09-21 16:18:47,16,E,Peak,10.45942934605203
2026-09-17 22:31:30,22,E,Non-Peak,21.80210878030288
2026-09-05 00:10:08,0,S,Non-Peak,25.73895496888463
2025-09-21 16:41:11,16,N,Peak,0.0
2026-09-30 16:59:48,16,S,Peak,18.17053432642017
2026-09-30 13:42:18,13,S,Non-Peak,25.90131898822598
2025-09-06 18:05:16,18,N,Non-Peak,0.0
2025-09-22 17:16:48,17,N,Peak,0.0
2026-09-02 08:55:01,8,W,Non-Peak,21.708557286697065
2026-09-17 08:08:50,8,W,Non-Peak,27.134244983605672
2026-09-03 22:24:11,22,W,Non-Peak,26.285162296732672
2025-09-09 17:48:19,17,N,Peak,0.0
2026-09-02 17:45:35,17,E,Peak,14.47799362706928
2026-09-30 18:41:14,18,S,Non-Peak,21.815838705002275
2025-09-24 17:49:52,17,N,Peak,0.0
2026-09-17 12:08:45,12,N,Non-Peak,23.619096058288346
2026-09-07 20:27:11,20,S,Non-Peak,27.647068938926694
2026-09-11 23:14:44,23,N,Non-Peak,24.44544263373937
2026-09-13 19:55:06,19,E,Non-Peak,29.54386001316085
2026-09-08 16:08:44,16,S,Peak,19.300407040634983
2026-09-16 03:29:17,3,W,Non-Peak,22.66106564522534
2026-09-14 21:53:57,21,S,Non-Peak,29.41562063477454
2026-09-14 16:12:25,16,N,Peak,15.896375843789189
2025-09-07 18:58:35,18,N,Non-Peak,0.0
2026-09-22 11:25:01,11,E,Non-Peak,23.886621190639904
2026-09-24 07:43:47,7,W,Non-Peak,22.738787834461785
2025-09-30 16:50:10,16,N,Peak,0.0
2026-09-09 17:04:29,17,N,Peak,14.729421151944871
2026-09-21 15:23:04,15,S,Non-Peak,26.47045765267
2025-09-10 16:39:48,16,N,Peak,0.0
2026-09-10 20:53:57,20,S,Non-Peak,22.32506701075005
2025-09-15 17:14:47,17,N,Peak,0.0
2026-09-09 08:12:37,8,N,Non-Peak,26.16150341144152
2025-09-01 18:59:59,18,N,Non-Peak,0.0
2026-09-02 16:55:22,16,W,Peak,18.923716049177365
2025-09-07 18:38:46,18,N,Non-Peak,0.0
2026-09-20 14:24:18,14,E,Non-Peak,25.56546924420472
2026-09-22 08:11:51,8,W,Non-Peak,21.13430168594257
2026-09-21 12:38:29,12,W,Non-Peak,28.75975429503745
2026-09-03 04:15:50,4,W,Non-Peak,21.230812565170616
2026-09-18 23:13:00,23,W,Non-Peak,25.39803302377021
2026-09-03 01:14:57,1,W,Non-Peak,23.324443505232164
2026-09-22 22:49:28,22,S,Non-Peak,21.324097330998285
2026-09-06 18:38:48,18,N,Non-Peak,28.669615540165918
2026-09-26 09:26:01,9,E,Non-Peak,29.684480640773035
2025-09-01 18:47:04,18,N,Non-Peak,0.0
2026-09-05 18:51:54,18,S,Non-Peak,23.788980981839916
2025-09-30 17:22:27,17,N,Peak,0.0
2026-09-15 20:31:52,20,W,Non-Peak,25.41994119974056
2026-09-10 07:10:46,7,N,Non-Peak,23.663389337745485
2025-09-15 18:30:37,18,N,Non-Peak,0.0
2026-09-23 11:04:33,11,W,Non-Peak,20.57605078060535
2026-09-12 20:48:42,20,S,Non-Peak,22.97285773233657
2025-09-09 16:35:36,16,N,Peak,0.0
2025-09-28 17:29:12,17,N,Peak,0.0
2026-09-01 03:48:38,3,E,Non-Peak,29.14913624109285
2025-09-03 17:56:01,17,N,Peak,0.0
2026-09-16 17:46:13,17,S,Peak,11.540473962232369
2026-09-08 05:59:05,5,N,Non-Peak,21.26458286979255
2026-09-02 20:05:03,20,N,Non-Peak,25.89196298390112
2025-09-28 16:04:01,16,N,Peak,0.0
2026-09-29 02:36:01,2,N,Non-Peak,28.98722197036449
2026-09-06 01:58:15,1,N,Non-Peak,25.2018770527676
2025-09-13 16:08:14,16,N,Peak,0.0
2026-09-25 03:36:43,3,S,Non-Peak,22.161785687026114
2026-09-04 13:21:22,13,S,Non-Peak,22.52802439840896
2026-09-27 00:31:47,0,N,Non-Peak,28.13254160306915
2025-09-06 16:44:56,16,N,Peak,0.0
2026-09-19 07:33:42,7,S,Non-Peak,26.621548586627203
2026-09-16 08:02:41,8,S,Non-Peak,23.605862240040093
2026-09-05 14:06:07,14,E,Non-Peak,27.15811229916589
2026-09-08 06:10:12,6,E,Non-Peak,25.50506157853996
2026-09-23 23:42:47,23,N,Non-Peak,29.81971205424228
2025-09-27 16:31:06,16,N,Peak,0.0
2025-09-21 16:11:44,16,N,Peak,0.0
2026-09-29 14:32:55,14,E,Non-Peak,28.774789321398835
2026-09-24 02:02:14,2,S,Non-Peak,20.01503933292897
2026-09-03 12:23:14,12,S,Non-Peak,20.959531825961108
2026-09-14 09:21:25,9,N,Non-Peak,24.21786998268768
2025-09-21 18:31:38,18,N,Non-Peak,0.0
2026-09-25 03:29:47,3,N,Non-Peak,26.34420002785825
2026-09-05 14:23:38,14,S,Non-Peak,20.737457069137616
2026-09-16 22:40:04,22,S,Non-Peak,21.93996566336089
2026-09-15 10:14:02,10,W,Non-Peak,20.085646399566397
2025-09-30 18:09:04,18,N,Non-Peak,0.0
2025-09-03 18:12:50,18,N,Non-Peak,0.0
2026-09-15 10:46:18,10,E,Non-Peak,21.017605719928223
2025-09-27 18:38:40,18,N,Non-Peak,0.0
2026-09-20 11:50:07,11,N,Non-Peak,20.902373532910023
2026-09-25 16:29:57,16,W,Peak,14.706045083498116
2025-09-15 18:40:34,18,N,Non-Peak,0.0
2025-09-12 16:20:23,16,N,Peak,0.0
2026-09-17 02:48:20,2,W,Non-Peak,20.54079626767571
2026-09-23 12:07:12,12,N,Non-Peak,23.500838984602733
2025-09-06 17:43:15,17,N,Peak,0.0
2026-09-19 22:42:47,22,E,Non-Peak,20.424878289161462
2025-09-12 17:29:06,17,N,Peak,0.0
2026-09-06 10:32:41,10,N,Non-Peak,24.866258397159285
2026-09-22 21:56:33,21,N,Non-Peak,24.188123404601267
2026-09-23 21:49:23,21,W,Non-Peak,22.97510749460452
2025-09-20 17:53:32,17,N,Peak,0.0
2026-09-09 16:12:24,16,W,Peak,12.503331994445894
2026-09-28 03:38:17,3,S,Non-Peak,21.031943767190302
2026-09-04 19:20:44,19,N,Non-Peak,25.655886517972377
2026-09-11 09:08:55,9,E,Non-Peak,23.030142777244134
2025-09-08 18:40:14,18,N,Non-Peak,0.0
2026-09-02 08:36:30,8,N,Non-Peak,21.34375036772697
2026-09-02 20:29:55,20,S,Non-Peak,26.505080232439383
2026-09-01 00:48:51,0,N,Non-Peak,25.11328769781488
2026-09-26 11:13:04,11,E,Non-Peak,24.990000805385712
2025-09-04 18:00:58,18,N,Non-Peak,0.0
2026-09-20 13:46:17,13,W,Non-Peak,22.83971143707277
2026-09-30 11:36:01,11,E,Non-Peak,23.12123151138027
2026-09-28 19:24:30,19,W,Non-Peak,20.994473683989792
2026-09-17 07:46:48,7,W,Non-Peak,26.58274942119342
2026-09-22 01:48:21,1,S,Non-Peak,23.45735139992808
2025-09-19 16:08:37,16,N,Peak,0.0
2026-09-08 08:56:22,8,N,Non-Peak,26.031848812158906
2025-09-22 16:57:22,16,N,Peak,0.0
2025-09-04 17:16:21,17,N,Peak,0.0
2025-09-26 16:42:31,16,N,Peak,0.0
2026-09-04 14:50:30,14,W,Non-Peak,21.81434627094888
2026-09-19 15:58:22,15,S,Non-Peak,22.13899648529445
2025-09-05 17:59:01,17,N,Peak,0.0
2026-09-08 07:09:14,7,N,Non-Peak,26.56809927820424
2026-09-17 17:29:21,17,S,Peak,10.73114013759698
2026-09-05 00:50:14,0,W,Non-Peak,23.48069621401811
2026-09-09 00:52:05,0,W,Non-Peak,28.67416055285357
2026-09-01 05:54:51,5,E,Non-Peak,21.426772074196904
2026-09-23 16:17:08,16,S,Peak,10.908249640193132
2025-09-16 18:29:42,18,N,Non-Peak,0.0
2025-09-26 18:21:45,18,N,Non-Peak,0.0
2026-09-02 00:38:31,0,S,Non-Peak,21.457316120132223
2026-09-13 08:50:39,8,E,Non-Peak,26.663173711456466
2025-09-15 18:41:49,18,N,Non-Peak,0.0
2026-09-19 17:56:21,17,N,Peak,11.502984724833372
2026-09-28 08:35:08,8,N,Non-Peak,26.289214929828955
2026-09-21 00:22:05,0,E,Non-Peak,22.31806590697939
2026-09-09 08:17:36,8,W,Non-Peak,22.090844974779483
2026-09-22 06:44:47,6,E,Non-Peak,21.66437055336282
2025-09-28 16:34:19,16,N,Peak,0.0
2026-09-18 06:49:03,6,N,Non-Peak,22.295775967119685
2026-09-04 20:46:29,20,W,Non-Peak,27.93504148945239
2026-09-08 01:21:32,1,S,Non-Peak,29.58113780482258
2025-09-08 17:00:56,17,N,Peak,0.0
2025-09-16 17:24:25,17,N,Peak,0.0
2025-09-01 17:12:53,17,N,Peak,0.0
2026-09-12 03:42:25,3,E,Non-Peak,29.46496932361144
2025-09-07 16:37:55,16,N,Peak,0.0
2026-09-02 04:07:08,4,E,Non-Peak,20.48959947852641
2026-09-23 04:33:49,4,W,Non-Peak,21.60777099744832
2025-09-01 18:46:47,18,N,Non-Peak,0.0
2026-09-27 01:13:41,1,E,Non-Peak,24.94511545997325
2026-09-26 01:41:43,1,E,Non-Peak,22.999987261150952
2026-09-17 00:39:49,0,S,Non-Peak,21.97501019454453
2026-09-20 04:59:54,4,E,Non-Peak,21.69556607339091
2026-09-14 05:44:02,5,N,Non-Peak,20.083092756534008
2026-09-07 12:52:13,12,E,Non-Peak,21.59779969667526
2026-09-09 06:28:40,6,S,Non-Peak,28.624158432207565
2026-09-26 11:23:32,11,N,Non-Peak,21.609737411247167
2026-09-10 19:18:50,19,S,Non-Peak,22.075888882805152
2026-09-15 20:55:37,20,E,Non-Peak,23.70630328431856
2026-09-22 19:44:32,19,E,Non-Peak,26.228911224088115
2025-09-04 18:17:16,18,N,Non-Peak,0.0
2026-09-23 07:47:00,7,W,Non-Peak,28.8868105242756
2026-09-18 10:45:29,10,E,Non-Peak,26.295544804795888
2026-09-22 07:40:33,7,S,Non-Peak,28.275569487038023
2026-09-06 09:21:44,9,E,Non-Peak,21.922632005978485
2025-09-08 18:58:19,18,N,Non-Peak,0.0
2026-09-11 08:31:09,8,W,Non-Peak,20.326424867915403
2025-09-20 16:33:55,16,N,Peak,0.0
2026-09-04 22:32:35,22,S,Non-Peak,21.981947893242307
2026-09-26 12:06:58,12,E,Non-Peak,22.294806375042377
2026-09-05 05:04:56,5,S,Non-Peak,23.19055967037691
2025-09-04 17:06:39,17,N,Peak,0.0
2025-09-16 16:59:48,16,N,Peak,0.0
2026-09-18 19:38:50,19,W,Non-Peak,24.77727674874484
2026-09-08 08:46:22,8,N,Non-Peak,25.783832545496672
2026-09-25 00:03:43,0,W,Non-Peak,28.83756550063467
2026-09-26 05:33:24,5,N,Non-Peak,27.06849516047287
2025-09-11 17:35:26,17,N,Peak,0.0
2026-09-11 04:04:52,4,E,Non-Peak,22.1462919041886
2025-09-12 17:25:56,17,N,Peak,0.0
2025-09-20 17:42:15,17,N,Peak,0.0
2025-09-07 18:35:20,18,N,Non-Peak,0.0
2026-09-29 20:00:20,20,W,Non-Peak,27.34028476927589
2026-09-19 22:02:19,22,S,Non-Peak,22.68214450489076
2025-09-27 17:10:22,17,N,Peak,0.0
2025-09-15 16:25:56,16,N,Peak,0.0
2026-09-17 10:06:07,10,W,Non-Peak,27.17355651866041
2026-09-30 08:31:05,8,W,Non-Peak,24.10873116470608
2026-09-28 08:22:10,8,S,Non-Peak,25.104998676979587
2026-09-16 15:12:06,15,S,Non-Peak,27.697491044281985
2026-09-04 10:54:45,10,E,Non-Peak,24.002586319677423
2026-09-30 18:07:28,18,E,Non-Peak,21.344535716378708
2026-09-17 13:45:06,13,W,Non-Peak,20.206629881768468
2025-09-09 17:00:47,17,N,Peak,0.0
2025-09-24 16:31:59,16,N,Peak,0.0
2025-09-11 17:36:46,17,N,Peak,0.0
2025-09-26 16:24:56,16,N,Peak,0.0
2026-09-25 10:49:16,10,N,Non-Peak,25.558558585112458
2026-09-19 04:59:27,4,S,Non-Peak,25.398006736098928
2026-09-27 18:35:48,18,W,Non-Peak,25.04931688499205
2026-09-16 14:57:21,14,S,Non-Peak,21.707916676852584
2025-09-06 18:17:35,18,N,Non-Peak,0.0
2025-09-18 16:59:16,16,N,Peak,0.0
2025-09-04 17:12:54,17,N,Peak,0.0
2026-09-10 07:10:20,7,E,Non-Peak,25.914365347161983
2026-09-21 07:29:51,7,W,Non-Peak,26.71103103867541
2025-09-29 16:55:12,16,N,Peak,0.0
2026-09-30 08:03:26,8,E,Non-Peak,27.86663788596309
2025-09-09 18:27:08,18,N,Non-Peak,0.0
2025-09-19 17:43:41,17,N,Peak,0.0
2026-09-04 06:55:54,6,S,Non-Peak,23.56782128773876
2025-09-16 18:28:25,18,N,Non-Peak,0.0
2025-09-27 17:20:16,17,N,Peak,0.0
2025-09-29 18:30:34,18,N,Non-Peak,0.0
2025-09-28 16:16:27,16,N,Peak,0.0
2025-09-03 16:01:44,16,N,Peak,0.0
2026-09-26 18:37:52,18,S,Non-Peak,28.93861494860748
2025-09-06 18:18:12,18,N,Non-Peak,0.0
2025-09-19 17:24:29,17,N,Peak,0.0
2026-09-05 11:11:28,11,N,Non-Peak,29.61089743946552
2026-09-20 05:12:01,5,E,Non-Peak,23.7336810006725
2026-09-01 12:24:21,12,W,Non-Peak,28.699191029817307
2026-09-02 09:00:37,9,S,Non-Peak,20.01261339040993
2026-09-10 02:18:44,2,W,Non-Peak,28.234793742266
2026-09-07 18:27:46,18,E,Non-Peak,28.64565755977958
2026-09-27 12:57:32,12,W,Non-Peak,22.321604453759345
2026-09-26 09:08:07,9,E,Non-Peak,22.13099879721322
2026-09-24 16:09:39,16,W,Peak,10.009045331068531
2026-09-08 05:53:34,5,N,Non-Peak,25.4797247756117
2026-09-29 22:26:40,22,W,Non-Peak,28.362482208237324
2026-09-28 16:24:18,16,N,Peak,19.16941041658792
2025-09-26 18:21:27,18,N,Non-Peak,0.0
2026-09-09 22:47:20,22,N,Non-Peak,28.692260354685992
2026-09-10 10:34:58,10,S,Non-Peak,21.158799363362128
2026-09-20 13:57:12,13,E,Non-Peak,27.392162314634867
2026-09-05 16:52:30,16,W,Peak,17.349949904064996
2025-09-06 17:18:22,17,N,Peak,0.0
2026-09-03 07:00:12,7,W,Non-Peak,24.5679638448148
2026-09-27 20:42:07,20,E,Non-Peak,28.51732921990579
2026-09-10 15:32:43,15,N,Non-Peak,20.381678332798423
2025-09-27 18:23:24,18,N,Non-Peak,0.0
2025-09-18 16:37:43,16,N,Peak,0.0
2026-09-28 22:59:41,22,W,Non-Peak,22.061276124822346
2026-09-18 06:12:26,6,N,Non-Peak,27.5713992571588
2026-09-25 13:55:25,13,S,Non-Peak,28.02601388790132
2026-09-19 19:39:36,19,N,Non-Peak,27.368557647122763
2026-09-23 15:23:34,15,N,Non-Peak,22.918856995813343
2026-09-12 08:31:42,8,N,Non-Peak,27.630126591963524
2026-09-10 16:55:59,16,W,Peak,12.098202487673348
2026-09-11 02:45:32,2,S,Non-Peak,27.087822022894173
2025-09-28 17:09:03,17,N,Peak,0.0
2025-09-02 17:18:29,17,N,Peak,0.0
2026-09-07 20:36:01,20,N,Non-Peak,24.340824583500808
2026-09-30 16:16:01,16,E,Peak,10.467041673265252
2026-09-07 00:33:19,0,S,Non-Peak,24.433104129734996
2025-09-13 17:49:14,17,N,Peak,0.0
2026-09-13 22:32:00,22,S,Non-Peak,27.901390896084408
2026-09-11 09:10:07,9,N,Non-Peak,20.57295016187264
2026-09-15 04:31:31,4,E,Non-Peak,22.93516335574873
2026-09-10 04:05:47,4,W,Non-Peak,24.54898466517108
2026-09-11 19:33:11,19,E,Non-Peak,26.766320442223165
2026-09-25 21:33:15,21,N,Non-Peak,21.961037064513505
2026-09-16 11:40:19,11,W,Non-Peak,26.520051553661148
2025-09-15 16:27:31,16,N,Peak,0.0
2026-09-27 21:34:16,21,E,Non-Peak,20.210426563125413
2025-09-11 17:48:20,17,N,Peak,0.0
2026-09-07 00:22:44,0,E,Non-Peak,22.509498206672344
2025-09-23 16:16:12,16,N,Peak,0.0
2025-09-18 16:58:10,16,N,Peak,0.0
2025-09-19 16:03:12,16,N,Peak,0.0
2025-09-18 17:54:24,17,N,Peak,0.0
2026-09-24 18:53:49,18,W,Non-Peak,22.267450435774997
2026-09-09 13:08:45,13,N,Non-Peak,22.15104685670518
2026-09-08 02:11:51,2,W,Non-Peak,26.740289058143247
2026-09-12 05:31:02,5,S,Non-Peak,20.751422686663112
2025-09-02 17:32:13,17,N,Peak,0.0
2026-09-24 10:11:13,10,W,Non-Peak,24.782250596881703
2026-09-28 21:34:46,21,W,Non-Peak,24.372430833237296
2026-09-03 05:46:48,5,N,Non-Peak,28.3772451791653
2026-09-18 21:28:11,21,N,Non-Peak,28.290329898406814
2026-09-08 04:07:35,4,E,Non-Peak,29.781318752840235
2026-09-25 21:19:23,21,E,Non-Peak,22.923558693081567
2026-09-23 05:07:00,5,E,Non-Peak,23.16591169256191
2026-09-01 22:22:19,22,S,Non-Peak,24.15654169070313
2026-09-27 00:35:13,0,E,Non-Peak,20.174527996934152
2025-09-26 16:02:19,16,N,Peak,0.0
2025-09-01 16:00:24,16,N,Peak,0.0
2026-09-28 03:18:38,3,W,Non-Peak,25.992656090409856
2026-09-24 04:37:28,4,W,Non-Peak,26.602343891379487
2026-09-21 23:18:25,23,E,Non-Peak,23.40322103765864
2026-09-27 20:35:20,20,S,Non-Peak,27.771192767268484
2026-09-23 10:33:35,10,S,Non-Peak,21.356716633720637
2025-09-15 17:59:17,17,N,Peak,0.0
2025-09-13 17:41:27,17,N,Peak,0.0
2026-09-25 06:14:20,6,E,Non-Peak,20.997863568971585
2026-09-05 03:23:28,3,S,Non-Peak,23.85402989593583
2026-09-08 05:45:15,5,N,Non-Peak,26.877983588233374
2025-09-13 17:38:33,17,N,Peak,0.0
2026-09-04 01:34:00,1,W,Non-Peak,22.46112946447155
2026-09-23 03:18:46,3,S,Non-Peak,21.80231522814867
2026-09-13 17:24:50,17,E,Peak,18.963145301210872
2026-09-15 04:17:17,4,W,Non-Peak,29.50236155160789
2025-09-28 18:52:18,18,N,Non-Peak,0.0
2026-09-01 20:23:44,20,W,Non-Peak,25.3718731356153
2026-09-09 07:05:47,7,S,Non-Peak,20.833881925385967
2026-09-12 09:42:25,9,S,Non-Peak,25.86505332377104
2026-09-29 14:59:47,14,W,Non-Peak,26.235212691886
2026-09-17 20:33:04,20,W,Non-Peak,25.2731489796224
2026-09-11 14:56:00,14,N,Non-Peak,27.93940599182528
2026-09-26 08:36:09,8,W,Non-Peak,22.273075308494693
2026-09-15 15:37:57,15,W,Non-Peak,27.110912010637545
2026-09-04 06:50:34,6,W,Non-Peak,26.148702422988244
2026-09-28 20:36:27,20,E,Non-Peak,23.8834059801666
2026-09-13 12:03:49,12,S,Non-Peak,23.676920882909677
2026-09-18 10:18:25,10,W,Non-Peak,24.896253471940632
2025-09-12 18:43:55,18,N,Non-Peak,0.0
2025-09-02 17:22:44,17,N,Peak,0.0
2025-09-16 18:56:18,18,N,Non-Peak,0.0
2026-09-19 12:58:30,12,S,Non-Peak,23.625886304399994
2026-09-09 23:50:07,23,E,Non-Peak,29.65404643860564
2025-09-20 17:47:22,17,N,Peak,0.0
2026-09-27 13:43:17,13,S,Non-Peak,25.218397233406964
2026-09-27 23:00:42,23,S,Non-Peak,23.31175945971052
2025-09-13 17:24:56,17,N,Peak,0.0
2025-09-01 16:46:14,16,N,Peak,0.0
2026-09-30 08:51:37,8,E,Non-Peak,25.68377765606974
2025-09-04 18:05:40,18,N,Non-Peak,0.0
2025-09-09 16:45:03,16,N,Peak,0.0
2026-09-27 00:23:59,0,N,Non-Peak,28.571113723629907
2026-09-25 20:14:56,20,S,Non-Peak,25.776187651772094
2025-09-11 16:12:42,16,N,Peak,0.0
2026-09-11 08:54:40,8,N,Non-Peak,27.772885779645847
2026-09-20 02:07:00,2,E,Non-Peak,22.744432004036256
2025-09-12 16:29:39,16,N,Peak,0.0
2026-09-12 22:44:47,22,W,Non-Peak,21.995649887899983
2026-09-14 05:55:26,5,S,Non-Peak,29.91782770950217
2026-09-22 02:13:25,2,N,Non-Peak,27.69691668247736
2026-09-01 03:56:31,3,N,Non-Peak,29.82289081659608
2025-09-21 17:55:57,17,N,Peak,0.0
2025-09-04 18:13:41,18,N,Non-Peak,0.0
2026-09-19 07:00:39,7,N,Non-Peak,23.140590009034884
2025-09-19 17:32:04,17,N,Peak,0.0
2026-09-17 02:12:18,2,W,Non-Peak,21.07426525667705
2026-09-15 03:39:49,3,S,Non-Peak,29.08284273911761
2026-09-18 03:26:18,3,W,Non-Peak,23.17769031189953
2026-09-06 03:01:29,3,S,Non-Peak,21.02090172578925
2026-09-21 06:50:02,6,N,Non-Peak,21.223024658363816
2026-09-09 22:25:04,22,S,Non-Peak,25.051012685894317
2026-09-15 05:53:12,5,W,Non-Peak,25.9984005384333
2025-09-09 18:27:28,18,N,Non-Peak,0.0
2026-09-22 13:51:12,13,S,Non-Peak,20.126524793972067
2025-09-15 16:16:01,16,N,Peak,0.0
2026-09-16 14:25:24,14,S,Non-Peak,27.21480984967816
2026-09-12 02:54:12,2,N,Non-Peak,26.135608156648637
2025-09-15 18:04:44,18,N,Non-Peak,0.0
2025-09-10 17:06:04,17,N,Peak,0.0
2026-09-11 15:10:04,15,S,Non-Peak,23.777757432627343
2026-09-25 10:53:41,10,S,Non-Peak,24.53541385363617
2025-09-08 17:03:24,17,N,Peak,0.0
2026-09-05 11:28:39,11,S,Non-Peak,26.17705582904794
2026-09-08 18:36:49,18,S,Non-Peak,21.62533292986658
2026-09-08 16:00:00,16,E,Peak,14.362490784367669
2026-09-09 04:25:36,4,N,Non-Peak,21.783967084949147
2026-09-05 22:43:19,22,E,Non-Peak,26.23545218179161
2026-09-20 05:52:40,5,N,Non-Peak,23.02029886322564
2026-09-06 21:27:16,21,E,Non-Peak,28.27501127880968
2026-09-30 06:37:03,6,E,Non-Peak,29.259591028143557
2025-09-18 18:07:17,18,N,Non-Peak,0.0
2026-09-19 18:41:42,18,E,Non-Peak,24.205474769335385
2026-09-18 20:29:24,20,E,Non-Peak,29.964622299273564
2025-09-20 16:50:39,16,N,Peak,0.0
2026-09-26 16:45:16,16,W,Peak,13.99995215017828
2026-09-16 05:45:05,5,S,Non-Peak,20.296914322188
2025-09-27 17:00:38,17,N,Peak,0.0
2026-09-21 11:13:26,11,E,Non-Peak,26.370571284706664
2025-09-06 17:35:02,17,N,Peak,0.0
2025-09-18 18:40:52,18,N,Non-Peak,0.0
2025-09-23 16:15:57,16,N,Peak,0.0
2025-09-13 16:30:03,16,N,Peak,0.0
2026-09-15 23:31:50,23,E,Non-Peak,28.02175145502541
2026-09-19 06:41:47,6,E,Non-Peak,25.922379681814057
2025-09-12 17:57:12,17,N,Peak,0.0
2026-09-08 06:30:18,6,E,Non-Peak,28.13960039554296
2026-09-24 14:40:21,14,W,Non-Peak,25.74943373484131
2025-09-23 16:44:54,16,N,Peak,0.0
2025-09-26 17:06:40,17,N,Peak,0.0
2026-09-28 02:01:01,2,W,Non-Peak,28.47784327661597
2025-09-07 16:57:13,16,N,Peak,0.0
2026-09-27 21:55:51,21,W,Non-Peak,22.15094412046527
2026-09-28 04:38:19,4,E,Non-Peak,25.721360568201984
2025-09-16 16:49:29,16,N,Peak,0.0
2025-09-29 16:12:21,16,N,Peak,0.0
2025-09-03 18:05:02,18,N,Non-Peak,0.0
2026-09-30 10:58:00,10,W,Non-Peak,24.362070458885096
2025-09-22 16:45:16,16,N,Peak,0.0
2026-09-29 06:37:55,6,N,Non-Peak,27.81670170119596
2026-09-09 01:37:48,1,N,Non-Peak,23.86120210318174
2025-09-18 17:26:28,17,N,Peak,0.0
2026-09-13 22:17:41,22,E,Non-Peak,26.22397207072211
2025-09-06 17:44:15,17,N,Peak,0.0
2026-09-08 11:08:57,11,S,Non-Peak,20.91500678063079
2026-09-29 18:42:02,18,S,Non-Peak,25.11480585059881
2026-09-24 05:45:37,5,N,Non-Peak,29.11300127485324
2026-09-24 21:28:45,21,W,Non-Peak,22.1108438430816
2026-09-19 06:39:03,6,N,Non-Peak,26.889823804605516
2026-09-11 06:26:39,6,S,Non-Peak,26.31046774125633
2026-09-04 07:10:27,7,N,Non-Peak,20.212024181613167
2025-09-29 16:17:03,16,N,Peak,0.0
2026-09-19 13:56:56,13,W,Non-Peak,26.320212696169364
2026-09-07 10:02:54,10,E,Non-Peak,22.54773705493575
2025-09-24 17:06:00,17,N,Peak,0.0
2026-09-12 12:10:52,12,E,Non-Peak,27.8476913953412
2026-09-02 11:31:32,11,E,Non-Peak,25.14064836540418
2026-09-19 04:59:27,4,S,Non-Peak,25.398006736098928
2026-09-01 09:55:26,9,E,Non-Peak,26.293176693647897
2026-09-16 21:57:34,21,N,Non-Peak,27.938155509687725
2026-09-14 02:37:58,2,N,Non-Peak,24.80365527648955
2026-09-11 10:40:06,10,E,Non-Peak,27.415425286411036
2025-09-15 18:39:20,18,N,Non-Peak,0.0
2026-09-30 13:57:19,13,N,Non-Peak,21.262239145038517
2025-09-16 16:25:45,16,N,Peak,0.0
2026-09-18 06:18:33,6,N,Non-Peak,23.24450575942327
2025-09-23 18:19:08,18,N,Non-Peak,0.0
2026-09-20 18:11:49,18,N,Non-Peak,27.083989464256238
2026-09-27 04:26:06,4,W,Non-Peak,29.329004937587136
2025-09-24 18:26:36,18,N,Non-Peak,0.0
2025-09-13 18:39:34,18,N,Non-Peak,0.0
2026-09-30 14:21:10,14,W,Non-Peak,21.95561791965406
2025-09-10 16:31:11,16,N,Peak,0.0
2026-09-02 14:58:55,14,S,Non-Peak,25.036849937650786
2025-09-01 18:58:06,18,N,Non-Peak,0.0
2025-09-24 16:27:32,16,N,Peak,0.0
2026-09-15 21:00:58,21,S,Non-Peak,22.551543878846186
2025-09-20 18:12:25,18,N,Non-Peak,0.0
2026-09-26 08:22:02,8,S,Non-Peak,29.766032431532132
2026-09-01 10:48:44,10,N,Non-Peak,29.063768151463183
2025-09-30 17:02:49,17,N,Peak,0.0
2026-09-21 18:11:11,18,N,Non-Peak,20.182233031897187
2025-09-27 17:45:22,17,N,Peak,0.0
2026-09-22 09:18:05,9,N,Non-Peak,25.189832091010743
2026-09-24 11:50:01,11,N,Non-Peak,27.20276472184139
2026-09-12 02:13:02,2,S,Non-Peak,27.10378826942709
2026-09-04 22:41:02,22,S,Non-Peak,20.51160619856396
2025-09-09 17:27:10,17,N,Peak,0.0
2026-09-17 12:30:19,12,S,Non-Peak,21.01121751527772
2026-09-28 01:46:09,1,S,Non-Peak,24.83308606329818
2026-09-25 16:14:38,16,W,Peak,19.870877977587963
2026-09-25 21:13:59,21,E,Non-Peak,27.25083499557222
2026-09-03 14:52:48,14,N,Non-Peak,23.06827921343584
2026-09-21 14:08:40,14,N,Non-Peak,21.751516619914867
2025-09-07 16:30:51,16,N,Peak,0.0
2026-09-04 23:04:49,23,E,Non-Peak,20.578528583825847
2025-09-13 18:32:58,18,N,Non-Peak,0.0
2026-09-01 02:46:50,2,E,Non-Peak,21.23519884163316
2026-09-01 05:09:17,5,N,Non-Peak,21.70825049995843
2026-09-26 11:17:42,11,N,Non-Peak,20.063042040401957
2026-09-27 10:30:05,10,N,Non-Peak,21.131838575940144
2026-09-13 23:13:32,23,S,Non-Peak,28.31967682414364
2026-09-14 11:36:25,11,E,Non-Peak,22.086202920591223
2025-09-06 16:23:37,16,N,Peak,0.0
2026-09-08 11:53:30,11,E,Non-Peak,29.785014808637705
2025-09-24 17:08:14,17,N,Peak,0.0
2026-09-02 07:58:50,7,S,Non-Peak,24.6087424998735
2025-09-13 18:59:19,18,N,Non-Peak,0.0
2026-09-11 00:56:14,0,W,Non-Peak,28.82976089254402
2026-09-03 02:36:59,2,W,Non-Peak,27.422813173531488
2026-09-08 07:55:52,7,W,Non-Peak,27.56167055754336
2026-09-14 17:29:55,17,E,Peak,13.57519352250505
2025-09-11 18:24:02,18,N,Non-Peak,0.0
2026-09-25 20:43:21,20,S,Non-Peak,20.303715933889823
2025-09-29 18:24:40,18,N,Non-Peak,0.0
2025-09-04 17:00:15,17,N,Peak,0.0
2026-09-02 16:40:41,16,S,Peak,11.992367218737677
2025-09-05 16:29:21,16,N,Peak,0.0
2025-09-02 16:57:32,16,N,Peak,0.0
2025-09-30 16:49:34,16,N,Peak,0.0
2025-09-20 18:19:47,18,N,Non-Peak,0.0
2025-09-18 16:15:19,16,N,Peak,0.0
2025-09-13 17:58:59,17,N,Peak,0.0
2025-09-07 18:36:42,18,N,Non-Peak,0.0
2025-09-09 17:22:23,17,N,Peak,0.0
2026-09-29 06:29:41,6,W,Non-Peak,25.233613164455782
2025-09-29 18:08:49,18,N,Non-Peak,0.0
2026-09-12 14:07:09,14,E,Non-Peak,29.21098277602401
2026-09-27 17:58:13,17,N,Peak,15.838379827297633
2025-09-21 16:40:03,16,N,Peak,0.0
2025-09-21 18:06:41,18,N,Non-Peak,0.0
2026-09-17 23:13:59,23,N,Non-Peak,28.409313373825512
2026-09-13 18:46:22,18,E,Non-Peak,22.72616721965472
2026-09-03 15:21:53,15,E,Non-Peak,25.798082497554844
2026-09-17 01:11:28,1,W,Non-Peak,22.244161025346266
2025-09-03 16:20:37,16,N,Peak,0.0
2026-09-05 21:18:50,21,S,Non-Peak,20.915981210388846
2026-09-16 07:12:24,7,W,Non-Peak,25.31688018961484
2025-09-30 16:01:35,16,N,Peak,0.0
2026-09-25 08:00:54,8,N,Non-Peak,29.51342511036469
2026-09-09 00:54:13,0,W,Non-Peak,20.282042174224017
2026-09-23 07:06:45,7,W,Non-Peak,29.20009983077901
2026-09-16 20:42:57,20,N,Non-Peak,29.96536152339989
2025-09-20 16:54:48,16,N,Peak,0.0
2025-09-21 17:45:41,17,N,Peak,0.0
2026-09-28 10:30:44,10,S,Non-Peak,29.54758774939817
2026-09-30 19:53:02,19,N,Non-Peak,21.446877040628507
2026-09-16 08:21:17,8,N,Non-Peak,22.27534732422185
2026-09-10 12:17:31,12,W,Non-Peak,22.93065853683465
2026-09-09 14:43:46,14,E,Non-Peak,22.384292674730094
2026-09-20 19:02:56,19,E,Non-Peak,27.354192042401927
2026-09-24 22:58:50,22,S,Non-Peak,25.08034641965358
2026-09-15 13:36:30,13,E,Non-Peak,23.04927367332146
2026-09-11 16:00:12,16,W,Peak,12.425855802401898
2026-09-10 22:35:13,22,W,Non-Peak,27.400793241068857
2026-09-29 16:04:10,16,S,Peak,14.662498123208406
2026-09-18 19:38:09,19,S,Non-Peak,22.441430639666105
2025-09-08 18:16:48,18,N,Non-Peak,0.0
2026-09-07 21:22:52,21,N,Non-Peak,24.569716415446585
2026-09-07 03:27:29,3,W,Non-Peak,28.62141550103017
2026-09-11 04:29:19,4,W,Non-Peak,28.488286450180425
2025-09-08 16:26:52,16,N,Peak,0.0
2026-09-10 11:19:15,11,E,Non-Peak,27.20483124518032
2026-09-15 06:20:39,6,N,Non-Peak,21.178351848624665
2026-09-23 07:50:50,7,W,Non-Peak,24.472356771017267
2026-09-30 01:23:44,1,S,Non-Peak,29.855644251786728
2026-09-17 14:56:59,14,N,Non-Peak,27.77007697353508
2026-09-14 19:41:01,19,E,Non-Peak,21.518040892953323
2026-09-06 19:04:21,19,E,Non-Peak,27.599253804824823
2026-09-27 15:54:05,15,S,Non-Peak,24.08507514515588
2026-09-11 02:48:36,2,S,Non-Peak,22.668902913084835
2025-09-13 16:06:51,16,N,Peak,0.0
2026-09-08 14:00:59,14,E,Non-Peak,26.43922764169365
2025-09-24 16:38:51,16,N,Peak,0.0
2026-09-07 21:07:00,21,W,Non-Peak,29.536874953697925
2025-09-16 17:35:18,17,N,Peak,0.0
2026-09-24 10:11:55,10,N,Non-Peak,26.440708856979448
2026-09-11 03:06:34,3,N,Non-Peak,27.025837841779243
2026-09-05 04:16:41,4,N,Non-Peak,23.108379276338287
2026-09-27 00:21:03,0,E,Non-Peak,27.68350841745555
2026-09-21 14:29:17,14,S,Non-Peak,25.7821375904892
2025-09-07 17:40:01,17,N,Peak,0.0
2026-09-28 18:23:28,18,N,Non-Peak,28.10631531220866
2026-09-23 08:37:35,8,E,Non-Peak,25.57095325177012
2026-09-18 00:05:27,0,E,Non-Peak,21.761117899489165
2026-09-12 10:53:36,10,N,Non-Peak,27.7310229139384
2025-09-21 16:43:00,16,N,Peak,0.0
2026-09-22 08:43:44,8,N,Non-Peak,26.308231645165957
2026-09-11 01:11:02,1,E,Non-Peak,20.92627907215642
2026-09-05 04:36:58,4,S,Non-Peak,25.0014970176046
2026-09-08 05:51:33,5,N,Non-Peak,25.581434473407647
2025-09-12 18:59:43,18,N,Non-Peak,0.0
2026-09-18 00:34:13,0,S,Non-Peak,29.898321031352708
2026-09-23 23:11:37,23,S,Non-Peak,27.698718987275264
2026-09-27 14:16:56,14,S,Non-Peak,22.897176562335684
2026-09-09 01:31:19,1,W,Non-Peak,28.935573293766872
2026-09-13 23:17:06,23,E,Non-Peak,28.88288386357573
2026-09-07 23:53:14,23,N,Non-Peak,26.93446052750044
2025-09-01 18:40:36,18,N,Non-Peak,0.0
2026-09-23 11:08:28,11,N,Non-Peak,26.381249096239188
2026-09-04 00:20:26,0,W,Non-Peak,28.779809038984624
2026-09-14 09:36:41,9,S,Non-Peak,26.987946758974843
2026-09-15 00:41:09,0,E,Non-Peak,26.47273901202104
2025-09-23 17:00:14,17,N,Peak,0.0
2025-09-28 16:40:17,16,N,Peak,0.0
2026-09-13 05:34:54,5,W,Non-Peak,29.17118031132231
2026-09-13 22:14:33,22,E,Non-Peak,25.58000565851343
2026-09-15 20:02:54,20,E,Non-Peak,22.75773014957101
2025-09-16 17:25:40,17,N,Peak,0.0
2026-09-25 23:30:33,23,S,Non-Peak,21.36984359211253
2026-09-14 18:39:14,18,E,Non-Peak,21.561469169538377
2026-09-25 06:06:11,6,E,Non-Peak,20.23196845190305
2025-09-23 16:40:22,16,N,Peak,0.0
2026-09-29 19:59:44,19,E,Non-Peak,21.63700908472855
2026-09-22 12:37:26,12,E,Non-Peak,24.02232000529324
2026-09-20 18:28:31,18,W,Non-Peak,22.733412531348748
2026-09-12 10:53:36,10,N,Non-Peak,27.7310229139384
2025-09-06 18:33:48,18,N,Non-Peak,0.0
2025-09-16 18:47:33,18,N,Non-Peak,0.0
2025-09-22 16:37:49,16,N,Peak,0.0
2026-09-13 18:26:05,18,E,Non-Peak,29.13289084086602
2025-09-18 18:45:23,18,N,Non-Peak,0.0
2026-09-25 08:28:02,8,W,Non-Peak,29.04211138163998
2025-09-12 18:07:38,18,N,Non-Peak,0.0
2026-09-10 08:04:03,8,N,Non-Peak,23.86919340497231
2025-09-06 16:28:50,16,N,Peak,0.0
2026-09-03 05:26:48,5,S,Non-Peak,22.855312179182
2026-09-24 04:11:43,4,N,Non-Peak,25.69589238073695
2025-09-21 17:29:26,17,N,Peak,0.0
2026-09-21 21:26:00,21,W,Non-Peak,27.008704409636447
2025-09-30 17:49:51,17,N,Peak,0.0
2025-09-16 17:25:26,17,N,Peak,0.0
2026-09-13 19:31:34,19,E,Non-Peak,24.86882750765356
2026-09-25 18:05:29,18,E,Non-Peak,29.2280128050489
2026-09-17 12:50:42,12,E,Non-Peak,28.06539721878199
2026-09-08 04:35:34,4,W,Non-Peak,24.257431784672285
2026-09-20 17:40:53,17,W,Peak,11.087440508214447
2026-09-22 09:05:06,9,S,Non-Peak,23.329522985460716
2025-09-07 17:19:17,17,N,Peak,0.0
2025-09-16 17:34:54,17,N,Peak,0.0
2026-09-17 12:01:04,12,S,Non-Peak,25.09912061632525
2026-09-11 22:55:31,22,N,Non-Peak,21.281421794566462
2026-09-25 19:43:26,19,W,Non-Peak,23.852588185413826
2026-09-20 11:55:01,11,W,Non-Peak,26.21096718174621
2026-09-15 04:04:52,4,N,Non-Peak,28.741235959439457
2025-09-07 18:37:55,18,N,Non-Peak,0.0
2026-09-21 05:35:34,5,W,Non-Peak,23.893508384984003
2026-09-26 08:43:51,8,N,Non-Peak,26.472947868448216
2026-09-03 20:40:55,20,E,Non-Peak,24.819087018138497
2026-09-06 00:26:18,0,W,Non-Peak,22.81573221981939
2026-09-23 07:24:45,7,S,Non-Peak,23.99829546387456
2025-09-13 16:37:40,16,N,Peak,0.0
2025-09-20 18:59:40,18,N,Non-Peak,0.0
2026-09-22 19:25:24,19,N,Non-Peak,25.59658715039197
2025-09-02 17:40:21,17,N,Peak,0.0
2026-09-16 06:20:24,6,S,Non-Peak,20.018657697687324
2025-09-15 17:20:49,17,N,Peak,0.0
2025-09-28 16:07:28,16,N,Peak,0.0
2026-09-24 18:09:41,18,N,Non-Peak,20.58937228058721
2026-09-01 05:27:07,5,E,Non-Peak,27.779328235971786
2026-09-23 18:21:07,18,N,Non-Peak,21.54211631035289
2025-09-09 17:10:07,17,N,Peak,0.0
2026-09-02 23:41:18,23,N,Non-Peak,21.426341759204817
2025-09-19 17:14:00,17,N,Peak,0.0
2026-09-30 18:54:14,18,S,Non-Peak,28.145330818289946
2025-09-24 16:33:25,16,N,Peak,0.0
2026-09-26 23:02:02,23,W,Non-Peak,28.05996973126899
2025-09-16 17:10:58,17,N,Peak,0.0
2025-09-07 18:28:19,18,N,Non-Peak,0.0
2026-09-19 15:24:10,15,N,Non-Peak,29.81647340369107
2025-09-29 18:21:35,18,N,Non-Peak,0.0
2026-09-19 22:26:03,22,E,Non-Peak,21.619898692055383
2026-09-18 06:29:34,6,N,Non-Peak,24.74346291396675
2025-09-02 17:16:36,17,N,Peak,0.0
2026-09-19 16:54:01,16,S,Peak,14.024350557746144
2025-09-24 16:53:08,16,N,Peak,0.0
2026-09-01 02:28:42,2,S,Non-Peak,22.51357800421509
2026-09-03 15:21:44,15,N,Non-Peak,25.13004647855475
2026-09-04 16:41:20,16,N,Peak,17.729433173455227
2026-09-21 03:29:49,3,S,Non-Peak,24.21219327717312
2026-09-13 03:15:21,3,S,Non-Peak,23.725836021232627
2026-09-19 06:35:25,6,W,Non-Peak,25.843502438799845
2025-09-12 17:46:55,17,N,Peak,0.0
2025-09-03 16:25:11,16,N,Peak,0.0
2026-09-15 22:41:27,22,N,Non-Peak,28.20383757643559
2025-09-06 18:29:59,18,N,Non-Peak,0.0
2026-09-09 16:21:27,16,W,Peak,13.380632737442465
2026-09-20 12:22:19,12,E,Non-Peak,21.06886010970963
2026-09-20 18:14:42,18,S,Non-Peak,23.44564976963364
2025-09-15 18:02:41,18,N,Non-Peak,0.0
2026-09-11 09:39:53,9,S,Non-Peak,27.211615318653884
2025-09-07 18:13:36,18,N,Non-Peak,0.0
2025-09-16 17:16:34,17,N,Peak,0.0
2026-09-17 04:03:37,4,E,Non-Peak,26.096908142782095
2025-09-24 18:17:28,18,N,Non-Peak,0.0
2026-09-30 04:38:01,4,N,Non-Peak,27.24339901424421
2026-09-05 00:13:27,0,N,Non-Peak,29.623561684335577
2026-09-30 06:33:08,6,E,Non-Peak,29.55814562829452
2025-09-06 16:15:52,16,N,Peak,0.0
2026-09-14 17:18:52,17,E,Peak,19.194659320315687
2025-09-12 17:41:28,17,N,Peak,0.0
2026-09-19 00:29:50,0,E,Non-Peak,29.624585782479944
2025-09-02 16:18:03,16,N,Peak,0.0
2025-09-16 16:01:51,16,N,Peak,0.0
2026-09-25 16:55:56,16,S,Peak,17.251588989624157
2026-09-18 00:03:56,0,N,Non-Peak,25.95474022003464
2026-09-12 08:00:47,8,E,Non-Peak,21.93210532203846
2026-09-08 12:08:04,12,N,Non-Peak,25.27693322537854
2025-09-28 16:11:57,16,N,Peak,0.0
2025-09-03 17:23:09,17,N,Peak,0.0
2026-09-23 16:44:05,16,W,Peak,10.764499711159091
2025-09-05 18:19:51,18,N,Non-Peak,0.0
2026-09-16 23:12:46,23,E,Non-Peak,21.94152678955736
2026-09-17 02:12:10,2,W,Non-Peak,20.046671983322867
2025-09-24 17:42:20,17,N,Peak,0.0
2025-09-22 16:55:09,16,N,Peak,0.0
2026-09-29 02:38:08,2,S,Non-Peak,24.797803191304617
2026-09-21 15:47:59,15,E,Non-Peak,22.537519446953244
2025-09-18 17:48:30,17,N,Peak,0.0
2026-09-22 03:47:49,3,S,Non-Peak,25.219438436534677
2025-09-16 18:27:08,18,N,Non-Peak,0.0
2026-09-16 10:54:48,10,S,Non-Peak,27.777813736217983
2026-09-27 22:39:37,22,S,Non-Peak,27.782196170655297
2026-09-06 13:22:16,13,E,Non-Peak,26.037536932286017
2025-09-08 18:27:21,18,N,Non-Peak,0.0
2026-09-10 01:35:51,1,S,Non-Peak,27.927555571903312
2026-09-12 20:37:28,20,E,Non-Peak,28.4897931347082
2026-09-24 01:34:23,1,E,Non-Peak,22.96095636617576
2026-09-16 01:11:37,1,E,Non-Peak,25.69516643221135
2026-09-22 07:56:17,7,N,Non-Peak,20.55182828004224
2026-09-15 22:08:05,22,E,Non-Peak,26.39429986157668
2025-09-10 17:40:01,17,N,Peak,0.0
2026-09-17 14:12:42,14,E,Non-Peak,20.82347192434196
2026-09-06 03:38:24,3,W,Non-Peak,22.820917057033885
2025-09-04 17:53:35,17,N,Peak,0.0
2025-09-21 18:18:54,18,N,Non-Peak,0.0
2026-09-04 10:24:34,10,N,Non-Peak,22.66945796085689
2026-09-24 11:03:13,11,W,Non-Peak,26.187496662750647
2025-09-11 16:51:03,16,N,Peak,0.0
2026-09-10 22:10:33,22,N,Non-Peak,20.5186951990534
2026-09-03 13:34:47,13,N,Non-Peak,29.376775392230613
2026-09-18 03:36:09,3,E,Non-Peak,20.826035078589964
2026-09-18 02:47:39,2,W,Non-Peak,23.744332601570267
2025-09-13 18:40:50,18,N,Non-Peak,0.0
2025-09-16 18:42:10,18,N,Non-Peak,0.0
2026-09-19 00:20:44,0,N,Non-Peak,28.11792295797543
2026-09-22 13:12:15,13,E,Non-Peak,25.507062806417466
2026-09-02 18:42:33,18,S,Non-Peak,21.14103696509522
2026-09-02 21:35:42,21,W,Non-Peak,21.97427807355353
2026-09-21 13:22:33,13,N,Non-Peak,27.70037344371411
2025-09-20 17:57:57,17,N,Peak,0.0
2025-09-07 17:03:31,17,N,Peak,0.0
2025-09-27 16:12:45,16,N,Peak,0.0
2025-09-13 18:56:36,18,N,Non-Peak,0.0
2025-09-04 16:59:32,16,N,Peak,0.0
2026-09-26 02:30:39,2,W,Non-Peak,24.02304801066612
2025-09-12 17:39:36,17,N,Peak,0.0
2025-09-06 18:00:08,18,N,Non-Peak,0.0
2025-09-09 18:35:32,18,N,Non-Peak,0.0
2026-09-29 01:26:57,1,W,Non-Peak,23.54901886910657
2026-09-08 03:36:13,3,E,Non-Peak,21.177738785854505
2026-09-24 04:01:42,4,S,Non-Peak,27.340622467402497
2026-09-07 05:40:34,5,N,Non-Peak,29.69569191630704
2026-09-17 06:05:21,6,W,Non-Peak,27.09850830348427
2026-09-11 06:57:19,6,S,Non-Peak,22.28156846598967
2025-09-19 18:28:16,18,N,Non-Peak,0.0
2026-09-14 00:21:51,0,E,Non-Peak,29.716787772361663
2026-09-13 11:55:31,11,E,Non-Peak,20.00294231005416
2025-09-08 16:09:50,16,N,Peak,0.0
2026-09-19 02:21:44,2,N,Non-Peak,21.450966689617267
2026-09-04 05:25:02,5,N,Non-Peak,21.528324706992773
2026-09-21 15:15:47,15,N,Non-Peak,21.370058621887203
2026-09-24 11:32:45,11,W,Non-Peak,24.653006778685363
2025-09-05 16:14:08,16,N,Peak,0.0
2026-09-06 16:13:09,16,S,Peak,18.76753282688167
2026-09-18 21:47:57,21,W,Non-Peak,22.926707323512176
2025-09-15 16:06:31,16,N,Peak,0.0
2026-09-27 13:34:03,13,W,Non-Peak,25.61368472068464
2026-09-22 02:55:01,2,W,Non-Peak,26.381247421918715
2025-09-13 18:59:19,18,N,Non-Peak,0.0
2026-09-08 17:03:08,17,S,Peak,14.453479235864018
2026-09-03 21:02:45,21,N,Non-Peak,26.575788873351694
2025-09-28 18:10:36,18,N,Non-Peak,0.0
2025-09-06 18:39:38,18,N,Non-Peak,0.0
2026-09-11 19:23:20,19,N,Non-Peak,22.86147030725531
2025-09-04 18:06:25,18,N,Non-Peak,0.0
2026-09-15 03:03:16,3,N,Non-Peak,21.485534065348677
2025-09-07 18:02:48,18,N,Non-Peak,0.0
2026-09-01 01:34:52,1,N,Non-Peak,25.847695411165184
2026-09-18 16:25:58,16,N,Peak,13.047517884786132
2025-09-20 17:28:02,17,N,Peak,0.0
2025-09-07 18:53:17,18,N,Non-Peak,0.0
2026-09-09 06:49:14,6,N,Non-Peak,23.895071749566583
2026-09-29 10:56:47,10,W,Non-Peak,24.180390917709488
2026-09-28 01:32:21,1,E,Non-Peak,29.53159826846721
2025-09-12 17:28:52,17,N,Peak,0.0
2026-09-15 04:31:31,4,E,Non-Peak,22.93516335574873
2025-09-05 17:53:59,17,N,Peak,0.0
2025-09-12 18:14:15,18,N,Non-Peak,0.0
2026-09-14 12:53:05,12,N,Non-Peak,21.17669755688788
2025-09-16 16:50:21,16,N,Peak,0.0
2026-09-16 02:35:06,2,S,Non-Peak,21.35832588584804
2026-09-16 01:32:29,1,W,Non-Peak,26.14401036641897
2025-09-30 16:05:56,16,N,Peak,0.0
2026-09-08 03:17:10,3,E,Non-Peak,25.753083034555832
2026-09-16 01:42:25,1,E,Non-Peak,21.311443804727688
2026-09-06 07:39:58,7,N,Non-Peak,25.75078463180396
2026-09-20 20:45:24,20,W,Non-Peak,24.424351585844683
2025-09-21 16:22:05,16,N,Peak,0.0
2026-09-07 11:32:03,11,N,Non-Peak,29.773537116650605
2025-09-12 16:06:53,16,N,Peak,0.0
2025-09-18 17:59:17,17,N,Peak,0.0
2026-09-29 01:25:45,1,S,Non-Peak,21.870818601807265
2026-09-06 22:37:05,22,E,Non-Peak,24.828901526702342
2025-09-08 18:51:31,18,N,Non-Peak,0.0
2025-09-20 18:56:27,18,N,Non-Peak,0.0
2026-09-07 14:32:34,14,E,Non-Peak,23.551715204164108
2026-09-05 08:20:28,8,S,Non-Peak,26.42228451436688
2026-09-20 09:03:46,9,E,Non-Peak,24.98713153285035
2025-09-16 16:55:41,16,N,Peak,0.0
2025-09-13 16:04:10,16,N,Peak,0.0
2025-09-26 17:44:23,17,N,Peak,0.0
2026-09-29 19:06:20,19,S,Non-Peak,24.339370607156653
2026-09-09 05:40:52,5,E,Non-Peak,25.448808589263045
2026-09-11 13:51:09,13,S,Non-Peak,21.47831430355349
2026-09-15 11:34:49,11,N,Non-Peak,27.579401023863877
2026-09-29 19:23:36,19,S,Non-Peak,23.88620024273634
2026-09-03 00:55:14,0,N,Non-Peak,21.242356091056955
2026-09-12 00:11:51,0,W,Non-Peak,27.97479883134037
2025-09-22 17:30:05,17,N,Peak,0.0
2026-09-21 17:57:10,17,W,Peak,13.108577657650857
2026-09-24 19:46:35,19,N,Non-Peak,29.80391450077345
2025-09-04 17:56:25,17,N,Peak,0.0
2025-09-21 16:12:04,16,N,Peak,0.0
2026-09-29 10:08:18,10,N,Non-Peak,21.46699963624801
2026-09-25 02:42:17,2,W,Non-Peak,24.77470887600669
2025-09-02 18:37:45,18,N,Non-Peak,0.0
2026-09-23 08:39:58,8,W,Non-Peak,29.132465787222717
2025-09-18 18:52:02,18,N,Non-Peak,0.0
2025-09-18 18:56:41,18,N,Non-Peak,0.0
2026-09-07 07:23:54,7,W,Non-Peak,24.606925151911536
2025-09-02 17:57:14,17,N,Peak,0.0
2026-09-17 11:21:41,11,N,Non-Peak,20.107262304778185
2025-09-29 18:32:34,18,N,Non-Peak,0.0
2026-09-28 01:10:22,1,N,Non-Peak,28.882448495888376
2025-09-16 18:28:46,18,N,Non-Peak,0.0
2026-09-11 02:52:23,2,N,Non-Peak,25.069559774226757
2025-09-13 18:36:36,18,N,Non-Peak,0.0
2025-09-23 17:01:54,17,N,Peak,0.0
2025-09-19 17:47:25,17,N,Peak,0.0
2026-09-24 09:49:49,9,W,Non-Peak,23.16628096501493
2026-09-26 16:27:58,16,N,Peak,14.921535286832736
2026-09-23 17:47:58,17,N,Peak,14.274427875113016
2026-09-16 21:42:41,21,S,Non-Peak,23.25542825767434
2026-09-08 12:27:08,12,S,Non-Peak,28.46078772858963
2026-09-07 21:24:22,21,E,Non-Peak,24.728089832694025
2026-09-24 06:55:18,6,W,Non-Peak,26.495683623990335
2026-09-29 12:54:26,12,S,Non-Peak,26.17936433535124
2025-09-30 16:16:43,16,N,Peak,0.0
2026-09-18 14:44:29,14,E,Non-Peak,21.18833455547904
2025-09-21 16:50:22,16,N,Peak,0.0
2026-09-10 16:25:28,16,E,Peak,11.776383050127482
2026-09-16 07:55:44,7,E,Non-Peak,24.42053046994057
2026-09-12 15:35:45,15,N,Non-Peak,28.18316118725241
2025-09-08 17:48:56,17,N,Peak,0.0
2026-09-13 08:49:03,8,N,Non-Peak,23.27937864097908
2026-09-14 05:16:25,5,S,Non-Peak,25.029791710896788
2025-09-05 16:23:14,16,N,Peak,0.0
2026-09-27 20:42:07,20,E,Non-Peak,28.51732921990579
2026-09-02 10:53:05,10,W,Non-Peak,27.798329364350906
2025-09-23 17:34:16,17,N,Peak,0.0
2026-09-21 08:16:17,8,W,Non-Peak,23.58030348314893
2025-09-12 17:05:00,17,N,Peak,0.0
2026-09-20 12:10:57,12,E,Non-Peak,26.150076382547898
2025-09-15 17:58:48,17,N,Peak,0.0
2026-09-27 16:33:20,16,N,Peak,12.9687644506823
2026-09-10 15:24:02,15,N,Non-Peak,26.73198630746212
2025-09-12 17:00:35,17,N,Peak,0.0
2025-09-12 17:42:09,17,N,Peak,0.0
2026-09-10 06:12:32,6,S,Non-Peak,29.60764541923281
2025-09-07 16:37:22,16,N,Peak,0.0
2026-09-06 00:19:38,0,N,Non-Peak,21.172953198153373
2026-09-17 18:05:07,18,E,Non-Peak,28.152639634692644
2026-09-24 22:38:33,22,W,Non-Peak,28.385399391465143
2025-09-07 18:10:49,18,N,Non-Peak,0.0
2025-09-08 17:18:02,17,N,Peak,0.0
2025-09-02 18:07:57,18,N,Non-Peak,0.0
2026-09-05 09:55:35,9,N,Non-Peak,24.913182209735908
2026-09-19 23:04:28,23,S,Non-Peak,25.05550281331493
2025-09-09 16:08:11,16,N,Peak,0.0
2026-09-06 21:44:32,21,N,Non-Peak,27.7286286565594
2026-09-16 19:37:54,19,W,Non-Peak,28.634214082133823
2026-09-13 07:42:39,7,N,Non-Peak,21.112773462374555
2026-09-06 17:53:08,17,S,Peak,14.878157873359806
2026-09-10 10:06:05,10,W,Non-Peak,26.165082654435384
2026-09-11 16:50:55,16,N,Peak,15.77505121004956
2026-09-11 13:05:24,13,S,Non-Peak,23.55510170135482
2025-09-29 17:21:02,17,N,Peak,0.0
2026-09-02 20:29:02,20,E,Non-Peak,20.655917812290436
2026-09-27 14:24:30,14,E,Non-Peak,23.757749356042662
2025-09-03 18:32:25,18,N,Non-Peak,0.0
2026-09-11 16:43:13,16,E,Peak,11.492457505761031
2026-09-05 01:09:12,1,S,Non-Peak,26.24707136165733
2026-09-02 21:17:35,21,S,Non-Peak,20.511903369633497
2026-09-21 10:29:02,10,S,Non-Peak,28.428252225403707
2025-09-10 16:41:20,16,N,Peak,0.0
2026-09-07 15:11:10,15,N,Non-Peak,22.300907370225666
2026-09-19 01:45:06,1,W,Non-Peak,29.682594968858155
2025-09-04 16:45:55,16,N,Peak,0.0
2026-09-18 20:36:09,20,N,Non-Peak,24.523067297354626
2026-09-07 19:45:35,19,W,Non-Peak,25.441294023367448
2026-09-04 21:20:08,21,W,Non-Peak,20.79419759332188
2026-09-03 21:28:51,21,N,Non-Peak,25.005731923105667
2025-09-24 18:20:11,18,N,Non-Peak,0.0
2026-09-18 19:26:30,19,N,Non-Peak,26.59596546742443
2026-09-07 03:23:47,3,N,Non-Peak,28.80017164899681
2026-09-22 18:10:25,18,N,Non-Peak,22.556226263499955
2026-09-15 00:53:39,0,W,Non-Peak,27.49382170340801
2026-09-19 18:15:18,18,S,Non-Peak,20.38998903073415
2025-09-08 17:48:45,17,N,Peak,0.0
2026-09-19 04:19:35,4,E,Non-Peak,27.86352890938719
2025-09-27 16:11:00,16,N,Peak,0.0
2026-09-16 06:58:16,6,N,Non-Peak,25.80107318356599
2025-09-20 16:03:51,16,N,Peak,0.0
2026-09-17 18:09:13,18,S,Non-Peak,23.56439231007533
2026-09-22 02:51:10,2,N,Non-Peak,25.02070253826368
2026-09-07 21:11:27,21,N,Non-Peak,20.08613348597872
2026-09-24 05:50:50,5,W,Non-Peak,22.970782965777005
2026-09-14 23:56:18,23,W,Non-Peak,23.812919908122
2026-09-08 12:55:13,12,W,Non-Peak,27.450871758312932
2025-09-23 17:34:12,17,N,Peak,0.0
2026-09-18 05:41:30,5,N,Non-Peak,28.010994920394083
2025-09-10 18:45:09,18,N,Non-Peak,0.0
2025-09-03 18:44:02,18,N,Non-Peak,0.0
2026-09-19 08:02:28,8,S,Non-Peak,22.21865546212124
2025-09-30 17:17:01,17,N,Peak,0.0
2025-09-29 16:00:17,16,N,Peak,0.0
2026-09-23 23:38:39,23,S,Non-Peak,29.81314786806547
2026-09-06 04:37:54,4,N,Non-Peak,24.76933777397588
2026-09-27 16:24:17,16,N,Peak,17.480110759237935
2026-09-28 17:41:00,17,W,Peak,14.216916075474591
2026-09-07 15:07:04,15,E,Non-Peak,29.26888051769498
2026-09-06 14:47:16,14,S,Non-Peak,25.89036554347961
2026-09-23 02:58:45,2,S,Non-Peak,29.88383971182116
2026-09-14 16:28:10,16,N,Peak,13.332462147100117
2026-09-20 08:06:46,8,S,Non-Peak,24.98655550483664
2026-09-20 23:54:45,23,S,Non-Peak,29.74193465749566
2026-09-02 19:58:12,19,S,Non-Peak,20.580986114960936
2025-09-26 17:06:42,17,N,Peak,0.0
2026-09-14 02:01:28,2,W,Non-Peak,28.66064222718446
2026-09-16 15:08:16,15,W,Non-Peak,21.696394470966457
2025-09-27 17:55:43,17,N,Peak,0.0
2025-09-09 17:00:53,17,N,Peak,0.0
2026-09-30 13:28:03,13,W,Non-Peak,23.585862914937103
2026-09-17 18:26:32,18,N,Non-Peak,27.95934014931283
2025-09-18 16:58:57,16,N,Peak,0.0
2026-09-11 21:00:10,21,S,Non-Peak,25.27319754975162
2026-09-18 18:12:34,18,N,Non-Peak,21.23170644798965
2026-09-11 22:26:54,22,W,Non-Peak,22.375277874816465
2026-09-11 06:12:13,6,N,Non-Peak,28.73100064485944
2025-09-07 18:17:58,18,N,Non-Peak,0.0
2026-09-23 07:35:15,7,E,Non-Peak,22.0563703712312
2026-09-24 04:49:03,4,E,Non-Peak,28.485766464998864
2026-09-15 23:20:18,23,E,Non-Peak,22.872794977299986
2026-09-30 09:56:31,9,S,Non-Peak,25.0166774521838
2026-09-03 16:07:36,16,N,Peak,13.266237008327272
2026-09-14 09:04:14,9,W,Non-Peak,28.601154937030472
2026-09-27 16:01:47,16,N,Peak,19.93794484637658
2026-09-04 00:53:03,0,S,Non-Peak,21.383333270604652
2025-09-16 16:34:05,16,N,Peak,0.0
2026-09-06 05:36:37,5,S,Non-Peak,29.964911088011867
2025-09-24 18:16:07,18,N,Non-Peak,0.0
2026-09-06 19:24:33,19,W,Non-Peak,23.166737764056897
2026-09-17 22:45:58,22,E,Non-Peak,24.68217806614088
2026-09-19 11:44:53,11,S,Non-Peak,21.340164755148937
2026-09-06 21:25:46,21,W,Non-Peak,21.82450571959149
2026-09-13 12:22:58,12,W,Non-Peak,23.53846980975685
2026-09-24 23:53:58,23,W,Non-Peak,29.09135516464991
2025-09-12 16:20:11,16,N,Peak,0.0
2025-09-01 17:18:07,17,N,Peak,0.0
2026-09-18 13:49:51,13,E,Non-Peak,23.95800938058169
2025-09-09 17:17:40,17,N,Peak,0.0
2025-09-21 18:02:20,18,N,Non-Peak,0.0
2026-09-25 11:51:50,11,S,Non-Peak,29.46112675665198
2026-09-22 02:18:30,2,N,Non-Peak,27.233540799453056
2025-09-12 17:35:27,17,N,Peak,0.0
2026-09-26 04:21:59,4,W,Non-Peak,20.545644239453555
2026-09-17 23:28:27,23,S,Non-Peak,29.55607391725464
2026-09-17 22:12:30,22,E,Non-Peak,25.99131329489009
2025-09-06 17:24:29,17,N,Peak,0.0
2026-09-11 03:57:29,3,E,Non-Peak,27.63219066287401
2026-09-08 06:28:06,6,E,Non-Peak,29.274758870156468
2026-09-04 19:13:22,19,N,Non-Peak,25.17088001600594
2025-09-24 16:29:29,16,N,Peak,0.0
2026-09-05 12:57:18,12,E,Non-Peak,29.16210590795492
2026-09-03 21:56:09,21,S,Non-Peak,24.477541956876788
2025-09-24 16:11:10,16,N,Peak,0.0
2026-09-23 13:59:24,13,N,Non-Peak,23.308169043599666
2026-09-24 06:48:17,6,E,Non-Peak,23.67586494129508
2026-09-30 01:24:59,1,N,Non-Peak,26.3709931952291
2026-09-14 20:27:57,20,E,Non-Peak,21.612311507494034
2026-09-10 01:47:54,1,N,Non-Peak,28.540475623616
2026-09-13 22:13:38,22,N,Non-Peak,27.72522525313559
2025-09-15 17:41:23,17,N,Peak,0.0
2026-09-11 15:22:33,15,E,Non-Peak,22.525034364044064
2025-09-28 18:51:43,18,N,Non-Peak,0.0
2025-09-28 16:46:59,16,N,Peak,0.0
2026-09-13 02:03:46,2,W,Non-Peak,24.17525112428533
2026-09-02 05:37:45,5,W,Non-Peak,23.188545118266617
2025-09-16 16:40:56,16,N,Peak,0.0
2025-09-04 18:27:07,18,N,Non-Peak,0.0
2025-09-03 17:49:56,17,N,Peak,0.0
2026-09-18 01:21:45,1,E,Non-Peak,28.219659621677163
2026-09-10 23:07:07,23,E,Non-Peak,26.41392967352788
2026-09-26 04:56:04,4,E,Non-Peak,26.267431105186
2026-09-25 12:04:42,12,E,Non-Peak,27.23422643334004
2026-09-02 19:04:47,19,N,Non-Peak,23.797382379713596
2026-09-16 10:55:16,10,W,Non-Peak,29.338653004713635
2025-09-15 18:19:32,18,N,Non-Peak,0.0
2026-09-27 03:52:54,3,W,Non-Peak,28.01946949561237
2025-09-11 16:09:42,16,N,Peak,0.0
2025-09-21 16:30:48,16,N,Peak,0.0
2026-09-03 16:29:50,16,W,Peak,10.561056861747405
2026-09-16 12:37:43,12,N,Non-Peak,21.739050540789343
2025-09-18 18:14:41,18,N,Non-Peak,0.0
2025-09-19 17:22:55,17,N,Peak,0.0
2025-09-21 17:12:04,17,N,Peak,0.0
2025-09-29 17:40:08,17,N,Peak,0.0
2026-09-03 08:40:00,8,S,Non-Peak,23.58031196502209
2026-09-03 21:19:01,21,E,Non-Peak,29.75218575588985
2025-09-08 17:37:07,17,N,Peak,0.0
2025-09-13 17:02:17,17,N,Peak,0.0
2026-09-27 19:20:40,19,N,Non-Peak,27.24137879737048
2026-09-18 13:13:55,13,E,Non-Peak,23.53619247106341
2025-09-05 16:03:40,16,N,Peak,0.0
2026-09-19 01:16:44,1,W,Non-Peak,29.73148427421736
2026-09-04 03:37:51,3,W,Non-Peak,26.234698821358183
2025-09-10 17:27:22,17,N,Peak,0.0
2026-09-15 00:04:45,0,W,Non-Peak,24.34647137868387
2026-09-15 03:46:23,3,S,Non-Peak,28.584930792827283
2026-09-29 08:39:49,8,E,Non-Peak,29.20610400291433
2026-09-30 02:01:50,2,E,Non-Peak,26.58919776464511
2025-09-03 17:31:45,17,N,Peak,0.0
2026-09-29 22:46:50,22,N,Non-Peak,24.831570518237243
2026-09-23 15:51:53,15,S,Non-Peak,29.75230773595854
2026-09-21 15:56:21,15,S,Non-Peak,24.543506712654107
2026-09-20 15:22:34,15,E,Non-Peak,28.979768267608016
2026-09-20 02:27:49,2,E,Non-Peak,22.93118041362893
2026-09-17 22:26:34,22,N,Non-Peak,29.64226911795088
2025-09-28 16:09:00,16,N,Peak,0.0
2026-09-15 15:31:55,15,W,Non-Peak,28.476677148866365
2026-09-24 06:38:50,6,N,Non-Peak,21.165797408862883
2026-09-30 06:26:58,6,S,Non-Peak,27.01135136769176
2025-09-26 17:46:58,17,N,Peak,0.0
2026-09-28 18:30:53,18,N,Non-Peak,20.989954795641747
2026-09-06 05:52:32,5,N,Non-Peak,22.210597161792844
2026-09-28 23:53:34,23,W,Non-Peak,25.896032533343305
2026-09-11 06:31:37,6,S,Non-Peak,25.38812332417709
2026-09-27 11:43:54,11,N,Non-Peak,27.451976546374063
2025-09-05 16:27:58,16,N,Peak,0.0
2026-09-29 16:52:59,16,N,Peak,14.990762233188324
2026-09-29 19:27:38,19,S,Non-Peak,26.137393100168776
2026-09-20 15:51:33,15,W,Non-Peak,29.463200071750883
2026-09-02 12:27:59,12,E,Non-Peak,27.631353202937525
2025-09-24 18:53:18,18,N,Non-Peak,0.0
2025-09-16 18:36:36,18,N,Non-Peak,0.0
2026-09-17 09:13:00,9,N,Non-Peak,28.22984858695391
2026-09-09 10:45:29,10,W,Non-Peak,21.296728947348303
2026-09-12 10:35:43,10,S,Non-Peak,26.46250132355416
2025-09-30 17:23:04,17,N,Peak,0.0
2026-09-04 22:11:04,22,N,Non-Peak,24.783402440723705
2026-09-26 23:31:48,23,S,Non-Peak,26.09372239024948
2025-09-24 17:42:22,17,N,Peak,0.0
2026-09-23 14:18:57,14,E,Non-Peak,28.82282022105949
2026-09-05 08:21:00,8,E,Non-Peak,23.24590800443489
2026-09-06 20:25:09,20,S,Non-Peak,26.4075304647228
2025-09-27 17:33:01,17,N,Peak,0.0
2026-09-22 15:12:21,15,N,Non-Peak,24.281142232520484
2025-09-07 18:43:56,18,N,Non-Peak,0.0
2025-09-12 16:02:35,16,N,Peak,0.0
2026-09-12 03:14:09,3,N,Non-Peak,24.675753790411456
2026-09-04 08:12:55,8,W,Non-Peak,29.869985161842656
2025-09-06 18:33:38,18,N,Non-Peak,0.0
2026-09-07 02:37:55,2,S,Non-Peak,28.13938126164866
2026-09-13 01:53:51,1,N,Non-Peak,24.80697954509945
2025-09-16 18:51:48,18,N,Non-Peak,0.0
2026-09-02 01:00:30,1,E,Non-Peak,24.16509437198978
2025-09-10 18:41:27,18,N,Non-Peak,0.0
2026-09-06 22:17:30,22,S,Non-Peak,29.15105676049698
2025-09-22 18:33:06,18,N,Non-Peak,0.0
2025-09-02 16:42:14,16,N,Peak,0.0
2025-09-29 18:26:14,18,N,Non-Peak,0.0
2026-09-12 14:16:33,14,E,Non-Peak,27.98028874772897
2025-09-11 17:34:10,17,N,Peak,0.0
2026-09-29 20:54:01,20,W,Non-Peak,26.687435468633133
2026-09-13 16:33:25,16,E,Peak,18.236903306285257
2026-09-22 02:40:16,2,W,Non-Peak,24.378693018394006
2025-09-09 18:11:14,18,N,Non-Peak,0.0
2026-09-24 22:01:12,22,W,Non-Peak,27.61453325029593
2026-09-23 22:13:55,22,S,Non-Peak,23.25952519809025
2025-09-22 18:34:32,18,N,Non-Peak,0.0
2026-09-16 06:42:51,6,S,Non-Peak,29.789391476963715
2025-09-24 17:45:01,17,N,Peak,0.0
2026-09-21 02:16:05,2,S,Non-Peak,26.7332184160909
2025-09-06 16:54:02,16,N,Peak,0.0
2026-09-17 04:54:30,4,N,Non-Peak,28.790699719468147
2026-09-19 01:43:14,1,N,Non-Peak,25.77883357058436
2026-09-06 03:41:13,3,N,Non-Peak,26.158843258077116
2026-09-20 03:31:14,3,N,Non-Peak,27.273438618078444
2026-09-29 21:30:56,21,S,Non-Peak,28.03861393684498
2025-09-16 16:47:14,16,N,Peak,0.0
2025-09-15 17:38:37,17,N,Peak,0.0
2026-09-09 08:50:06,8,S,Non-Peak,29.995473241138235
2026-09-14 04:42:51,4,N,Non-Peak,23.961533796716928
2025-09-24 17:51:15,17,N,Peak,0.0
2026-09-05 02:44:59,2,E,Non-Peak,23.62040064076696
2025-09-24 16:35:45,16,N,Peak,0.0
2025-09-01 17:18:10,17,N,Peak,0.0
2025-09-06 18:23:26,18,N,Non-Peak,0.0
2025-09-13 16:22:25,16,N,Peak,0.0
2026-09-14 18:59:23,18,E,Non-Peak,22.42220994213281
2026-09-25 22:14:27,22,E,Non-Peak,20.029952622558135
2025-09-15 17:40:55,17,N,Peak,0.0
2025-09-12 17:56:05,17,N,Peak,0.0
2026-09-17 03:51:06,3,S,Non-Peak,21.569108798998016
2025-09-03 16:42:08,16,N,Peak,0.0
2026-09-03 19:22:03,19,E,Non-Peak,23.095466572891667
2025-09-01 17:37:52,17,N,Peak,0.0
2026-09-09 20:40:06,20,E,Non-Peak,22.171223878760465
2026-09-20 05:14:24,5,N,Non-Peak,21.968463466026467
2025-09-07 17:17:01,17,N,Peak,0.0
2026-09-11 10:40:44,10,N,Non-Peak,22.617616023962647
2026-09-01 12:15:23,12,S,Non-Peak,27.54075571856692
2026-09-04 23:30:12,23,W,Non-Peak,23.805378211870604
2025-09-11 16:15:12,16,N,Peak,0.0
2026-09-19 09:39:32,9,E,Non-Peak,27.07333576827465
2025-09-02 18:26:09,18,N,Non-Peak,0.0
2026-09-06 12:45:35,12,N,Non-Peak,25.93130812978167
2026-09-25 19:34:53,19,W,Non-Peak,21.490363970051565
2026-09-04 15:43:33,15,W,Non-Peak,20.969687437306
2026-09-06 17:09:59,17,S,Peak,18.027887147740472
2025-09-28 18:36:39,18,N,Non-Peak,0.0
2026-09-22 19:18:02,19,S,Non-Peak,26.808106215366404
2026-09-14 20:31:43,20,N,Non-Peak,23.194874603857404
2025-09-11 16:13:10,16,N,Peak,0.0
2026-09-21 08:16:20,8,W,Non-Peak,22.871807308483596
2026-09-01 11:08:08,11,E,Non-Peak,22.998013536844557
2026-09-16 16:53:05,16,E,Peak,15.290322509699113
2026-09-01 10:41:54,10,N,Non-Peak,26.341763101173918
2026-09-13 15:24:44,15,E,Non-Peak,25.28243623320356
2025-09-02 17:31:06,17,N,Peak,0.0
2026-09-26 02:28:20,2,N,Non-Peak,29.83185605108059
2025-09-12 17:49:58,17,N,Peak,0.0
